[0.103s] DEBUG:colcon:Command line arguments: ['/usr/bin/colcon', 'build']
[0.103s] DEBUG:colcon:Parsed command line arguments: Namespace(log_base=None, log_level=None, verb_name='build', build_base='build', install_base='install', merge_install=False, symlink_install=False, test_result_base=None, continue_on_error=False, executor='parallel', parallel_workers=16, event_handlers=None, ignore_user_meta=False, metas=['./colcon.meta'], base_paths=['.'], packages_ignore=None, packages_ignore_regex=None, paths=None, packages_up_to=None, packages_up_to_regex=None, packages_above=None, packages_above_and_dependencies=None, packages_above_depth=None, packages_select_by_dep=None, packages_skip_by_dep=None, packages_skip_up_to=None, packages_select_build_failed=False, packages_skip_build_finished=False, packages_select_test_failures=False, packages_skip_test_passed=False, packages_select=None, packages_skip=None, packages_select_regex=None, packages_skip_regex=None, packages_start=None, packages_end=None, allow_overriding=[], cmake_args=None, cmake_target=None, cmake_target_skip_unavailable=False, cmake_clean_cache=False, cmake_clean_first=False, cmake_force_configure=False, ament_cmake_args=None, catkin_cmake_args=None, catkin_skip_building_tests=False, verb_parser=<colcon_defaults.argument_parser.defaults.DefaultArgumentsDecorator object at 0x7c1b8aca0230>, verb_extension=<colcon_core.verb.build.BuildVerb object at 0x7c1b8adc0f50>, main=<bound method BuildVerb.main of <colcon_core.verb.build.BuildVerb object at 0x7c1b8adc0f50>>)
[0.146s] Level 1:colcon.colcon_core.package_discovery:discover_packages(colcon_meta) check parameters
[0.146s] Level 1:colcon.colcon_core.package_discovery:discover_packages(recursive) check parameters
[0.146s] Level 1:colcon.colcon_core.package_discovery:discover_packages(ignore) check parameters
[0.146s] Level 1:colcon.colcon_core.package_discovery:discover_packages(path) check parameters
[0.146s] Level 1:colcon.colcon_core.package_discovery:discover_packages(colcon_meta) discover
[0.146s] Level 1:colcon.colcon_core.package_discovery:discover_packages(recursive) discover
[0.146s] INFO:colcon.colcon_core.package_discovery:Crawling recursively for packages in '/home/ahmed/Desktop/Robotics'
[0.146s] Level 1:colcon.colcon_core.package_identification:_identify(.) by extensions ['ignore', 'ignore_ament_install']
[0.146s] Level 1:colcon.colcon_core.package_identification:_identify(.) by extension 'ignore'
[0.146s] Level 1:colcon.colcon_core.package_identification:_identify(.) by extension 'ignore_ament_install'
[0.146s] Level 1:colcon.colcon_core.package_identification:_identify(.) by extensions ['colcon_pkg']
[0.146s] Level 1:colcon.colcon_core.package_identification:_identify(.) by extension 'colcon_pkg'
[0.146s] Level 1:colcon.colcon_core.package_identification:_identify(.) by extensions ['colcon_meta']
[0.146s] Level 1:colcon.colcon_core.package_identification:_identify(.) by extension 'colcon_meta'
[0.146s] Level 1:colcon.colcon_core.package_identification:_identify(.) by extensions ['ros']
[0.146s] Level 1:colcon.colcon_core.package_identification:_identify(.) by extension 'ros'
[0.167s] Level 1:colcon.colcon_core.package_identification:_identify(.) by extensions ['cmake', 'python']
[0.167s] Level 1:colcon.colcon_core.package_identification:_identify(.) by extension 'cmake'
[0.167s] Level 1:colcon.colcon_core.package_identification:_identify(.) by extension 'python'
[0.167s] Level 1:colcon.colcon_core.package_identification:_identify(.) by extensions ['python_setup_py']
[0.167s] Level 1:colcon.colcon_core.package_identification:_identify(.) by extension 'python_setup_py'
[0.167s] Level 1:colcon.colcon_core.package_identification:_identify(build) by extensions ['ignore', 'ignore_ament_install']
[0.167s] Level 1:colcon.colcon_core.package_identification:_identify(build) by extension 'ignore'
[0.167s] Level 1:colcon.colcon_core.package_identification:_identify(build) ignored
[0.167s] Level 1:colcon.colcon_core.package_identification:_identify(install) by extensions ['ignore', 'ignore_ament_install']
[0.168s] Level 1:colcon.colcon_core.package_identification:_identify(install) by extension 'ignore'
[0.168s] Level 1:colcon.colcon_core.package_identification:_identify(install) ignored
[0.168s] Level 1:colcon.colcon_core.package_identification:_identify(log) by extensions ['ignore', 'ignore_ament_install']
[0.168s] Level 1:colcon.colcon_core.package_identification:_identify(log) by extension 'ignore'
[0.168s] Level 1:colcon.colcon_core.package_identification:_identify(log) ignored
[0.168s] Level 1:colcon.colcon_core.package_identification:_identify(models) by extensions ['ignore', 'ignore_ament_install']
[0.168s] Level 1:colcon.colcon_core.package_identification:_identify(models) by extension 'ignore'
[0.168s] Level 1:colcon.colcon_core.package_identification:_identify(models) by extension 'ignore_ament_install'
[0.168s] Level 1:colcon.colcon_core.package_identification:_identify(models) by extensions ['colcon_pkg']
[0.168s] Level 1:colcon.colcon_core.package_identification:_identify(models) by extension 'colcon_pkg'
[0.168s] Level 1:colcon.colcon_core.package_identification:_identify(models) by extensions ['colcon_meta']
[0.168s] Level 1:colcon.colcon_core.package_identification:_identify(models) by extension 'colcon_meta'
[0.168s] Level 1:colcon.colcon_core.package_identification:_identify(models) by extensions ['ros']
[0.168s] Level 1:colcon.colcon_core.package_identification:_identify(models) by extension 'ros'
[0.168s] Level 1:colcon.colcon_core.package_identification:_identify(models) by extensions ['cmake', 'python']
[0.168s] Level 1:colcon.colcon_core.package_identification:_identify(models) by extension 'cmake'
[0.168s] Level 1:colcon.colcon_core.package_identification:_identify(models) by extension 'python'
[0.168s] Level 1:colcon.colcon_core.package_identification:_identify(models) by extensions ['python_setup_py']
[0.168s] Level 1:colcon.colcon_core.package_identification:_identify(models) by extension 'python_setup_py'
[0.168s] Level 1:colcon.colcon_core.package_identification:_identify(models/mujoco_menagerie) by extensions ['ignore', 'ignore_ament_install']
[0.168s] Level 1:colcon.colcon_core.package_identification:_identify(models/mujoco_menagerie) by extension 'ignore'
[0.168s] Level 1:colcon.colcon_core.package_identification:_identify(models/mujoco_menagerie) by extension 'ignore_ament_install'
[0.168s] Level 1:colcon.colcon_core.package_identification:_identify(models/mujoco_menagerie) by extensions ['colcon_pkg']
[0.168s] Level 1:colcon.colcon_core.package_identification:_identify(models/mujoco_menagerie) by extension 'colcon_pkg'
[0.168s] Level 1:colcon.colcon_core.package_identification:_identify(models/mujoco_menagerie) by extensions ['colcon_meta']
[0.169s] Level 1:colcon.colcon_core.package_identification:_identify(models/mujoco_menagerie) by extension 'colcon_meta'
[0.169s] Level 1:colcon.colcon_core.package_identification:_identify(models/mujoco_menagerie) by extensions ['ros']
[0.169s] Level 1:colcon.colcon_core.package_identification:_identify(models/mujoco_menagerie) by extension 'ros'
[0.169s] Level 1:colcon.colcon_core.package_identification:_identify(models/mujoco_menagerie) by extensions ['cmake', 'python']
[0.169s] Level 1:colcon.colcon_core.package_identification:_identify(models/mujoco_menagerie) by extension 'cmake'
[0.169s] Level 1:colcon.colcon_core.package_identification:_identify(models/mujoco_menagerie) by extension 'python'
[0.169s] Level 1:colcon.colcon_core.package_identification:_identify(models/mujoco_menagerie) by extensions ['python_setup_py']
[0.169s] Level 1:colcon.colcon_core.package_identification:_identify(models/mujoco_menagerie) by extension 'python_setup_py'
[0.169s] Level 1:colcon.colcon_core.package_identification:_identify(models/mujoco_menagerie/agilex_piper) by extensions ['ignore', 'ignore_ament_install']
[0.169s] Level 1:colcon.colcon_core.package_identification:_identify(models/mujoco_menagerie/agilex_piper) by extension 'ignore'
[0.169s] Level 1:colcon.colcon_core.package_identification:_identify(models/mujoco_menagerie/agilex_piper) by extension 'ignore_ament_install'
[0.169s] Level 1:colcon.colcon_core.package_identification:_identify(models/mujoco_menagerie/agilex_piper) by extensions ['colcon_pkg']
[0.169s] Level 1:colcon.colcon_core.package_identification:_identify(models/mujoco_menagerie/agilex_piper) by extension 'colcon_pkg'
[0.169s] Level 1:colcon.colcon_core.package_identification:_identify(models/mujoco_menagerie/agilex_piper) by extensions ['colcon_meta']
[0.169s] Level 1:colcon.colcon_core.package_identification:_identify(models/mujoco_menagerie/agilex_piper) by extension 'colcon_meta'
[0.169s] Level 1:colcon.colcon_core.package_identification:_identify(models/mujoco_menagerie/agilex_piper) by extensions ['ros']
[0.169s] Level 1:colcon.colcon_core.package_identification:_identify(models/mujoco_menagerie/agilex_piper) by extension 'ros'
[0.169s] Level 1:colcon.colcon_core.package_identification:_identify(models/mujoco_menagerie/agilex_piper) by extensions ['cmake', 'python']
[0.169s] Level 1:colcon.colcon_core.package_identification:_identify(models/mujoco_menagerie/agilex_piper) by extension 'cmake'
[0.169s] Level 1:colcon.colcon_core.package_identification:_identify(models/mujoco_menagerie/agilex_piper) by extension 'python'
[0.169s] Level 1:colcon.colcon_core.package_identification:_identify(models/mujoco_menagerie/agilex_piper) by extensions ['python_setup_py']
[0.169s] Level 1:colcon.colcon_core.package_identification:_identify(models/mujoco_menagerie/agilex_piper) by extension 'python_setup_py'
[0.169s] Level 1:colcon.colcon_core.package_identification:_identify(models/mujoco_menagerie/agilex_piper/assets) by extensions ['ignore', 'ignore_ament_install']
[0.169s] Level 1:colcon.colcon_core.package_identification:_identify(models/mujoco_menagerie/agilex_piper/assets) by extension 'ignore'
[0.170s] Level 1:colcon.colcon_core.package_identification:_identify(models/mujoco_menagerie/agilex_piper/assets) by extension 'ignore_ament_install'
[0.170s] Level 1:colcon.colcon_core.package_identification:_identify(models/mujoco_menagerie/agilex_piper/assets) by extensions ['colcon_pkg']
[0.170s] Level 1:colcon.colcon_core.package_identification:_identify(models/mujoco_menagerie/agilex_piper/assets) by extension 'colcon_pkg'
[0.170s] Level 1:colcon.colcon_core.package_identification:_identify(models/mujoco_menagerie/agilex_piper/assets) by extensions ['colcon_meta']
[0.170s] Level 1:colcon.colcon_core.package_identification:_identify(models/mujoco_menagerie/agilex_piper/assets) by extension 'colcon_meta'
[0.170s] Level 1:colcon.colcon_core.package_identification:_identify(models/mujoco_menagerie/agilex_piper/assets) by extensions ['ros']
[0.170s] Level 1:colcon.colcon_core.package_identification:_identify(models/mujoco_menagerie/agilex_piper/assets) by extension 'ros'
[0.170s] Level 1:colcon.colcon_core.package_identification:_identify(models/mujoco_menagerie/agilex_piper/assets) by extensions ['cmake', 'python']
[0.170s] Level 1:colcon.colcon_core.package_identification:_identify(models/mujoco_menagerie/agilex_piper/assets) by extension 'cmake'
[0.170s] Level 1:colcon.colcon_core.package_identification:_identify(models/mujoco_menagerie/agilex_piper/assets) by extension 'python'
[0.170s] Level 1:colcon.colcon_core.package_identification:_identify(models/mujoco_menagerie/agilex_piper/assets) by extensions ['python_setup_py']
[0.170s] Level 1:colcon.colcon_core.package_identification:_identify(models/mujoco_menagerie/agilex_piper/assets) by extension 'python_setup_py'
[0.170s] Level 1:colcon.colcon_core.package_identification:_identify(models/mujoco_menagerie/agility_cassie) by extensions ['ignore', 'ignore_ament_install']
[0.170s] Level 1:colcon.colcon_core.package_identification:_identify(models/mujoco_menagerie/agility_cassie) by extension 'ignore'
[0.170s] Level 1:colcon.colcon_core.package_identification:_identify(models/mujoco_menagerie/agility_cassie) by extension 'ignore_ament_install'
[0.170s] Level 1:colcon.colcon_core.package_identification:_identify(models/mujoco_menagerie/agility_cassie) by extensions ['colcon_pkg']
[0.170s] Level 1:colcon.colcon_core.package_identification:_identify(models/mujoco_menagerie/agility_cassie) by extension 'colcon_pkg'
[0.170s] Level 1:colcon.colcon_core.package_identification:_identify(models/mujoco_menagerie/agility_cassie) by extensions ['colcon_meta']
[0.170s] Level 1:colcon.colcon_core.package_identification:_identify(models/mujoco_menagerie/agility_cassie) by extension 'colcon_meta'
[0.170s] Level 1:colcon.colcon_core.package_identification:_identify(models/mujoco_menagerie/agility_cassie) by extensions ['ros']
[0.170s] Level 1:colcon.colcon_core.package_identification:_identify(models/mujoco_menagerie/agility_cassie) by extension 'ros'
[0.170s] Level 1:colcon.colcon_core.package_identification:_identify(models/mujoco_menagerie/agility_cassie) by extensions ['cmake', 'python']
[0.170s] Level 1:colcon.colcon_core.package_identification:_identify(models/mujoco_menagerie/agility_cassie) by extension 'cmake'
[0.170s] Level 1:colcon.colcon_core.package_identification:_identify(models/mujoco_menagerie/agility_cassie) by extension 'python'
[0.170s] Level 1:colcon.colcon_core.package_identification:_identify(models/mujoco_menagerie/agility_cassie) by extensions ['python_setup_py']
[0.170s] Level 1:colcon.colcon_core.package_identification:_identify(models/mujoco_menagerie/agility_cassie) by extension 'python_setup_py'
[0.170s] Level 1:colcon.colcon_core.package_identification:_identify(models/mujoco_menagerie/agility_cassie/assets) by extensions ['ignore', 'ignore_ament_install']
[0.171s] Level 1:colcon.colcon_core.package_identification:_identify(models/mujoco_menagerie/agility_cassie/assets) by extension 'ignore'
[0.171s] Level 1:colcon.colcon_core.package_identification:_identify(models/mujoco_menagerie/agility_cassie/assets) by extension 'ignore_ament_install'
[0.171s] Level 1:colcon.colcon_core.package_identification:_identify(models/mujoco_menagerie/agility_cassie/assets) by extensions ['colcon_pkg']
[0.171s] Level 1:colcon.colcon_core.package_identification:_identify(models/mujoco_menagerie/agility_cassie/assets) by extension 'colcon_pkg'
[0.171s] Level 1:colcon.colcon_core.package_identification:_identify(models/mujoco_menagerie/agility_cassie/assets) by extensions ['colcon_meta']
[0.171s] Level 1:colcon.colcon_core.package_identification:_identify(models/mujoco_menagerie/agility_cassie/assets) by extension 'colcon_meta'
[0.171s] Level 1:colcon.colcon_core.package_identification:_identify(models/mujoco_menagerie/agility_cassie/assets) by extensions ['ros']
[0.171s] Level 1:colcon.colcon_core.package_identification:_identify(models/mujoco_menagerie/agility_cassie/assets) by extension 'ros'
[0.171s] Level 1:colcon.colcon_core.package_identification:_identify(models/mujoco_menagerie/agility_cassie/assets) by extensions ['cmake', 'python']
[0.171s] Level 1:colcon.colcon_core.package_identification:_identify(models/mujoco_menagerie/agility_cassie/assets) by extension 'cmake'
[0.171s] Level 1:colcon.colcon_core.package_identification:_identify(models/mujoco_menagerie/agility_cassie/assets) by extension 'python'
[0.171s] Level 1:colcon.colcon_core.package_identification:_identify(models/mujoco_menagerie/agility_cassie/assets) by extensions ['python_setup_py']
[0.171s] Level 1:colcon.colcon_core.package_identification:_identify(models/mujoco_menagerie/agility_cassie/assets) by extension 'python_setup_py'
[0.171s] Level 1:colcon.colcon_core.package_identification:_identify(models/mujoco_menagerie/aloha) by extensions ['ignore', 'ignore_ament_install']
[0.171s] Level 1:colcon.colcon_core.package_identification:_identify(models/mujoco_menagerie/aloha) by extension 'ignore'
[0.171s] Level 1:colcon.colcon_core.package_identification:_identify(models/mujoco_menagerie/aloha) by extension 'ignore_ament_install'
[0.171s] Level 1:colcon.colcon_core.package_identification:_identify(models/mujoco_menagerie/aloha) by extensions ['colcon_pkg']
[0.171s] Level 1:colcon.colcon_core.package_identification:_identify(models/mujoco_menagerie/aloha) by extension 'colcon_pkg'
[0.171s] Level 1:colcon.colcon_core.package_identification:_identify(models/mujoco_menagerie/aloha) by extensions ['colcon_meta']
[0.171s] Level 1:colcon.colcon_core.package_identification:_identify(models/mujoco_menagerie/aloha) by extension 'colcon_meta'
[0.171s] Level 1:colcon.colcon_core.package_identification:_identify(models/mujoco_menagerie/aloha) by extensions ['ros']
[0.171s] Level 1:colcon.colcon_core.package_identification:_identify(models/mujoco_menagerie/aloha) by extension 'ros'
[0.171s] Level 1:colcon.colcon_core.package_identification:_identify(models/mujoco_menagerie/aloha) by extensions ['cmake', 'python']
[0.171s] Level 1:colcon.colcon_core.package_identification:_identify(models/mujoco_menagerie/aloha) by extension 'cmake'
[0.171s] Level 1:colcon.colcon_core.package_identification:_identify(models/mujoco_menagerie/aloha) by extension 'python'
[0.171s] Level 1:colcon.colcon_core.package_identification:_identify(models/mujoco_menagerie/aloha) by extensions ['python_setup_py']
[0.171s] Level 1:colcon.colcon_core.package_identification:_identify(models/mujoco_menagerie/aloha) by extension 'python_setup_py'
[0.171s] Level 1:colcon.colcon_core.package_identification:_identify(models/mujoco_menagerie/aloha/assets) by extensions ['ignore', 'ignore_ament_install']
[0.172s] Level 1:colcon.colcon_core.package_identification:_identify(models/mujoco_menagerie/aloha/assets) by extension 'ignore'
[0.172s] Level 1:colcon.colcon_core.package_identification:_identify(models/mujoco_menagerie/aloha/assets) by extension 'ignore_ament_install'
[0.172s] Level 1:colcon.colcon_core.package_identification:_identify(models/mujoco_menagerie/aloha/assets) by extensions ['colcon_pkg']
[0.172s] Level 1:colcon.colcon_core.package_identification:_identify(models/mujoco_menagerie/aloha/assets) by extension 'colcon_pkg'
[0.172s] Level 1:colcon.colcon_core.package_identification:_identify(models/mujoco_menagerie/aloha/assets) by extensions ['colcon_meta']
[0.172s] Level 1:colcon.colcon_core.package_identification:_identify(models/mujoco_menagerie/aloha/assets) by extension 'colcon_meta'
[0.172s] Level 1:colcon.colcon_core.package_identification:_identify(models/mujoco_menagerie/aloha/assets) by extensions ['ros']
[0.172s] Level 1:colcon.colcon_core.package_identification:_identify(models/mujoco_menagerie/aloha/assets) by extension 'ros'
[0.172s] Level 1:colcon.colcon_core.package_identification:_identify(models/mujoco_menagerie/aloha/assets) by extensions ['cmake', 'python']
[0.172s] Level 1:colcon.colcon_core.package_identification:_identify(models/mujoco_menagerie/aloha/assets) by extension 'cmake'
[0.172s] Level 1:colcon.colcon_core.package_identification:_identify(models/mujoco_menagerie/aloha/assets) by extension 'python'
[0.172s] Level 1:colcon.colcon_core.package_identification:_identify(models/mujoco_menagerie/aloha/assets) by extensions ['python_setup_py']
[0.172s] Level 1:colcon.colcon_core.package_identification:_identify(models/mujoco_menagerie/aloha/assets) by extension 'python_setup_py'
[0.172s] Level 1:colcon.colcon_core.package_identification:_identify(models/mujoco_menagerie/anybotics_anymal_b) by extensions ['ignore', 'ignore_ament_install']
[0.172s] Level 1:colcon.colcon_core.package_identification:_identify(models/mujoco_menagerie/anybotics_anymal_b) by extension 'ignore'
[0.172s] Level 1:colcon.colcon_core.package_identification:_identify(models/mujoco_menagerie/anybotics_anymal_b) by extension 'ignore_ament_install'
[0.172s] Level 1:colcon.colcon_core.package_identification:_identify(models/mujoco_menagerie/anybotics_anymal_b) by extensions ['colcon_pkg']
[0.172s] Level 1:colcon.colcon_core.package_identification:_identify(models/mujoco_menagerie/anybotics_anymal_b) by extension 'colcon_pkg'
[0.172s] Level 1:colcon.colcon_core.package_identification:_identify(models/mujoco_menagerie/anybotics_anymal_b) by extensions ['colcon_meta']
[0.172s] Level 1:colcon.colcon_core.package_identification:_identify(models/mujoco_menagerie/anybotics_anymal_b) by extension 'colcon_meta'
[0.172s] Level 1:colcon.colcon_core.package_identification:_identify(models/mujoco_menagerie/anybotics_anymal_b) by extensions ['ros']
[0.172s] Level 1:colcon.colcon_core.package_identification:_identify(models/mujoco_menagerie/anybotics_anymal_b) by extension 'ros'
[0.172s] Level 1:colcon.colcon_core.package_identification:_identify(models/mujoco_menagerie/anybotics_anymal_b) by extensions ['cmake', 'python']
[0.172s] Level 1:colcon.colcon_core.package_identification:_identify(models/mujoco_menagerie/anybotics_anymal_b) by extension 'cmake'
[0.172s] Level 1:colcon.colcon_core.package_identification:_identify(models/mujoco_menagerie/anybotics_anymal_b) by extension 'python'
[0.172s] Level 1:colcon.colcon_core.package_identification:_identify(models/mujoco_menagerie/anybotics_anymal_b) by extensions ['python_setup_py']
[0.172s] Level 1:colcon.colcon_core.package_identification:_identify(models/mujoco_menagerie/anybotics_anymal_b) by extension 'python_setup_py'
[0.172s] Level 1:colcon.colcon_core.package_identification:_identify(models/mujoco_menagerie/anybotics_anymal_b/assets) by extensions ['ignore', 'ignore_ament_install']
[0.172s] Level 1:colcon.colcon_core.package_identification:_identify(models/mujoco_menagerie/anybotics_anymal_b/assets) by extension 'ignore'
[0.173s] Level 1:colcon.colcon_core.package_identification:_identify(models/mujoco_menagerie/anybotics_anymal_b/assets) by extension 'ignore_ament_install'
[0.173s] Level 1:colcon.colcon_core.package_identification:_identify(models/mujoco_menagerie/anybotics_anymal_b/assets) by extensions ['colcon_pkg']
[0.173s] Level 1:colcon.colcon_core.package_identification:_identify(models/mujoco_menagerie/anybotics_anymal_b/assets) by extension 'colcon_pkg'
[0.173s] Level 1:colcon.colcon_core.package_identification:_identify(models/mujoco_menagerie/anybotics_anymal_b/assets) by extensions ['colcon_meta']
[0.173s] Level 1:colcon.colcon_core.package_identification:_identify(models/mujoco_menagerie/anybotics_anymal_b/assets) by extension 'colcon_meta'
[0.173s] Level 1:colcon.colcon_core.package_identification:_identify(models/mujoco_menagerie/anybotics_anymal_b/assets) by extensions ['ros']
[0.173s] Level 1:colcon.colcon_core.package_identification:_identify(models/mujoco_menagerie/anybotics_anymal_b/assets) by extension 'ros'
[0.173s] Level 1:colcon.colcon_core.package_identification:_identify(models/mujoco_menagerie/anybotics_anymal_b/assets) by extensions ['cmake', 'python']
[0.173s] Level 1:colcon.colcon_core.package_identification:_identify(models/mujoco_menagerie/anybotics_anymal_b/assets) by extension 'cmake'
[0.173s] Level 1:colcon.colcon_core.package_identification:_identify(models/mujoco_menagerie/anybotics_anymal_b/assets) by extension 'python'
[0.173s] Level 1:colcon.colcon_core.package_identification:_identify(models/mujoco_menagerie/anybotics_anymal_b/assets) by extensions ['python_setup_py']
[0.173s] Level 1:colcon.colcon_core.package_identification:_identify(models/mujoco_menagerie/anybotics_anymal_b/assets) by extension 'python_setup_py'
[0.173s] Level 1:colcon.colcon_core.package_identification:_identify(models/mujoco_menagerie/anybotics_anymal_c) by extensions ['ignore', 'ignore_ament_install']
[0.173s] Level 1:colcon.colcon_core.package_identification:_identify(models/mujoco_menagerie/anybotics_anymal_c) by extension 'ignore'
[0.173s] Level 1:colcon.colcon_core.package_identification:_identify(models/mujoco_menagerie/anybotics_anymal_c) by extension 'ignore_ament_install'
[0.173s] Level 1:colcon.colcon_core.package_identification:_identify(models/mujoco_menagerie/anybotics_anymal_c) by extensions ['colcon_pkg']
[0.173s] Level 1:colcon.colcon_core.package_identification:_identify(models/mujoco_menagerie/anybotics_anymal_c) by extension 'colcon_pkg'
[0.173s] Level 1:colcon.colcon_core.package_identification:_identify(models/mujoco_menagerie/anybotics_anymal_c) by extensions ['colcon_meta']
[0.173s] Level 1:colcon.colcon_core.package_identification:_identify(models/mujoco_menagerie/anybotics_anymal_c) by extension 'colcon_meta'
[0.173s] Level 1:colcon.colcon_core.package_identification:_identify(models/mujoco_menagerie/anybotics_anymal_c) by extensions ['ros']
[0.173s] Level 1:colcon.colcon_core.package_identification:_identify(models/mujoco_menagerie/anybotics_anymal_c) by extension 'ros'
[0.173s] Level 1:colcon.colcon_core.package_identification:_identify(models/mujoco_menagerie/anybotics_anymal_c) by extensions ['cmake', 'python']
[0.173s] Level 1:colcon.colcon_core.package_identification:_identify(models/mujoco_menagerie/anybotics_anymal_c) by extension 'cmake'
[0.173s] Level 1:colcon.colcon_core.package_identification:_identify(models/mujoco_menagerie/anybotics_anymal_c) by extension 'python'
[0.173s] Level 1:colcon.colcon_core.package_identification:_identify(models/mujoco_menagerie/anybotics_anymal_c) by extensions ['python_setup_py']
[0.173s] Level 1:colcon.colcon_core.package_identification:_identify(models/mujoco_menagerie/anybotics_anymal_c) by extension 'python_setup_py'
[0.173s] Level 1:colcon.colcon_core.package_identification:_identify(models/mujoco_menagerie/anybotics_anymal_c/assets) by extensions ['ignore', 'ignore_ament_install']
[0.173s] Level 1:colcon.colcon_core.package_identification:_identify(models/mujoco_menagerie/anybotics_anymal_c/assets) by extension 'ignore'
[0.174s] Level 1:colcon.colcon_core.package_identification:_identify(models/mujoco_menagerie/anybotics_anymal_c/assets) by extension 'ignore_ament_install'
[0.174s] Level 1:colcon.colcon_core.package_identification:_identify(models/mujoco_menagerie/anybotics_anymal_c/assets) by extensions ['colcon_pkg']
[0.174s] Level 1:colcon.colcon_core.package_identification:_identify(models/mujoco_menagerie/anybotics_anymal_c/assets) by extension 'colcon_pkg'
[0.174s] Level 1:colcon.colcon_core.package_identification:_identify(models/mujoco_menagerie/anybotics_anymal_c/assets) by extensions ['colcon_meta']
[0.174s] Level 1:colcon.colcon_core.package_identification:_identify(models/mujoco_menagerie/anybotics_anymal_c/assets) by extension 'colcon_meta'
[0.174s] Level 1:colcon.colcon_core.package_identification:_identify(models/mujoco_menagerie/anybotics_anymal_c/assets) by extensions ['ros']
[0.174s] Level 1:colcon.colcon_core.package_identification:_identify(models/mujoco_menagerie/anybotics_anymal_c/assets) by extension 'ros'
[0.174s] Level 1:colcon.colcon_core.package_identification:_identify(models/mujoco_menagerie/anybotics_anymal_c/assets) by extensions ['cmake', 'python']
[0.174s] Level 1:colcon.colcon_core.package_identification:_identify(models/mujoco_menagerie/anybotics_anymal_c/assets) by extension 'cmake'
[0.174s] Level 1:colcon.colcon_core.package_identification:_identify(models/mujoco_menagerie/anybotics_anymal_c/assets) by extension 'python'
[0.174s] Level 1:colcon.colcon_core.package_identification:_identify(models/mujoco_menagerie/anybotics_anymal_c/assets) by extensions ['python_setup_py']
[0.174s] Level 1:colcon.colcon_core.package_identification:_identify(models/mujoco_menagerie/anybotics_anymal_c/assets) by extension 'python_setup_py'
[0.174s] Level 1:colcon.colcon_core.package_identification:_identify(models/mujoco_menagerie/apptronik_apollo) by extensions ['ignore', 'ignore_ament_install']
[0.174s] Level 1:colcon.colcon_core.package_identification:_identify(models/mujoco_menagerie/apptronik_apollo) by extension 'ignore'
[0.174s] Level 1:colcon.colcon_core.package_identification:_identify(models/mujoco_menagerie/apptronik_apollo) by extension 'ignore_ament_install'
[0.174s] Level 1:colcon.colcon_core.package_identification:_identify(models/mujoco_menagerie/apptronik_apollo) by extensions ['colcon_pkg']
[0.174s] Level 1:colcon.colcon_core.package_identification:_identify(models/mujoco_menagerie/apptronik_apollo) by extension 'colcon_pkg'
[0.174s] Level 1:colcon.colcon_core.package_identification:_identify(models/mujoco_menagerie/apptronik_apollo) by extensions ['colcon_meta']
[0.174s] Level 1:colcon.colcon_core.package_identification:_identify(models/mujoco_menagerie/apptronik_apollo) by extension 'colcon_meta'
[0.174s] Level 1:colcon.colcon_core.package_identification:_identify(models/mujoco_menagerie/apptronik_apollo) by extensions ['ros']
[0.174s] Level 1:colcon.colcon_core.package_identification:_identify(models/mujoco_menagerie/apptronik_apollo) by extension 'ros'
[0.174s] Level 1:colcon.colcon_core.package_identification:_identify(models/mujoco_menagerie/apptronik_apollo) by extensions ['cmake', 'python']
[0.174s] Level 1:colcon.colcon_core.package_identification:_identify(models/mujoco_menagerie/apptronik_apollo) by extension 'cmake'
[0.174s] Level 1:colcon.colcon_core.package_identification:_identify(models/mujoco_menagerie/apptronik_apollo) by extension 'python'
[0.174s] Level 1:colcon.colcon_core.package_identification:_identify(models/mujoco_menagerie/apptronik_apollo) by extensions ['python_setup_py']
[0.174s] Level 1:colcon.colcon_core.package_identification:_identify(models/mujoco_menagerie/apptronik_apollo) by extension 'python_setup_py'
[0.174s] Level 1:colcon.colcon_core.package_identification:_identify(models/mujoco_menagerie/apptronik_apollo/assets) by extensions ['ignore', 'ignore_ament_install']
[0.174s] Level 1:colcon.colcon_core.package_identification:_identify(models/mujoco_menagerie/apptronik_apollo/assets) by extension 'ignore'
[0.174s] Level 1:colcon.colcon_core.package_identification:_identify(models/mujoco_menagerie/apptronik_apollo/assets) by extension 'ignore_ament_install'
[0.175s] Level 1:colcon.colcon_core.package_identification:_identify(models/mujoco_menagerie/apptronik_apollo/assets) by extensions ['colcon_pkg']
[0.175s] Level 1:colcon.colcon_core.package_identification:_identify(models/mujoco_menagerie/apptronik_apollo/assets) by extension 'colcon_pkg'
[0.175s] Level 1:colcon.colcon_core.package_identification:_identify(models/mujoco_menagerie/apptronik_apollo/assets) by extensions ['colcon_meta']
[0.175s] Level 1:colcon.colcon_core.package_identification:_identify(models/mujoco_menagerie/apptronik_apollo/assets) by extension 'colcon_meta'
[0.175s] Level 1:colcon.colcon_core.package_identification:_identify(models/mujoco_menagerie/apptronik_apollo/assets) by extensions ['ros']
[0.175s] Level 1:colcon.colcon_core.package_identification:_identify(models/mujoco_menagerie/apptronik_apollo/assets) by extension 'ros'
[0.175s] Level 1:colcon.colcon_core.package_identification:_identify(models/mujoco_menagerie/apptronik_apollo/assets) by extensions ['cmake', 'python']
[0.175s] Level 1:colcon.colcon_core.package_identification:_identify(models/mujoco_menagerie/apptronik_apollo/assets) by extension 'cmake'
[0.175s] Level 1:colcon.colcon_core.package_identification:_identify(models/mujoco_menagerie/apptronik_apollo/assets) by extension 'python'
[0.175s] Level 1:colcon.colcon_core.package_identification:_identify(models/mujoco_menagerie/apptronik_apollo/assets) by extensions ['python_setup_py']
[0.175s] Level 1:colcon.colcon_core.package_identification:_identify(models/mujoco_menagerie/apptronik_apollo/assets) by extension 'python_setup_py'
[0.175s] Level 1:colcon.colcon_core.package_identification:_identify(models/mujoco_menagerie/apptronik_apollo/assets/ability_hand) by extensions ['ignore', 'ignore_ament_install']
[0.175s] Level 1:colcon.colcon_core.package_identification:_identify(models/mujoco_menagerie/apptronik_apollo/assets/ability_hand) by extension 'ignore'
[0.175s] Level 1:colcon.colcon_core.package_identification:_identify(models/mujoco_menagerie/apptronik_apollo/assets/ability_hand) by extension 'ignore_ament_install'
[0.175s] Level 1:colcon.colcon_core.package_identification:_identify(models/mujoco_menagerie/apptronik_apollo/assets/ability_hand) by extensions ['colcon_pkg']
[0.175s] Level 1:colcon.colcon_core.package_identification:_identify(models/mujoco_menagerie/apptronik_apollo/assets/ability_hand) by extension 'colcon_pkg'
[0.175s] Level 1:colcon.colcon_core.package_identification:_identify(models/mujoco_menagerie/apptronik_apollo/assets/ability_hand) by extensions ['colcon_meta']
[0.175s] Level 1:colcon.colcon_core.package_identification:_identify(models/mujoco_menagerie/apptronik_apollo/assets/ability_hand) by extension 'colcon_meta'
[0.175s] Level 1:colcon.colcon_core.package_identification:_identify(models/mujoco_menagerie/apptronik_apollo/assets/ability_hand) by extensions ['ros']
[0.175s] Level 1:colcon.colcon_core.package_identification:_identify(models/mujoco_menagerie/apptronik_apollo/assets/ability_hand) by extension 'ros'
[0.175s] Level 1:colcon.colcon_core.package_identification:_identify(models/mujoco_menagerie/apptronik_apollo/assets/ability_hand) by extensions ['cmake', 'python']
[0.175s] Level 1:colcon.colcon_core.package_identification:_identify(models/mujoco_menagerie/apptronik_apollo/assets/ability_hand) by extension 'cmake'
[0.175s] Level 1:colcon.colcon_core.package_identification:_identify(models/mujoco_menagerie/apptronik_apollo/assets/ability_hand) by extension 'python'
[0.175s] Level 1:colcon.colcon_core.package_identification:_identify(models/mujoco_menagerie/apptronik_apollo/assets/ability_hand) by extensions ['python_setup_py']
[0.175s] Level 1:colcon.colcon_core.package_identification:_identify(models/mujoco_menagerie/apptronik_apollo/assets/ability_hand) by extension 'python_setup_py'
[0.175s] Level 1:colcon.colcon_core.package_identification:_identify(models/mujoco_menagerie/arx_l5) by extensions ['ignore', 'ignore_ament_install']
[0.175s] Level 1:colcon.colcon_core.package_identification:_identify(models/mujoco_menagerie/arx_l5) by extension 'ignore'
[0.176s] Level 1:colcon.colcon_core.package_identification:_identify(models/mujoco_menagerie/arx_l5) by extension 'ignore_ament_install'
[0.176s] Level 1:colcon.colcon_core.package_identification:_identify(models/mujoco_menagerie/arx_l5) by extensions ['colcon_pkg']
[0.176s] Level 1:colcon.colcon_core.package_identification:_identify(models/mujoco_menagerie/arx_l5) by extension 'colcon_pkg'
[0.176s] Level 1:colcon.colcon_core.package_identification:_identify(models/mujoco_menagerie/arx_l5) by extensions ['colcon_meta']
[0.176s] Level 1:colcon.colcon_core.package_identification:_identify(models/mujoco_menagerie/arx_l5) by extension 'colcon_meta'
[0.176s] Level 1:colcon.colcon_core.package_identification:_identify(models/mujoco_menagerie/arx_l5) by extensions ['ros']
[0.176s] Level 1:colcon.colcon_core.package_identification:_identify(models/mujoco_menagerie/arx_l5) by extension 'ros'
[0.176s] Level 1:colcon.colcon_core.package_identification:_identify(models/mujoco_menagerie/arx_l5) by extensions ['cmake', 'python']
[0.176s] Level 1:colcon.colcon_core.package_identification:_identify(models/mujoco_menagerie/arx_l5) by extension 'cmake'
[0.176s] Level 1:colcon.colcon_core.package_identification:_identify(models/mujoco_menagerie/arx_l5) by extension 'python'
[0.176s] Level 1:colcon.colcon_core.package_identification:_identify(models/mujoco_menagerie/arx_l5) by extensions ['python_setup_py']
[0.176s] Level 1:colcon.colcon_core.package_identification:_identify(models/mujoco_menagerie/arx_l5) by extension 'python_setup_py'
[0.176s] Level 1:colcon.colcon_core.package_identification:_identify(models/mujoco_menagerie/arx_l5/assets) by extensions ['ignore', 'ignore_ament_install']
[0.176s] Level 1:colcon.colcon_core.package_identification:_identify(models/mujoco_menagerie/arx_l5/assets) by extension 'ignore'
[0.176s] Level 1:colcon.colcon_core.package_identification:_identify(models/mujoco_menagerie/arx_l5/assets) by extension 'ignore_ament_install'
[0.176s] Level 1:colcon.colcon_core.package_identification:_identify(models/mujoco_menagerie/arx_l5/assets) by extensions ['colcon_pkg']
[0.176s] Level 1:colcon.colcon_core.package_identification:_identify(models/mujoco_menagerie/arx_l5/assets) by extension 'colcon_pkg'
[0.176s] Level 1:colcon.colcon_core.package_identification:_identify(models/mujoco_menagerie/arx_l5/assets) by extensions ['colcon_meta']
[0.176s] Level 1:colcon.colcon_core.package_identification:_identify(models/mujoco_menagerie/arx_l5/assets) by extension 'colcon_meta'
[0.176s] Level 1:colcon.colcon_core.package_identification:_identify(models/mujoco_menagerie/arx_l5/assets) by extensions ['ros']
[0.176s] Level 1:colcon.colcon_core.package_identification:_identify(models/mujoco_menagerie/arx_l5/assets) by extension 'ros'
[0.176s] Level 1:colcon.colcon_core.package_identification:_identify(models/mujoco_menagerie/arx_l5/assets) by extensions ['cmake', 'python']
[0.176s] Level 1:colcon.colcon_core.package_identification:_identify(models/mujoco_menagerie/arx_l5/assets) by extension 'cmake'
[0.176s] Level 1:colcon.colcon_core.package_identification:_identify(models/mujoco_menagerie/arx_l5/assets) by extension 'python'
[0.176s] Level 1:colcon.colcon_core.package_identification:_identify(models/mujoco_menagerie/arx_l5/assets) by extensions ['python_setup_py']
[0.176s] Level 1:colcon.colcon_core.package_identification:_identify(models/mujoco_menagerie/arx_l5/assets) by extension 'python_setup_py'
[0.176s] Level 1:colcon.colcon_core.package_identification:_identify(models/mujoco_menagerie/assets) by extensions ['ignore', 'ignore_ament_install']
[0.177s] Level 1:colcon.colcon_core.package_identification:_identify(models/mujoco_menagerie/assets) by extension 'ignore'
[0.177s] Level 1:colcon.colcon_core.package_identification:_identify(models/mujoco_menagerie/assets) by extension 'ignore_ament_install'
[0.177s] Level 1:colcon.colcon_core.package_identification:_identify(models/mujoco_menagerie/assets) by extensions ['colcon_pkg']
[0.177s] Level 1:colcon.colcon_core.package_identification:_identify(models/mujoco_menagerie/assets) by extension 'colcon_pkg'
[0.177s] Level 1:colcon.colcon_core.package_identification:_identify(models/mujoco_menagerie/assets) by extensions ['colcon_meta']
[0.177s] Level 1:colcon.colcon_core.package_identification:_identify(models/mujoco_menagerie/assets) by extension 'colcon_meta'
[0.177s] Level 1:colcon.colcon_core.package_identification:_identify(models/mujoco_menagerie/assets) by extensions ['ros']
[0.177s] Level 1:colcon.colcon_core.package_identification:_identify(models/mujoco_menagerie/assets) by extension 'ros'
[0.177s] Level 1:colcon.colcon_core.package_identification:_identify(models/mujoco_menagerie/assets) by extensions ['cmake', 'python']
[0.177s] Level 1:colcon.colcon_core.package_identification:_identify(models/mujoco_menagerie/assets) by extension 'cmake'
[0.177s] Level 1:colcon.colcon_core.package_identification:_identify(models/mujoco_menagerie/assets) by extension 'python'
[0.177s] Level 1:colcon.colcon_core.package_identification:_identify(models/mujoco_menagerie/assets) by extensions ['python_setup_py']
[0.177s] Level 1:colcon.colcon_core.package_identification:_identify(models/mujoco_menagerie/assets) by extension 'python_setup_py'
[0.177s] Level 1:colcon.colcon_core.package_identification:_identify(models/mujoco_menagerie/berkeley_humanoid) by extensions ['ignore', 'ignore_ament_install']
[0.177s] Level 1:colcon.colcon_core.package_identification:_identify(models/mujoco_menagerie/berkeley_humanoid) by extension 'ignore'
[0.177s] Level 1:colcon.colcon_core.package_identification:_identify(models/mujoco_menagerie/berkeley_humanoid) by extension 'ignore_ament_install'
[0.177s] Level 1:colcon.colcon_core.package_identification:_identify(models/mujoco_menagerie/berkeley_humanoid) by extensions ['colcon_pkg']
[0.177s] Level 1:colcon.colcon_core.package_identification:_identify(models/mujoco_menagerie/berkeley_humanoid) by extension 'colcon_pkg'
[0.177s] Level 1:colcon.colcon_core.package_identification:_identify(models/mujoco_menagerie/berkeley_humanoid) by extensions ['colcon_meta']
[0.177s] Level 1:colcon.colcon_core.package_identification:_identify(models/mujoco_menagerie/berkeley_humanoid) by extension 'colcon_meta'
[0.177s] Level 1:colcon.colcon_core.package_identification:_identify(models/mujoco_menagerie/berkeley_humanoid) by extensions ['ros']
[0.177s] Level 1:colcon.colcon_core.package_identification:_identify(models/mujoco_menagerie/berkeley_humanoid) by extension 'ros'
[0.177s] Level 1:colcon.colcon_core.package_identification:_identify(models/mujoco_menagerie/berkeley_humanoid) by extensions ['cmake', 'python']
[0.177s] Level 1:colcon.colcon_core.package_identification:_identify(models/mujoco_menagerie/berkeley_humanoid) by extension 'cmake'
[0.177s] Level 1:colcon.colcon_core.package_identification:_identify(models/mujoco_menagerie/berkeley_humanoid) by extension 'python'
[0.177s] Level 1:colcon.colcon_core.package_identification:_identify(models/mujoco_menagerie/berkeley_humanoid) by extensions ['python_setup_py']
[0.177s] Level 1:colcon.colcon_core.package_identification:_identify(models/mujoco_menagerie/berkeley_humanoid) by extension 'python_setup_py'
[0.177s] Level 1:colcon.colcon_core.package_identification:_identify(models/mujoco_menagerie/berkeley_humanoid/assets) by extensions ['ignore', 'ignore_ament_install']
[0.177s] Level 1:colcon.colcon_core.package_identification:_identify(models/mujoco_menagerie/berkeley_humanoid/assets) by extension 'ignore'
[0.178s] Level 1:colcon.colcon_core.package_identification:_identify(models/mujoco_menagerie/berkeley_humanoid/assets) by extension 'ignore_ament_install'
[0.178s] Level 1:colcon.colcon_core.package_identification:_identify(models/mujoco_menagerie/berkeley_humanoid/assets) by extensions ['colcon_pkg']
[0.178s] Level 1:colcon.colcon_core.package_identification:_identify(models/mujoco_menagerie/berkeley_humanoid/assets) by extension 'colcon_pkg'
[0.178s] Level 1:colcon.colcon_core.package_identification:_identify(models/mujoco_menagerie/berkeley_humanoid/assets) by extensions ['colcon_meta']
[0.178s] Level 1:colcon.colcon_core.package_identification:_identify(models/mujoco_menagerie/berkeley_humanoid/assets) by extension 'colcon_meta'
[0.178s] Level 1:colcon.colcon_core.package_identification:_identify(models/mujoco_menagerie/berkeley_humanoid/assets) by extensions ['ros']
[0.178s] Level 1:colcon.colcon_core.package_identification:_identify(models/mujoco_menagerie/berkeley_humanoid/assets) by extension 'ros'
[0.178s] Level 1:colcon.colcon_core.package_identification:_identify(models/mujoco_menagerie/berkeley_humanoid/assets) by extensions ['cmake', 'python']
[0.178s] Level 1:colcon.colcon_core.package_identification:_identify(models/mujoco_menagerie/berkeley_humanoid/assets) by extension 'cmake'
[0.178s] Level 1:colcon.colcon_core.package_identification:_identify(models/mujoco_menagerie/berkeley_humanoid/assets) by extension 'python'
[0.178s] Level 1:colcon.colcon_core.package_identification:_identify(models/mujoco_menagerie/berkeley_humanoid/assets) by extensions ['python_setup_py']
[0.178s] Level 1:colcon.colcon_core.package_identification:_identify(models/mujoco_menagerie/berkeley_humanoid/assets) by extension 'python_setup_py'
[0.178s] Level 1:colcon.colcon_core.package_identification:_identify(models/mujoco_menagerie/bitcraze_crazyflie_2) by extensions ['ignore', 'ignore_ament_install']
[0.178s] Level 1:colcon.colcon_core.package_identification:_identify(models/mujoco_menagerie/bitcraze_crazyflie_2) by extension 'ignore'
[0.178s] Level 1:colcon.colcon_core.package_identification:_identify(models/mujoco_menagerie/bitcraze_crazyflie_2) by extension 'ignore_ament_install'
[0.178s] Level 1:colcon.colcon_core.package_identification:_identify(models/mujoco_menagerie/bitcraze_crazyflie_2) by extensions ['colcon_pkg']
[0.178s] Level 1:colcon.colcon_core.package_identification:_identify(models/mujoco_menagerie/bitcraze_crazyflie_2) by extension 'colcon_pkg'
[0.178s] Level 1:colcon.colcon_core.package_identification:_identify(models/mujoco_menagerie/bitcraze_crazyflie_2) by extensions ['colcon_meta']
[0.178s] Level 1:colcon.colcon_core.package_identification:_identify(models/mujoco_menagerie/bitcraze_crazyflie_2) by extension 'colcon_meta'
[0.178s] Level 1:colcon.colcon_core.package_identification:_identify(models/mujoco_menagerie/bitcraze_crazyflie_2) by extensions ['ros']
[0.178s] Level 1:colcon.colcon_core.package_identification:_identify(models/mujoco_menagerie/bitcraze_crazyflie_2) by extension 'ros'
[0.178s] Level 1:colcon.colcon_core.package_identification:_identify(models/mujoco_menagerie/bitcraze_crazyflie_2) by extensions ['cmake', 'python']
[0.178s] Level 1:colcon.colcon_core.package_identification:_identify(models/mujoco_menagerie/bitcraze_crazyflie_2) by extension 'cmake'
[0.178s] Level 1:colcon.colcon_core.package_identification:_identify(models/mujoco_menagerie/bitcraze_crazyflie_2) by extension 'python'
[0.178s] Level 1:colcon.colcon_core.package_identification:_identify(models/mujoco_menagerie/bitcraze_crazyflie_2) by extensions ['python_setup_py']
[0.178s] Level 1:colcon.colcon_core.package_identification:_identify(models/mujoco_menagerie/bitcraze_crazyflie_2) by extension 'python_setup_py'
[0.178s] Level 1:colcon.colcon_core.package_identification:_identify(models/mujoco_menagerie/bitcraze_crazyflie_2/assets) by extensions ['ignore', 'ignore_ament_install']
[0.178s] Level 1:colcon.colcon_core.package_identification:_identify(models/mujoco_menagerie/bitcraze_crazyflie_2/assets) by extension 'ignore'
[0.178s] Level 1:colcon.colcon_core.package_identification:_identify(models/mujoco_menagerie/bitcraze_crazyflie_2/assets) by extension 'ignore_ament_install'
[0.179s] Level 1:colcon.colcon_core.package_identification:_identify(models/mujoco_menagerie/bitcraze_crazyflie_2/assets) by extensions ['colcon_pkg']
[0.179s] Level 1:colcon.colcon_core.package_identification:_identify(models/mujoco_menagerie/bitcraze_crazyflie_2/assets) by extension 'colcon_pkg'
[0.179s] Level 1:colcon.colcon_core.package_identification:_identify(models/mujoco_menagerie/bitcraze_crazyflie_2/assets) by extensions ['colcon_meta']
[0.179s] Level 1:colcon.colcon_core.package_identification:_identify(models/mujoco_menagerie/bitcraze_crazyflie_2/assets) by extension 'colcon_meta'
[0.179s] Level 1:colcon.colcon_core.package_identification:_identify(models/mujoco_menagerie/bitcraze_crazyflie_2/assets) by extensions ['ros']
[0.179s] Level 1:colcon.colcon_core.package_identification:_identify(models/mujoco_menagerie/bitcraze_crazyflie_2/assets) by extension 'ros'
[0.179s] Level 1:colcon.colcon_core.package_identification:_identify(models/mujoco_menagerie/bitcraze_crazyflie_2/assets) by extensions ['cmake', 'python']
[0.179s] Level 1:colcon.colcon_core.package_identification:_identify(models/mujoco_menagerie/bitcraze_crazyflie_2/assets) by extension 'cmake'
[0.179s] Level 1:colcon.colcon_core.package_identification:_identify(models/mujoco_menagerie/bitcraze_crazyflie_2/assets) by extension 'python'
[0.179s] Level 1:colcon.colcon_core.package_identification:_identify(models/mujoco_menagerie/bitcraze_crazyflie_2/assets) by extensions ['python_setup_py']
[0.179s] Level 1:colcon.colcon_core.package_identification:_identify(models/mujoco_menagerie/bitcraze_crazyflie_2/assets) by extension 'python_setup_py'
[0.179s] Level 1:colcon.colcon_core.package_identification:_identify(models/mujoco_menagerie/booster_t1) by extensions ['ignore', 'ignore_ament_install']
[0.179s] Level 1:colcon.colcon_core.package_identification:_identify(models/mujoco_menagerie/booster_t1) by extension 'ignore'
[0.179s] Level 1:colcon.colcon_core.package_identification:_identify(models/mujoco_menagerie/booster_t1) by extension 'ignore_ament_install'
[0.179s] Level 1:colcon.colcon_core.package_identification:_identify(models/mujoco_menagerie/booster_t1) by extensions ['colcon_pkg']
[0.179s] Level 1:colcon.colcon_core.package_identification:_identify(models/mujoco_menagerie/booster_t1) by extension 'colcon_pkg'
[0.179s] Level 1:colcon.colcon_core.package_identification:_identify(models/mujoco_menagerie/booster_t1) by extensions ['colcon_meta']
[0.179s] Level 1:colcon.colcon_core.package_identification:_identify(models/mujoco_menagerie/booster_t1) by extension 'colcon_meta'
[0.179s] Level 1:colcon.colcon_core.package_identification:_identify(models/mujoco_menagerie/booster_t1) by extensions ['ros']
[0.179s] Level 1:colcon.colcon_core.package_identification:_identify(models/mujoco_menagerie/booster_t1) by extension 'ros'
[0.179s] Level 1:colcon.colcon_core.package_identification:_identify(models/mujoco_menagerie/booster_t1) by extensions ['cmake', 'python']
[0.179s] Level 1:colcon.colcon_core.package_identification:_identify(models/mujoco_menagerie/booster_t1) by extension 'cmake'
[0.179s] Level 1:colcon.colcon_core.package_identification:_identify(models/mujoco_menagerie/booster_t1) by extension 'python'
[0.179s] Level 1:colcon.colcon_core.package_identification:_identify(models/mujoco_menagerie/booster_t1) by extensions ['python_setup_py']
[0.179s] Level 1:colcon.colcon_core.package_identification:_identify(models/mujoco_menagerie/booster_t1) by extension 'python_setup_py'
[0.179s] Level 1:colcon.colcon_core.package_identification:_identify(models/mujoco_menagerie/booster_t1/assets) by extensions ['ignore', 'ignore_ament_install']
[0.179s] Level 1:colcon.colcon_core.package_identification:_identify(models/mujoco_menagerie/booster_t1/assets) by extension 'ignore'
[0.179s] Level 1:colcon.colcon_core.package_identification:_identify(models/mujoco_menagerie/booster_t1/assets) by extension 'ignore_ament_install'
[0.180s] Level 1:colcon.colcon_core.package_identification:_identify(models/mujoco_menagerie/booster_t1/assets) by extensions ['colcon_pkg']
[0.180s] Level 1:colcon.colcon_core.package_identification:_identify(models/mujoco_menagerie/booster_t1/assets) by extension 'colcon_pkg'
[0.180s] Level 1:colcon.colcon_core.package_identification:_identify(models/mujoco_menagerie/booster_t1/assets) by extensions ['colcon_meta']
[0.180s] Level 1:colcon.colcon_core.package_identification:_identify(models/mujoco_menagerie/booster_t1/assets) by extension 'colcon_meta'
[0.180s] Level 1:colcon.colcon_core.package_identification:_identify(models/mujoco_menagerie/booster_t1/assets) by extensions ['ros']
[0.180s] Level 1:colcon.colcon_core.package_identification:_identify(models/mujoco_menagerie/booster_t1/assets) by extension 'ros'
[0.180s] Level 1:colcon.colcon_core.package_identification:_identify(models/mujoco_menagerie/booster_t1/assets) by extensions ['cmake', 'python']
[0.180s] Level 1:colcon.colcon_core.package_identification:_identify(models/mujoco_menagerie/booster_t1/assets) by extension 'cmake'
[0.180s] Level 1:colcon.colcon_core.package_identification:_identify(models/mujoco_menagerie/booster_t1/assets) by extension 'python'
[0.180s] Level 1:colcon.colcon_core.package_identification:_identify(models/mujoco_menagerie/booster_t1/assets) by extensions ['python_setup_py']
[0.180s] Level 1:colcon.colcon_core.package_identification:_identify(models/mujoco_menagerie/booster_t1/assets) by extension 'python_setup_py'
[0.180s] Level 1:colcon.colcon_core.package_identification:_identify(models/mujoco_menagerie/boston_dynamics_spot) by extensions ['ignore', 'ignore_ament_install']
[0.180s] Level 1:colcon.colcon_core.package_identification:_identify(models/mujoco_menagerie/boston_dynamics_spot) by extension 'ignore'
[0.180s] Level 1:colcon.colcon_core.package_identification:_identify(models/mujoco_menagerie/boston_dynamics_spot) by extension 'ignore_ament_install'
[0.180s] Level 1:colcon.colcon_core.package_identification:_identify(models/mujoco_menagerie/boston_dynamics_spot) by extensions ['colcon_pkg']
[0.180s] Level 1:colcon.colcon_core.package_identification:_identify(models/mujoco_menagerie/boston_dynamics_spot) by extension 'colcon_pkg'
[0.180s] Level 1:colcon.colcon_core.package_identification:_identify(models/mujoco_menagerie/boston_dynamics_spot) by extensions ['colcon_meta']
[0.180s] Level 1:colcon.colcon_core.package_identification:_identify(models/mujoco_menagerie/boston_dynamics_spot) by extension 'colcon_meta'
[0.180s] Level 1:colcon.colcon_core.package_identification:_identify(models/mujoco_menagerie/boston_dynamics_spot) by extensions ['ros']
[0.180s] Level 1:colcon.colcon_core.package_identification:_identify(models/mujoco_menagerie/boston_dynamics_spot) by extension 'ros'
[0.180s] Level 1:colcon.colcon_core.package_identification:_identify(models/mujoco_menagerie/boston_dynamics_spot) by extensions ['cmake', 'python']
[0.180s] Level 1:colcon.colcon_core.package_identification:_identify(models/mujoco_menagerie/boston_dynamics_spot) by extension 'cmake'
[0.180s] Level 1:colcon.colcon_core.package_identification:_identify(models/mujoco_menagerie/boston_dynamics_spot) by extension 'python'
[0.180s] Level 1:colcon.colcon_core.package_identification:_identify(models/mujoco_menagerie/boston_dynamics_spot) by extensions ['python_setup_py']
[0.180s] Level 1:colcon.colcon_core.package_identification:_identify(models/mujoco_menagerie/boston_dynamics_spot) by extension 'python_setup_py'
[0.180s] Level 1:colcon.colcon_core.package_identification:_identify(models/mujoco_menagerie/boston_dynamics_spot/assets) by extensions ['ignore', 'ignore_ament_install']
[0.180s] Level 1:colcon.colcon_core.package_identification:_identify(models/mujoco_menagerie/boston_dynamics_spot/assets) by extension 'ignore'
[0.180s] Level 1:colcon.colcon_core.package_identification:_identify(models/mujoco_menagerie/boston_dynamics_spot/assets) by extension 'ignore_ament_install'
[0.180s] Level 1:colcon.colcon_core.package_identification:_identify(models/mujoco_menagerie/boston_dynamics_spot/assets) by extensions ['colcon_pkg']
[0.181s] Level 1:colcon.colcon_core.package_identification:_identify(models/mujoco_menagerie/boston_dynamics_spot/assets) by extension 'colcon_pkg'
[0.181s] Level 1:colcon.colcon_core.package_identification:_identify(models/mujoco_menagerie/boston_dynamics_spot/assets) by extensions ['colcon_meta']
[0.181s] Level 1:colcon.colcon_core.package_identification:_identify(models/mujoco_menagerie/boston_dynamics_spot/assets) by extension 'colcon_meta'
[0.181s] Level 1:colcon.colcon_core.package_identification:_identify(models/mujoco_menagerie/boston_dynamics_spot/assets) by extensions ['ros']
[0.181s] Level 1:colcon.colcon_core.package_identification:_identify(models/mujoco_menagerie/boston_dynamics_spot/assets) by extension 'ros'
[0.181s] Level 1:colcon.colcon_core.package_identification:_identify(models/mujoco_menagerie/boston_dynamics_spot/assets) by extensions ['cmake', 'python']
[0.181s] Level 1:colcon.colcon_core.package_identification:_identify(models/mujoco_menagerie/boston_dynamics_spot/assets) by extension 'cmake'
[0.181s] Level 1:colcon.colcon_core.package_identification:_identify(models/mujoco_menagerie/boston_dynamics_spot/assets) by extension 'python'
[0.181s] Level 1:colcon.colcon_core.package_identification:_identify(models/mujoco_menagerie/boston_dynamics_spot/assets) by extensions ['python_setup_py']
[0.181s] Level 1:colcon.colcon_core.package_identification:_identify(models/mujoco_menagerie/boston_dynamics_spot/assets) by extension 'python_setup_py'
[0.181s] Level 1:colcon.colcon_core.package_identification:_identify(models/mujoco_menagerie/dynamixel_2r) by extensions ['ignore', 'ignore_ament_install']
[0.181s] Level 1:colcon.colcon_core.package_identification:_identify(models/mujoco_menagerie/dynamixel_2r) by extension 'ignore'
[0.181s] Level 1:colcon.colcon_core.package_identification:_identify(models/mujoco_menagerie/dynamixel_2r) by extension 'ignore_ament_install'
[0.181s] Level 1:colcon.colcon_core.package_identification:_identify(models/mujoco_menagerie/dynamixel_2r) by extensions ['colcon_pkg']
[0.181s] Level 1:colcon.colcon_core.package_identification:_identify(models/mujoco_menagerie/dynamixel_2r) by extension 'colcon_pkg'
[0.181s] Level 1:colcon.colcon_core.package_identification:_identify(models/mujoco_menagerie/dynamixel_2r) by extensions ['colcon_meta']
[0.181s] Level 1:colcon.colcon_core.package_identification:_identify(models/mujoco_menagerie/dynamixel_2r) by extension 'colcon_meta'
[0.181s] Level 1:colcon.colcon_core.package_identification:_identify(models/mujoco_menagerie/dynamixel_2r) by extensions ['ros']
[0.181s] Level 1:colcon.colcon_core.package_identification:_identify(models/mujoco_menagerie/dynamixel_2r) by extension 'ros'
[0.181s] Level 1:colcon.colcon_core.package_identification:_identify(models/mujoco_menagerie/dynamixel_2r) by extensions ['cmake', 'python']
[0.181s] Level 1:colcon.colcon_core.package_identification:_identify(models/mujoco_menagerie/dynamixel_2r) by extension 'cmake'
[0.181s] Level 1:colcon.colcon_core.package_identification:_identify(models/mujoco_menagerie/dynamixel_2r) by extension 'python'
[0.181s] Level 1:colcon.colcon_core.package_identification:_identify(models/mujoco_menagerie/dynamixel_2r) by extensions ['python_setup_py']
[0.181s] Level 1:colcon.colcon_core.package_identification:_identify(models/mujoco_menagerie/dynamixel_2r) by extension 'python_setup_py'
[0.181s] Level 1:colcon.colcon_core.package_identification:_identify(models/mujoco_menagerie/dynamixel_2r/assets) by extensions ['ignore', 'ignore_ament_install']
[0.181s] Level 1:colcon.colcon_core.package_identification:_identify(models/mujoco_menagerie/dynamixel_2r/assets) by extension 'ignore'
[0.181s] Level 1:colcon.colcon_core.package_identification:_identify(models/mujoco_menagerie/dynamixel_2r/assets) by extension 'ignore_ament_install'
[0.181s] Level 1:colcon.colcon_core.package_identification:_identify(models/mujoco_menagerie/dynamixel_2r/assets) by extensions ['colcon_pkg']
[0.181s] Level 1:colcon.colcon_core.package_identification:_identify(models/mujoco_menagerie/dynamixel_2r/assets) by extension 'colcon_pkg'
[0.181s] Level 1:colcon.colcon_core.package_identification:_identify(models/mujoco_menagerie/dynamixel_2r/assets) by extensions ['colcon_meta']
[0.182s] Level 1:colcon.colcon_core.package_identification:_identify(models/mujoco_menagerie/dynamixel_2r/assets) by extension 'colcon_meta'
[0.182s] Level 1:colcon.colcon_core.package_identification:_identify(models/mujoco_menagerie/dynamixel_2r/assets) by extensions ['ros']
[0.182s] Level 1:colcon.colcon_core.package_identification:_identify(models/mujoco_menagerie/dynamixel_2r/assets) by extension 'ros'
[0.182s] Level 1:colcon.colcon_core.package_identification:_identify(models/mujoco_menagerie/dynamixel_2r/assets) by extensions ['cmake', 'python']
[0.182s] Level 1:colcon.colcon_core.package_identification:_identify(models/mujoco_menagerie/dynamixel_2r/assets) by extension 'cmake'
[0.182s] Level 1:colcon.colcon_core.package_identification:_identify(models/mujoco_menagerie/dynamixel_2r/assets) by extension 'python'
[0.182s] Level 1:colcon.colcon_core.package_identification:_identify(models/mujoco_menagerie/dynamixel_2r/assets) by extensions ['python_setup_py']
[0.182s] Level 1:colcon.colcon_core.package_identification:_identify(models/mujoco_menagerie/dynamixel_2r/assets) by extension 'python_setup_py'
[0.182s] Level 1:colcon.colcon_core.package_identification:_identify(models/mujoco_menagerie/flexiv_rizon4) by extensions ['ignore', 'ignore_ament_install']
[0.182s] Level 1:colcon.colcon_core.package_identification:_identify(models/mujoco_menagerie/flexiv_rizon4) by extension 'ignore'
[0.182s] Level 1:colcon.colcon_core.package_identification:_identify(models/mujoco_menagerie/flexiv_rizon4) by extension 'ignore_ament_install'
[0.182s] Level 1:colcon.colcon_core.package_identification:_identify(models/mujoco_menagerie/flexiv_rizon4) by extensions ['colcon_pkg']
[0.182s] Level 1:colcon.colcon_core.package_identification:_identify(models/mujoco_menagerie/flexiv_rizon4) by extension 'colcon_pkg'
[0.182s] Level 1:colcon.colcon_core.package_identification:_identify(models/mujoco_menagerie/flexiv_rizon4) by extensions ['colcon_meta']
[0.182s] Level 1:colcon.colcon_core.package_identification:_identify(models/mujoco_menagerie/flexiv_rizon4) by extension 'colcon_meta'
[0.182s] Level 1:colcon.colcon_core.package_identification:_identify(models/mujoco_menagerie/flexiv_rizon4) by extensions ['ros']
[0.182s] Level 1:colcon.colcon_core.package_identification:_identify(models/mujoco_menagerie/flexiv_rizon4) by extension 'ros'
[0.182s] Level 1:colcon.colcon_core.package_identification:_identify(models/mujoco_menagerie/flexiv_rizon4) by extensions ['cmake', 'python']
[0.182s] Level 1:colcon.colcon_core.package_identification:_identify(models/mujoco_menagerie/flexiv_rizon4) by extension 'cmake'
[0.182s] Level 1:colcon.colcon_core.package_identification:_identify(models/mujoco_menagerie/flexiv_rizon4) by extension 'python'
[0.182s] Level 1:colcon.colcon_core.package_identification:_identify(models/mujoco_menagerie/flexiv_rizon4) by extensions ['python_setup_py']
[0.182s] Level 1:colcon.colcon_core.package_identification:_identify(models/mujoco_menagerie/flexiv_rizon4) by extension 'python_setup_py'
[0.182s] Level 1:colcon.colcon_core.package_identification:_identify(models/mujoco_menagerie/flexiv_rizon4/assets) by extensions ['ignore', 'ignore_ament_install']
[0.182s] Level 1:colcon.colcon_core.package_identification:_identify(models/mujoco_menagerie/flexiv_rizon4/assets) by extension 'ignore'
[0.182s] Level 1:colcon.colcon_core.package_identification:_identify(models/mujoco_menagerie/flexiv_rizon4/assets) by extension 'ignore_ament_install'
[0.182s] Level 1:colcon.colcon_core.package_identification:_identify(models/mujoco_menagerie/flexiv_rizon4/assets) by extensions ['colcon_pkg']
[0.182s] Level 1:colcon.colcon_core.package_identification:_identify(models/mujoco_menagerie/flexiv_rizon4/assets) by extension 'colcon_pkg'
[0.182s] Level 1:colcon.colcon_core.package_identification:_identify(models/mujoco_menagerie/flexiv_rizon4/assets) by extensions ['colcon_meta']
[0.182s] Level 1:colcon.colcon_core.package_identification:_identify(models/mujoco_menagerie/flexiv_rizon4/assets) by extension 'colcon_meta'
[0.182s] Level 1:colcon.colcon_core.package_identification:_identify(models/mujoco_menagerie/flexiv_rizon4/assets) by extensions ['ros']
[0.183s] Level 1:colcon.colcon_core.package_identification:_identify(models/mujoco_menagerie/flexiv_rizon4/assets) by extension 'ros'
[0.183s] Level 1:colcon.colcon_core.package_identification:_identify(models/mujoco_menagerie/flexiv_rizon4/assets) by extensions ['cmake', 'python']
[0.183s] Level 1:colcon.colcon_core.package_identification:_identify(models/mujoco_menagerie/flexiv_rizon4/assets) by extension 'cmake'
[0.183s] Level 1:colcon.colcon_core.package_identification:_identify(models/mujoco_menagerie/flexiv_rizon4/assets) by extension 'python'
[0.183s] Level 1:colcon.colcon_core.package_identification:_identify(models/mujoco_menagerie/flexiv_rizon4/assets) by extensions ['python_setup_py']
[0.183s] Level 1:colcon.colcon_core.package_identification:_identify(models/mujoco_menagerie/flexiv_rizon4/assets) by extension 'python_setup_py'
[0.183s] Level 1:colcon.colcon_core.package_identification:_identify(models/mujoco_menagerie/flexiv_rizon4/assets/link0) by extensions ['ignore', 'ignore_ament_install']
[0.183s] Level 1:colcon.colcon_core.package_identification:_identify(models/mujoco_menagerie/flexiv_rizon4/assets/link0) by extension 'ignore'
[0.183s] Level 1:colcon.colcon_core.package_identification:_identify(models/mujoco_menagerie/flexiv_rizon4/assets/link0) by extension 'ignore_ament_install'
[0.183s] Level 1:colcon.colcon_core.package_identification:_identify(models/mujoco_menagerie/flexiv_rizon4/assets/link0) by extensions ['colcon_pkg']
[0.183s] Level 1:colcon.colcon_core.package_identification:_identify(models/mujoco_menagerie/flexiv_rizon4/assets/link0) by extension 'colcon_pkg'
[0.183s] Level 1:colcon.colcon_core.package_identification:_identify(models/mujoco_menagerie/flexiv_rizon4/assets/link0) by extensions ['colcon_meta']
[0.183s] Level 1:colcon.colcon_core.package_identification:_identify(models/mujoco_menagerie/flexiv_rizon4/assets/link0) by extension 'colcon_meta'
[0.183s] Level 1:colcon.colcon_core.package_identification:_identify(models/mujoco_menagerie/flexiv_rizon4/assets/link0) by extensions ['ros']
[0.183s] Level 1:colcon.colcon_core.package_identification:_identify(models/mujoco_menagerie/flexiv_rizon4/assets/link0) by extension 'ros'
[0.183s] Level 1:colcon.colcon_core.package_identification:_identify(models/mujoco_menagerie/flexiv_rizon4/assets/link0) by extensions ['cmake', 'python']
[0.183s] Level 1:colcon.colcon_core.package_identification:_identify(models/mujoco_menagerie/flexiv_rizon4/assets/link0) by extension 'cmake'
[0.183s] Level 1:colcon.colcon_core.package_identification:_identify(models/mujoco_menagerie/flexiv_rizon4/assets/link0) by extension 'python'
[0.183s] Level 1:colcon.colcon_core.package_identification:_identify(models/mujoco_menagerie/flexiv_rizon4/assets/link0) by extensions ['python_setup_py']
[0.183s] Level 1:colcon.colcon_core.package_identification:_identify(models/mujoco_menagerie/flexiv_rizon4/assets/link0) by extension 'python_setup_py'
[0.183s] Level 1:colcon.colcon_core.package_identification:_identify(models/mujoco_menagerie/flexiv_rizon4/assets/link1) by extensions ['ignore', 'ignore_ament_install']
[0.183s] Level 1:colcon.colcon_core.package_identification:_identify(models/mujoco_menagerie/flexiv_rizon4/assets/link1) by extension 'ignore'
[0.183s] Level 1:colcon.colcon_core.package_identification:_identify(models/mujoco_menagerie/flexiv_rizon4/assets/link1) by extension 'ignore_ament_install'
[0.183s] Level 1:colcon.colcon_core.package_identification:_identify(models/mujoco_menagerie/flexiv_rizon4/assets/link1) by extensions ['colcon_pkg']
[0.183s] Level 1:colcon.colcon_core.package_identification:_identify(models/mujoco_menagerie/flexiv_rizon4/assets/link1) by extension 'colcon_pkg'
[0.183s] Level 1:colcon.colcon_core.package_identification:_identify(models/mujoco_menagerie/flexiv_rizon4/assets/link1) by extensions ['colcon_meta']
[0.183s] Level 1:colcon.colcon_core.package_identification:_identify(models/mujoco_menagerie/flexiv_rizon4/assets/link1) by extension 'colcon_meta'
[0.184s] Level 1:colcon.colcon_core.package_identification:_identify(models/mujoco_menagerie/flexiv_rizon4/assets/link1) by extensions ['ros']
[0.184s] Level 1:colcon.colcon_core.package_identification:_identify(models/mujoco_menagerie/flexiv_rizon4/assets/link1) by extension 'ros'
[0.184s] Level 1:colcon.colcon_core.package_identification:_identify(models/mujoco_menagerie/flexiv_rizon4/assets/link1) by extensions ['cmake', 'python']
[0.184s] Level 1:colcon.colcon_core.package_identification:_identify(models/mujoco_menagerie/flexiv_rizon4/assets/link1) by extension 'cmake'
[0.184s] Level 1:colcon.colcon_core.package_identification:_identify(models/mujoco_menagerie/flexiv_rizon4/assets/link1) by extension 'python'
[0.184s] Level 1:colcon.colcon_core.package_identification:_identify(models/mujoco_menagerie/flexiv_rizon4/assets/link1) by extensions ['python_setup_py']
[0.184s] Level 1:colcon.colcon_core.package_identification:_identify(models/mujoco_menagerie/flexiv_rizon4/assets/link1) by extension 'python_setup_py'
[0.184s] Level 1:colcon.colcon_core.package_identification:_identify(models/mujoco_menagerie/flexiv_rizon4/assets/link2) by extensions ['ignore', 'ignore_ament_install']
[0.184s] Level 1:colcon.colcon_core.package_identification:_identify(models/mujoco_menagerie/flexiv_rizon4/assets/link2) by extension 'ignore'
[0.184s] Level 1:colcon.colcon_core.package_identification:_identify(models/mujoco_menagerie/flexiv_rizon4/assets/link2) by extension 'ignore_ament_install'
[0.184s] Level 1:colcon.colcon_core.package_identification:_identify(models/mujoco_menagerie/flexiv_rizon4/assets/link2) by extensions ['colcon_pkg']
[0.184s] Level 1:colcon.colcon_core.package_identification:_identify(models/mujoco_menagerie/flexiv_rizon4/assets/link2) by extension 'colcon_pkg'
[0.184s] Level 1:colcon.colcon_core.package_identification:_identify(models/mujoco_menagerie/flexiv_rizon4/assets/link2) by extensions ['colcon_meta']
[0.184s] Level 1:colcon.colcon_core.package_identification:_identify(models/mujoco_menagerie/flexiv_rizon4/assets/link2) by extension 'colcon_meta'
[0.184s] Level 1:colcon.colcon_core.package_identification:_identify(models/mujoco_menagerie/flexiv_rizon4/assets/link2) by extensions ['ros']
[0.184s] Level 1:colcon.colcon_core.package_identification:_identify(models/mujoco_menagerie/flexiv_rizon4/assets/link2) by extension 'ros'
[0.184s] Level 1:colcon.colcon_core.package_identification:_identify(models/mujoco_menagerie/flexiv_rizon4/assets/link2) by extensions ['cmake', 'python']
[0.184s] Level 1:colcon.colcon_core.package_identification:_identify(models/mujoco_menagerie/flexiv_rizon4/assets/link2) by extension 'cmake'
[0.184s] Level 1:colcon.colcon_core.package_identification:_identify(models/mujoco_menagerie/flexiv_rizon4/assets/link2) by extension 'python'
[0.184s] Level 1:colcon.colcon_core.package_identification:_identify(models/mujoco_menagerie/flexiv_rizon4/assets/link2) by extensions ['python_setup_py']
[0.184s] Level 1:colcon.colcon_core.package_identification:_identify(models/mujoco_menagerie/flexiv_rizon4/assets/link2) by extension 'python_setup_py'
[0.184s] Level 1:colcon.colcon_core.package_identification:_identify(models/mujoco_menagerie/flexiv_rizon4/assets/link3) by extensions ['ignore', 'ignore_ament_install']
[0.184s] Level 1:colcon.colcon_core.package_identification:_identify(models/mujoco_menagerie/flexiv_rizon4/assets/link3) by extension 'ignore'
[0.184s] Level 1:colcon.colcon_core.package_identification:_identify(models/mujoco_menagerie/flexiv_rizon4/assets/link3) by extension 'ignore_ament_install'
[0.184s] Level 1:colcon.colcon_core.package_identification:_identify(models/mujoco_menagerie/flexiv_rizon4/assets/link3) by extensions ['colcon_pkg']
[0.184s] Level 1:colcon.colcon_core.package_identification:_identify(models/mujoco_menagerie/flexiv_rizon4/assets/link3) by extension 'colcon_pkg'
[0.184s] Level 1:colcon.colcon_core.package_identification:_identify(models/mujoco_menagerie/flexiv_rizon4/assets/link3) by extensions ['colcon_meta']
[0.184s] Level 1:colcon.colcon_core.package_identification:_identify(models/mujoco_menagerie/flexiv_rizon4/assets/link3) by extension 'colcon_meta'
[0.184s] Level 1:colcon.colcon_core.package_identification:_identify(models/mujoco_menagerie/flexiv_rizon4/assets/link3) by extensions ['ros']
[0.185s] Level 1:colcon.colcon_core.package_identification:_identify(models/mujoco_menagerie/flexiv_rizon4/assets/link3) by extension 'ros'
[0.185s] Level 1:colcon.colcon_core.package_identification:_identify(models/mujoco_menagerie/flexiv_rizon4/assets/link3) by extensions ['cmake', 'python']
[0.185s] Level 1:colcon.colcon_core.package_identification:_identify(models/mujoco_menagerie/flexiv_rizon4/assets/link3) by extension 'cmake'
[0.185s] Level 1:colcon.colcon_core.package_identification:_identify(models/mujoco_menagerie/flexiv_rizon4/assets/link3) by extension 'python'
[0.185s] Level 1:colcon.colcon_core.package_identification:_identify(models/mujoco_menagerie/flexiv_rizon4/assets/link3) by extensions ['python_setup_py']
[0.185s] Level 1:colcon.colcon_core.package_identification:_identify(models/mujoco_menagerie/flexiv_rizon4/assets/link3) by extension 'python_setup_py'
[0.185s] Level 1:colcon.colcon_core.package_identification:_identify(models/mujoco_menagerie/flexiv_rizon4/assets/link4) by extensions ['ignore', 'ignore_ament_install']
[0.185s] Level 1:colcon.colcon_core.package_identification:_identify(models/mujoco_menagerie/flexiv_rizon4/assets/link4) by extension 'ignore'
[0.185s] Level 1:colcon.colcon_core.package_identification:_identify(models/mujoco_menagerie/flexiv_rizon4/assets/link4) by extension 'ignore_ament_install'
[0.185s] Level 1:colcon.colcon_core.package_identification:_identify(models/mujoco_menagerie/flexiv_rizon4/assets/link4) by extensions ['colcon_pkg']
[0.185s] Level 1:colcon.colcon_core.package_identification:_identify(models/mujoco_menagerie/flexiv_rizon4/assets/link4) by extension 'colcon_pkg'
[0.185s] Level 1:colcon.colcon_core.package_identification:_identify(models/mujoco_menagerie/flexiv_rizon4/assets/link4) by extensions ['colcon_meta']
[0.185s] Level 1:colcon.colcon_core.package_identification:_identify(models/mujoco_menagerie/flexiv_rizon4/assets/link4) by extension 'colcon_meta'
[0.185s] Level 1:colcon.colcon_core.package_identification:_identify(models/mujoco_menagerie/flexiv_rizon4/assets/link4) by extensions ['ros']
[0.185s] Level 1:colcon.colcon_core.package_identification:_identify(models/mujoco_menagerie/flexiv_rizon4/assets/link4) by extension 'ros'
[0.185s] Level 1:colcon.colcon_core.package_identification:_identify(models/mujoco_menagerie/flexiv_rizon4/assets/link4) by extensions ['cmake', 'python']
[0.185s] Level 1:colcon.colcon_core.package_identification:_identify(models/mujoco_menagerie/flexiv_rizon4/assets/link4) by extension 'cmake'
[0.185s] Level 1:colcon.colcon_core.package_identification:_identify(models/mujoco_menagerie/flexiv_rizon4/assets/link4) by extension 'python'
[0.185s] Level 1:colcon.colcon_core.package_identification:_identify(models/mujoco_menagerie/flexiv_rizon4/assets/link4) by extensions ['python_setup_py']
[0.185s] Level 1:colcon.colcon_core.package_identification:_identify(models/mujoco_menagerie/flexiv_rizon4/assets/link4) by extension 'python_setup_py'
[0.185s] Level 1:colcon.colcon_core.package_identification:_identify(models/mujoco_menagerie/flexiv_rizon4/assets/link5) by extensions ['ignore', 'ignore_ament_install']
[0.185s] Level 1:colcon.colcon_core.package_identification:_identify(models/mujoco_menagerie/flexiv_rizon4/assets/link5) by extension 'ignore'
[0.185s] Level 1:colcon.colcon_core.package_identification:_identify(models/mujoco_menagerie/flexiv_rizon4/assets/link5) by extension 'ignore_ament_install'
[0.185s] Level 1:colcon.colcon_core.package_identification:_identify(models/mujoco_menagerie/flexiv_rizon4/assets/link5) by extensions ['colcon_pkg']
[0.185s] Level 1:colcon.colcon_core.package_identification:_identify(models/mujoco_menagerie/flexiv_rizon4/assets/link5) by extension 'colcon_pkg'
[0.185s] Level 1:colcon.colcon_core.package_identification:_identify(models/mujoco_menagerie/flexiv_rizon4/assets/link5) by extensions ['colcon_meta']
[0.185s] Level 1:colcon.colcon_core.package_identification:_identify(models/mujoco_menagerie/flexiv_rizon4/assets/link5) by extension 'colcon_meta'
[0.186s] Level 1:colcon.colcon_core.package_identification:_identify(models/mujoco_menagerie/flexiv_rizon4/assets/link5) by extensions ['ros']
[0.186s] Level 1:colcon.colcon_core.package_identification:_identify(models/mujoco_menagerie/flexiv_rizon4/assets/link5) by extension 'ros'
[0.186s] Level 1:colcon.colcon_core.package_identification:_identify(models/mujoco_menagerie/flexiv_rizon4/assets/link5) by extensions ['cmake', 'python']
[0.186s] Level 1:colcon.colcon_core.package_identification:_identify(models/mujoco_menagerie/flexiv_rizon4/assets/link5) by extension 'cmake'
[0.186s] Level 1:colcon.colcon_core.package_identification:_identify(models/mujoco_menagerie/flexiv_rizon4/assets/link5) by extension 'python'
[0.186s] Level 1:colcon.colcon_core.package_identification:_identify(models/mujoco_menagerie/flexiv_rizon4/assets/link5) by extensions ['python_setup_py']
[0.186s] Level 1:colcon.colcon_core.package_identification:_identify(models/mujoco_menagerie/flexiv_rizon4/assets/link5) by extension 'python_setup_py'
[0.186s] Level 1:colcon.colcon_core.package_identification:_identify(models/mujoco_menagerie/flexiv_rizon4/assets/link6) by extensions ['ignore', 'ignore_ament_install']
[0.186s] Level 1:colcon.colcon_core.package_identification:_identify(models/mujoco_menagerie/flexiv_rizon4/assets/link6) by extension 'ignore'
[0.186s] Level 1:colcon.colcon_core.package_identification:_identify(models/mujoco_menagerie/flexiv_rizon4/assets/link6) by extension 'ignore_ament_install'
[0.186s] Level 1:colcon.colcon_core.package_identification:_identify(models/mujoco_menagerie/flexiv_rizon4/assets/link6) by extensions ['colcon_pkg']
[0.186s] Level 1:colcon.colcon_core.package_identification:_identify(models/mujoco_menagerie/flexiv_rizon4/assets/link6) by extension 'colcon_pkg'
[0.186s] Level 1:colcon.colcon_core.package_identification:_identify(models/mujoco_menagerie/flexiv_rizon4/assets/link6) by extensions ['colcon_meta']
[0.186s] Level 1:colcon.colcon_core.package_identification:_identify(models/mujoco_menagerie/flexiv_rizon4/assets/link6) by extension 'colcon_meta'
[0.186s] Level 1:colcon.colcon_core.package_identification:_identify(models/mujoco_menagerie/flexiv_rizon4/assets/link6) by extensions ['ros']
[0.186s] Level 1:colcon.colcon_core.package_identification:_identify(models/mujoco_menagerie/flexiv_rizon4/assets/link6) by extension 'ros'
[0.186s] Level 1:colcon.colcon_core.package_identification:_identify(models/mujoco_menagerie/flexiv_rizon4/assets/link6) by extensions ['cmake', 'python']
[0.186s] Level 1:colcon.colcon_core.package_identification:_identify(models/mujoco_menagerie/flexiv_rizon4/assets/link6) by extension 'cmake'
[0.186s] Level 1:colcon.colcon_core.package_identification:_identify(models/mujoco_menagerie/flexiv_rizon4/assets/link6) by extension 'python'
[0.186s] Level 1:colcon.colcon_core.package_identification:_identify(models/mujoco_menagerie/flexiv_rizon4/assets/link6) by extensions ['python_setup_py']
[0.186s] Level 1:colcon.colcon_core.package_identification:_identify(models/mujoco_menagerie/flexiv_rizon4/assets/link6) by extension 'python_setup_py'
[0.186s] Level 1:colcon.colcon_core.package_identification:_identify(models/mujoco_menagerie/flexiv_rizon4/assets/link7) by extensions ['ignore', 'ignore_ament_install']
[0.186s] Level 1:colcon.colcon_core.package_identification:_identify(models/mujoco_menagerie/flexiv_rizon4/assets/link7) by extension 'ignore'
[0.186s] Level 1:colcon.colcon_core.package_identification:_identify(models/mujoco_menagerie/flexiv_rizon4/assets/link7) by extension 'ignore_ament_install'
[0.186s] Level 1:colcon.colcon_core.package_identification:_identify(models/mujoco_menagerie/flexiv_rizon4/assets/link7) by extensions ['colcon_pkg']
[0.186s] Level 1:colcon.colcon_core.package_identification:_identify(models/mujoco_menagerie/flexiv_rizon4/assets/link7) by extension 'colcon_pkg'
[0.186s] Level 1:colcon.colcon_core.package_identification:_identify(models/mujoco_menagerie/flexiv_rizon4/assets/link7) by extensions ['colcon_meta']
[0.186s] Level 1:colcon.colcon_core.package_identification:_identify(models/mujoco_menagerie/flexiv_rizon4/assets/link7) by extension 'colcon_meta'
[0.187s] Level 1:colcon.colcon_core.package_identification:_identify(models/mujoco_menagerie/flexiv_rizon4/assets/link7) by extensions ['ros']
[0.187s] Level 1:colcon.colcon_core.package_identification:_identify(models/mujoco_menagerie/flexiv_rizon4/assets/link7) by extension 'ros'
[0.187s] Level 1:colcon.colcon_core.package_identification:_identify(models/mujoco_menagerie/flexiv_rizon4/assets/link7) by extensions ['cmake', 'python']
[0.187s] Level 1:colcon.colcon_core.package_identification:_identify(models/mujoco_menagerie/flexiv_rizon4/assets/link7) by extension 'cmake'
[0.187s] Level 1:colcon.colcon_core.package_identification:_identify(models/mujoco_menagerie/flexiv_rizon4/assets/link7) by extension 'python'
[0.187s] Level 1:colcon.colcon_core.package_identification:_identify(models/mujoco_menagerie/flexiv_rizon4/assets/link7) by extensions ['python_setup_py']
[0.187s] Level 1:colcon.colcon_core.package_identification:_identify(models/mujoco_menagerie/flexiv_rizon4/assets/link7) by extension 'python_setup_py'
[0.187s] Level 1:colcon.colcon_core.package_identification:_identify(models/mujoco_menagerie/flexiv_rizon4s) by extensions ['ignore', 'ignore_ament_install']
[0.187s] Level 1:colcon.colcon_core.package_identification:_identify(models/mujoco_menagerie/flexiv_rizon4s) by extension 'ignore'
[0.187s] Level 1:colcon.colcon_core.package_identification:_identify(models/mujoco_menagerie/flexiv_rizon4s) by extension 'ignore_ament_install'
[0.187s] Level 1:colcon.colcon_core.package_identification:_identify(models/mujoco_menagerie/flexiv_rizon4s) by extensions ['colcon_pkg']
[0.187s] Level 1:colcon.colcon_core.package_identification:_identify(models/mujoco_menagerie/flexiv_rizon4s) by extension 'colcon_pkg'
[0.187s] Level 1:colcon.colcon_core.package_identification:_identify(models/mujoco_menagerie/flexiv_rizon4s) by extensions ['colcon_meta']
[0.187s] Level 1:colcon.colcon_core.package_identification:_identify(models/mujoco_menagerie/flexiv_rizon4s) by extension 'colcon_meta'
[0.187s] Level 1:colcon.colcon_core.package_identification:_identify(models/mujoco_menagerie/flexiv_rizon4s) by extensions ['ros']
[0.187s] Level 1:colcon.colcon_core.package_identification:_identify(models/mujoco_menagerie/flexiv_rizon4s) by extension 'ros'
[0.187s] Level 1:colcon.colcon_core.package_identification:_identify(models/mujoco_menagerie/flexiv_rizon4s) by extensions ['cmake', 'python']
[0.187s] Level 1:colcon.colcon_core.package_identification:_identify(models/mujoco_menagerie/flexiv_rizon4s) by extension 'cmake'
[0.187s] Level 1:colcon.colcon_core.package_identification:_identify(models/mujoco_menagerie/flexiv_rizon4s) by extension 'python'
[0.187s] Level 1:colcon.colcon_core.package_identification:_identify(models/mujoco_menagerie/flexiv_rizon4s) by extensions ['python_setup_py']
[0.187s] Level 1:colcon.colcon_core.package_identification:_identify(models/mujoco_menagerie/flexiv_rizon4s) by extension 'python_setup_py'
[0.187s] Level 1:colcon.colcon_core.package_identification:_identify(models/mujoco_menagerie/flexiv_rizon4s/assets) by extensions ['ignore', 'ignore_ament_install']
[0.187s] Level 1:colcon.colcon_core.package_identification:_identify(models/mujoco_menagerie/flexiv_rizon4s/assets) by extension 'ignore'
[0.187s] Level 1:colcon.colcon_core.package_identification:_identify(models/mujoco_menagerie/flexiv_rizon4s/assets) by extension 'ignore_ament_install'
[0.187s] Level 1:colcon.colcon_core.package_identification:_identify(models/mujoco_menagerie/flexiv_rizon4s/assets) by extensions ['colcon_pkg']
[0.187s] Level 1:colcon.colcon_core.package_identification:_identify(models/mujoco_menagerie/flexiv_rizon4s/assets) by extension 'colcon_pkg'
[0.187s] Level 1:colcon.colcon_core.package_identification:_identify(models/mujoco_menagerie/flexiv_rizon4s/assets) by extensions ['colcon_meta']
[0.187s] Level 1:colcon.colcon_core.package_identification:_identify(models/mujoco_menagerie/flexiv_rizon4s/assets) by extension 'colcon_meta'
[0.187s] Level 1:colcon.colcon_core.package_identification:_identify(models/mujoco_menagerie/flexiv_rizon4s/assets) by extensions ['ros']
[0.187s] Level 1:colcon.colcon_core.package_identification:_identify(models/mujoco_menagerie/flexiv_rizon4s/assets) by extension 'ros'
[0.188s] Level 1:colcon.colcon_core.package_identification:_identify(models/mujoco_menagerie/flexiv_rizon4s/assets) by extensions ['cmake', 'python']
[0.188s] Level 1:colcon.colcon_core.package_identification:_identify(models/mujoco_menagerie/flexiv_rizon4s/assets) by extension 'cmake'
[0.188s] Level 1:colcon.colcon_core.package_identification:_identify(models/mujoco_menagerie/flexiv_rizon4s/assets) by extension 'python'
[0.188s] Level 1:colcon.colcon_core.package_identification:_identify(models/mujoco_menagerie/flexiv_rizon4s/assets) by extensions ['python_setup_py']
[0.188s] Level 1:colcon.colcon_core.package_identification:_identify(models/mujoco_menagerie/flexiv_rizon4s/assets) by extension 'python_setup_py'
[0.188s] Level 1:colcon.colcon_core.package_identification:_identify(models/mujoco_menagerie/flexiv_rizon4s/assets/link0) by extensions ['ignore', 'ignore_ament_install']
[0.188s] Level 1:colcon.colcon_core.package_identification:_identify(models/mujoco_menagerie/flexiv_rizon4s/assets/link0) by extension 'ignore'
[0.188s] Level 1:colcon.colcon_core.package_identification:_identify(models/mujoco_menagerie/flexiv_rizon4s/assets/link0) by extension 'ignore_ament_install'
[0.188s] Level 1:colcon.colcon_core.package_identification:_identify(models/mujoco_menagerie/flexiv_rizon4s/assets/link0) by extensions ['colcon_pkg']
[0.188s] Level 1:colcon.colcon_core.package_identification:_identify(models/mujoco_menagerie/flexiv_rizon4s/assets/link0) by extension 'colcon_pkg'
[0.188s] Level 1:colcon.colcon_core.package_identification:_identify(models/mujoco_menagerie/flexiv_rizon4s/assets/link0) by extensions ['colcon_meta']
[0.188s] Level 1:colcon.colcon_core.package_identification:_identify(models/mujoco_menagerie/flexiv_rizon4s/assets/link0) by extension 'colcon_meta'
[0.188s] Level 1:colcon.colcon_core.package_identification:_identify(models/mujoco_menagerie/flexiv_rizon4s/assets/link0) by extensions ['ros']
[0.188s] Level 1:colcon.colcon_core.package_identification:_identify(models/mujoco_menagerie/flexiv_rizon4s/assets/link0) by extension 'ros'
[0.188s] Level 1:colcon.colcon_core.package_identification:_identify(models/mujoco_menagerie/flexiv_rizon4s/assets/link0) by extensions ['cmake', 'python']
[0.188s] Level 1:colcon.colcon_core.package_identification:_identify(models/mujoco_menagerie/flexiv_rizon4s/assets/link0) by extension 'cmake'
[0.188s] Level 1:colcon.colcon_core.package_identification:_identify(models/mujoco_menagerie/flexiv_rizon4s/assets/link0) by extension 'python'
[0.188s] Level 1:colcon.colcon_core.package_identification:_identify(models/mujoco_menagerie/flexiv_rizon4s/assets/link0) by extensions ['python_setup_py']
[0.188s] Level 1:colcon.colcon_core.package_identification:_identify(models/mujoco_menagerie/flexiv_rizon4s/assets/link0) by extension 'python_setup_py'
[0.188s] Level 1:colcon.colcon_core.package_identification:_identify(models/mujoco_menagerie/flexiv_rizon4s/assets/link1) by extensions ['ignore', 'ignore_ament_install']
[0.188s] Level 1:colcon.colcon_core.package_identification:_identify(models/mujoco_menagerie/flexiv_rizon4s/assets/link1) by extension 'ignore'
[0.188s] Level 1:colcon.colcon_core.package_identification:_identify(models/mujoco_menagerie/flexiv_rizon4s/assets/link1) by extension 'ignore_ament_install'
[0.188s] Level 1:colcon.colcon_core.package_identification:_identify(models/mujoco_menagerie/flexiv_rizon4s/assets/link1) by extensions ['colcon_pkg']
[0.188s] Level 1:colcon.colcon_core.package_identification:_identify(models/mujoco_menagerie/flexiv_rizon4s/assets/link1) by extension 'colcon_pkg'
[0.188s] Level 1:colcon.colcon_core.package_identification:_identify(models/mujoco_menagerie/flexiv_rizon4s/assets/link1) by extensions ['colcon_meta']
[0.188s] Level 1:colcon.colcon_core.package_identification:_identify(models/mujoco_menagerie/flexiv_rizon4s/assets/link1) by extension 'colcon_meta'
[0.188s] Level 1:colcon.colcon_core.package_identification:_identify(models/mujoco_menagerie/flexiv_rizon4s/assets/link1) by extensions ['ros']
[0.188s] Level 1:colcon.colcon_core.package_identification:_identify(models/mujoco_menagerie/flexiv_rizon4s/assets/link1) by extension 'ros'
[0.189s] Level 1:colcon.colcon_core.package_identification:_identify(models/mujoco_menagerie/flexiv_rizon4s/assets/link1) by extensions ['cmake', 'python']
[0.189s] Level 1:colcon.colcon_core.package_identification:_identify(models/mujoco_menagerie/flexiv_rizon4s/assets/link1) by extension 'cmake'
[0.189s] Level 1:colcon.colcon_core.package_identification:_identify(models/mujoco_menagerie/flexiv_rizon4s/assets/link1) by extension 'python'
[0.189s] Level 1:colcon.colcon_core.package_identification:_identify(models/mujoco_menagerie/flexiv_rizon4s/assets/link1) by extensions ['python_setup_py']
[0.189s] Level 1:colcon.colcon_core.package_identification:_identify(models/mujoco_menagerie/flexiv_rizon4s/assets/link1) by extension 'python_setup_py'
[0.189s] Level 1:colcon.colcon_core.package_identification:_identify(models/mujoco_menagerie/flexiv_rizon4s/assets/link2) by extensions ['ignore', 'ignore_ament_install']
[0.189s] Level 1:colcon.colcon_core.package_identification:_identify(models/mujoco_menagerie/flexiv_rizon4s/assets/link2) by extension 'ignore'
[0.189s] Level 1:colcon.colcon_core.package_identification:_identify(models/mujoco_menagerie/flexiv_rizon4s/assets/link2) by extension 'ignore_ament_install'
[0.189s] Level 1:colcon.colcon_core.package_identification:_identify(models/mujoco_menagerie/flexiv_rizon4s/assets/link2) by extensions ['colcon_pkg']
[0.189s] Level 1:colcon.colcon_core.package_identification:_identify(models/mujoco_menagerie/flexiv_rizon4s/assets/link2) by extension 'colcon_pkg'
[0.189s] Level 1:colcon.colcon_core.package_identification:_identify(models/mujoco_menagerie/flexiv_rizon4s/assets/link2) by extensions ['colcon_meta']
[0.189s] Level 1:colcon.colcon_core.package_identification:_identify(models/mujoco_menagerie/flexiv_rizon4s/assets/link2) by extension 'colcon_meta'
[0.189s] Level 1:colcon.colcon_core.package_identification:_identify(models/mujoco_menagerie/flexiv_rizon4s/assets/link2) by extensions ['ros']
[0.189s] Level 1:colcon.colcon_core.package_identification:_identify(models/mujoco_menagerie/flexiv_rizon4s/assets/link2) by extension 'ros'
[0.189s] Level 1:colcon.colcon_core.package_identification:_identify(models/mujoco_menagerie/flexiv_rizon4s/assets/link2) by extensions ['cmake', 'python']
[0.189s] Level 1:colcon.colcon_core.package_identification:_identify(models/mujoco_menagerie/flexiv_rizon4s/assets/link2) by extension 'cmake'
[0.189s] Level 1:colcon.colcon_core.package_identification:_identify(models/mujoco_menagerie/flexiv_rizon4s/assets/link2) by extension 'python'
[0.189s] Level 1:colcon.colcon_core.package_identification:_identify(models/mujoco_menagerie/flexiv_rizon4s/assets/link2) by extensions ['python_setup_py']
[0.189s] Level 1:colcon.colcon_core.package_identification:_identify(models/mujoco_menagerie/flexiv_rizon4s/assets/link2) by extension 'python_setup_py'
[0.189s] Level 1:colcon.colcon_core.package_identification:_identify(models/mujoco_menagerie/flexiv_rizon4s/assets/link3) by extensions ['ignore', 'ignore_ament_install']
[0.189s] Level 1:colcon.colcon_core.package_identification:_identify(models/mujoco_menagerie/flexiv_rizon4s/assets/link3) by extension 'ignore'
[0.189s] Level 1:colcon.colcon_core.package_identification:_identify(models/mujoco_menagerie/flexiv_rizon4s/assets/link3) by extension 'ignore_ament_install'
[0.189s] Level 1:colcon.colcon_core.package_identification:_identify(models/mujoco_menagerie/flexiv_rizon4s/assets/link3) by extensions ['colcon_pkg']
[0.189s] Level 1:colcon.colcon_core.package_identification:_identify(models/mujoco_menagerie/flexiv_rizon4s/assets/link3) by extension 'colcon_pkg'
[0.189s] Level 1:colcon.colcon_core.package_identification:_identify(models/mujoco_menagerie/flexiv_rizon4s/assets/link3) by extensions ['colcon_meta']
[0.189s] Level 1:colcon.colcon_core.package_identification:_identify(models/mujoco_menagerie/flexiv_rizon4s/assets/link3) by extension 'colcon_meta'
[0.189s] Level 1:colcon.colcon_core.package_identification:_identify(models/mujoco_menagerie/flexiv_rizon4s/assets/link3) by extensions ['ros']
[0.189s] Level 1:colcon.colcon_core.package_identification:_identify(models/mujoco_menagerie/flexiv_rizon4s/assets/link3) by extension 'ros'
[0.189s] Level 1:colcon.colcon_core.package_identification:_identify(models/mujoco_menagerie/flexiv_rizon4s/assets/link3) by extensions ['cmake', 'python']
[0.190s] Level 1:colcon.colcon_core.package_identification:_identify(models/mujoco_menagerie/flexiv_rizon4s/assets/link3) by extension 'cmake'
[0.190s] Level 1:colcon.colcon_core.package_identification:_identify(models/mujoco_menagerie/flexiv_rizon4s/assets/link3) by extension 'python'
[0.190s] Level 1:colcon.colcon_core.package_identification:_identify(models/mujoco_menagerie/flexiv_rizon4s/assets/link3) by extensions ['python_setup_py']
[0.190s] Level 1:colcon.colcon_core.package_identification:_identify(models/mujoco_menagerie/flexiv_rizon4s/assets/link3) by extension 'python_setup_py'
[0.190s] Level 1:colcon.colcon_core.package_identification:_identify(models/mujoco_menagerie/flexiv_rizon4s/assets/link3r) by extensions ['ignore', 'ignore_ament_install']
[0.190s] Level 1:colcon.colcon_core.package_identification:_identify(models/mujoco_menagerie/flexiv_rizon4s/assets/link3r) by extension 'ignore'
[0.190s] Level 1:colcon.colcon_core.package_identification:_identify(models/mujoco_menagerie/flexiv_rizon4s/assets/link3r) by extension 'ignore_ament_install'
[0.190s] Level 1:colcon.colcon_core.package_identification:_identify(models/mujoco_menagerie/flexiv_rizon4s/assets/link3r) by extensions ['colcon_pkg']
[0.190s] Level 1:colcon.colcon_core.package_identification:_identify(models/mujoco_menagerie/flexiv_rizon4s/assets/link3r) by extension 'colcon_pkg'
[0.190s] Level 1:colcon.colcon_core.package_identification:_identify(models/mujoco_menagerie/flexiv_rizon4s/assets/link3r) by extensions ['colcon_meta']
[0.190s] Level 1:colcon.colcon_core.package_identification:_identify(models/mujoco_menagerie/flexiv_rizon4s/assets/link3r) by extension 'colcon_meta'
[0.190s] Level 1:colcon.colcon_core.package_identification:_identify(models/mujoco_menagerie/flexiv_rizon4s/assets/link3r) by extensions ['ros']
[0.190s] Level 1:colcon.colcon_core.package_identification:_identify(models/mujoco_menagerie/flexiv_rizon4s/assets/link3r) by extension 'ros'
[0.190s] Level 1:colcon.colcon_core.package_identification:_identify(models/mujoco_menagerie/flexiv_rizon4s/assets/link3r) by extensions ['cmake', 'python']
[0.190s] Level 1:colcon.colcon_core.package_identification:_identify(models/mujoco_menagerie/flexiv_rizon4s/assets/link3r) by extension 'cmake'
[0.190s] Level 1:colcon.colcon_core.package_identification:_identify(models/mujoco_menagerie/flexiv_rizon4s/assets/link3r) by extension 'python'
[0.190s] Level 1:colcon.colcon_core.package_identification:_identify(models/mujoco_menagerie/flexiv_rizon4s/assets/link3r) by extensions ['python_setup_py']
[0.190s] Level 1:colcon.colcon_core.package_identification:_identify(models/mujoco_menagerie/flexiv_rizon4s/assets/link3r) by extension 'python_setup_py'
[0.190s] Level 1:colcon.colcon_core.package_identification:_identify(models/mujoco_menagerie/flexiv_rizon4s/assets/link4) by extensions ['ignore', 'ignore_ament_install']
[0.190s] Level 1:colcon.colcon_core.package_identification:_identify(models/mujoco_menagerie/flexiv_rizon4s/assets/link4) by extension 'ignore'
[0.190s] Level 1:colcon.colcon_core.package_identification:_identify(models/mujoco_menagerie/flexiv_rizon4s/assets/link4) by extension 'ignore_ament_install'
[0.190s] Level 1:colcon.colcon_core.package_identification:_identify(models/mujoco_menagerie/flexiv_rizon4s/assets/link4) by extensions ['colcon_pkg']
[0.190s] Level 1:colcon.colcon_core.package_identification:_identify(models/mujoco_menagerie/flexiv_rizon4s/assets/link4) by extension 'colcon_pkg'
[0.190s] Level 1:colcon.colcon_core.package_identification:_identify(models/mujoco_menagerie/flexiv_rizon4s/assets/link4) by extensions ['colcon_meta']
[0.190s] Level 1:colcon.colcon_core.package_identification:_identify(models/mujoco_menagerie/flexiv_rizon4s/assets/link4) by extension 'colcon_meta'
[0.190s] Level 1:colcon.colcon_core.package_identification:_identify(models/mujoco_menagerie/flexiv_rizon4s/assets/link4) by extensions ['ros']
[0.190s] Level 1:colcon.colcon_core.package_identification:_identify(models/mujoco_menagerie/flexiv_rizon4s/assets/link4) by extension 'ros'
[0.191s] Level 1:colcon.colcon_core.package_identification:_identify(models/mujoco_menagerie/flexiv_rizon4s/assets/link4) by extensions ['cmake', 'python']
[0.191s] Level 1:colcon.colcon_core.package_identification:_identify(models/mujoco_menagerie/flexiv_rizon4s/assets/link4) by extension 'cmake'
[0.191s] Level 1:colcon.colcon_core.package_identification:_identify(models/mujoco_menagerie/flexiv_rizon4s/assets/link4) by extension 'python'
[0.191s] Level 1:colcon.colcon_core.package_identification:_identify(models/mujoco_menagerie/flexiv_rizon4s/assets/link4) by extensions ['python_setup_py']
[0.191s] Level 1:colcon.colcon_core.package_identification:_identify(models/mujoco_menagerie/flexiv_rizon4s/assets/link4) by extension 'python_setup_py'
[0.191s] Level 1:colcon.colcon_core.package_identification:_identify(models/mujoco_menagerie/flexiv_rizon4s/assets/link4r) by extensions ['ignore', 'ignore_ament_install']
[0.191s] Level 1:colcon.colcon_core.package_identification:_identify(models/mujoco_menagerie/flexiv_rizon4s/assets/link4r) by extension 'ignore'
[0.191s] Level 1:colcon.colcon_core.package_identification:_identify(models/mujoco_menagerie/flexiv_rizon4s/assets/link4r) by extension 'ignore_ament_install'
[0.191s] Level 1:colcon.colcon_core.package_identification:_identify(models/mujoco_menagerie/flexiv_rizon4s/assets/link4r) by extensions ['colcon_pkg']
[0.191s] Level 1:colcon.colcon_core.package_identification:_identify(models/mujoco_menagerie/flexiv_rizon4s/assets/link4r) by extension 'colcon_pkg'
[0.191s] Level 1:colcon.colcon_core.package_identification:_identify(models/mujoco_menagerie/flexiv_rizon4s/assets/link4r) by extensions ['colcon_meta']
[0.191s] Level 1:colcon.colcon_core.package_identification:_identify(models/mujoco_menagerie/flexiv_rizon4s/assets/link4r) by extension 'colcon_meta'
[0.191s] Level 1:colcon.colcon_core.package_identification:_identify(models/mujoco_menagerie/flexiv_rizon4s/assets/link4r) by extensions ['ros']
[0.191s] Level 1:colcon.colcon_core.package_identification:_identify(models/mujoco_menagerie/flexiv_rizon4s/assets/link4r) by extension 'ros'
[0.191s] Level 1:colcon.colcon_core.package_identification:_identify(models/mujoco_menagerie/flexiv_rizon4s/assets/link4r) by extensions ['cmake', 'python']
[0.191s] Level 1:colcon.colcon_core.package_identification:_identify(models/mujoco_menagerie/flexiv_rizon4s/assets/link4r) by extension 'cmake'
[0.191s] Level 1:colcon.colcon_core.package_identification:_identify(models/mujoco_menagerie/flexiv_rizon4s/assets/link4r) by extension 'python'
[0.191s] Level 1:colcon.colcon_core.package_identification:_identify(models/mujoco_menagerie/flexiv_rizon4s/assets/link4r) by extensions ['python_setup_py']
[0.191s] Level 1:colcon.colcon_core.package_identification:_identify(models/mujoco_menagerie/flexiv_rizon4s/assets/link4r) by extension 'python_setup_py'
[0.191s] Level 1:colcon.colcon_core.package_identification:_identify(models/mujoco_menagerie/flexiv_rizon4s/assets/link5) by extensions ['ignore', 'ignore_ament_install']
[0.191s] Level 1:colcon.colcon_core.package_identification:_identify(models/mujoco_menagerie/flexiv_rizon4s/assets/link5) by extension 'ignore'
[0.191s] Level 1:colcon.colcon_core.package_identification:_identify(models/mujoco_menagerie/flexiv_rizon4s/assets/link5) by extension 'ignore_ament_install'
[0.191s] Level 1:colcon.colcon_core.package_identification:_identify(models/mujoco_menagerie/flexiv_rizon4s/assets/link5) by extensions ['colcon_pkg']
[0.191s] Level 1:colcon.colcon_core.package_identification:_identify(models/mujoco_menagerie/flexiv_rizon4s/assets/link5) by extension 'colcon_pkg'
[0.191s] Level 1:colcon.colcon_core.package_identification:_identify(models/mujoco_menagerie/flexiv_rizon4s/assets/link5) by extensions ['colcon_meta']
[0.191s] Level 1:colcon.colcon_core.package_identification:_identify(models/mujoco_menagerie/flexiv_rizon4s/assets/link5) by extension 'colcon_meta'
[0.191s] Level 1:colcon.colcon_core.package_identification:_identify(models/mujoco_menagerie/flexiv_rizon4s/assets/link5) by extensions ['ros']
[0.192s] Level 1:colcon.colcon_core.package_identification:_identify(models/mujoco_menagerie/flexiv_rizon4s/assets/link5) by extension 'ros'
[0.192s] Level 1:colcon.colcon_core.package_identification:_identify(models/mujoco_menagerie/flexiv_rizon4s/assets/link5) by extensions ['cmake', 'python']
[0.192s] Level 1:colcon.colcon_core.package_identification:_identify(models/mujoco_menagerie/flexiv_rizon4s/assets/link5) by extension 'cmake'
[0.192s] Level 1:colcon.colcon_core.package_identification:_identify(models/mujoco_menagerie/flexiv_rizon4s/assets/link5) by extension 'python'
[0.192s] Level 1:colcon.colcon_core.package_identification:_identify(models/mujoco_menagerie/flexiv_rizon4s/assets/link5) by extensions ['python_setup_py']
[0.192s] Level 1:colcon.colcon_core.package_identification:_identify(models/mujoco_menagerie/flexiv_rizon4s/assets/link5) by extension 'python_setup_py'
[0.192s] Level 1:colcon.colcon_core.package_identification:_identify(models/mujoco_menagerie/flexiv_rizon4s/assets/link6) by extensions ['ignore', 'ignore_ament_install']
[0.192s] Level 1:colcon.colcon_core.package_identification:_identify(models/mujoco_menagerie/flexiv_rizon4s/assets/link6) by extension 'ignore'
[0.192s] Level 1:colcon.colcon_core.package_identification:_identify(models/mujoco_menagerie/flexiv_rizon4s/assets/link6) by extension 'ignore_ament_install'
[0.192s] Level 1:colcon.colcon_core.package_identification:_identify(models/mujoco_menagerie/flexiv_rizon4s/assets/link6) by extensions ['colcon_pkg']
[0.192s] Level 1:colcon.colcon_core.package_identification:_identify(models/mujoco_menagerie/flexiv_rizon4s/assets/link6) by extension 'colcon_pkg'
[0.192s] Level 1:colcon.colcon_core.package_identification:_identify(models/mujoco_menagerie/flexiv_rizon4s/assets/link6) by extensions ['colcon_meta']
[0.192s] Level 1:colcon.colcon_core.package_identification:_identify(models/mujoco_menagerie/flexiv_rizon4s/assets/link6) by extension 'colcon_meta'
[0.192s] Level 1:colcon.colcon_core.package_identification:_identify(models/mujoco_menagerie/flexiv_rizon4s/assets/link6) by extensions ['ros']
[0.192s] Level 1:colcon.colcon_core.package_identification:_identify(models/mujoco_menagerie/flexiv_rizon4s/assets/link6) by extension 'ros'
[0.192s] Level 1:colcon.colcon_core.package_identification:_identify(models/mujoco_menagerie/flexiv_rizon4s/assets/link6) by extensions ['cmake', 'python']
[0.192s] Level 1:colcon.colcon_core.package_identification:_identify(models/mujoco_menagerie/flexiv_rizon4s/assets/link6) by extension 'cmake'
[0.192s] Level 1:colcon.colcon_core.package_identification:_identify(models/mujoco_menagerie/flexiv_rizon4s/assets/link6) by extension 'python'
[0.192s] Level 1:colcon.colcon_core.package_identification:_identify(models/mujoco_menagerie/flexiv_rizon4s/assets/link6) by extensions ['python_setup_py']
[0.192s] Level 1:colcon.colcon_core.package_identification:_identify(models/mujoco_menagerie/flexiv_rizon4s/assets/link6) by extension 'python_setup_py'
[0.192s] Level 1:colcon.colcon_core.package_identification:_identify(models/mujoco_menagerie/flexiv_rizon4s/assets/link6r) by extensions ['ignore', 'ignore_ament_install']
[0.192s] Level 1:colcon.colcon_core.package_identification:_identify(models/mujoco_menagerie/flexiv_rizon4s/assets/link6r) by extension 'ignore'
[0.192s] Level 1:colcon.colcon_core.package_identification:_identify(models/mujoco_menagerie/flexiv_rizon4s/assets/link6r) by extension 'ignore_ament_install'
[0.192s] Level 1:colcon.colcon_core.package_identification:_identify(models/mujoco_menagerie/flexiv_rizon4s/assets/link6r) by extensions ['colcon_pkg']
[0.192s] Level 1:colcon.colcon_core.package_identification:_identify(models/mujoco_menagerie/flexiv_rizon4s/assets/link6r) by extension 'colcon_pkg'
[0.192s] Level 1:colcon.colcon_core.package_identification:_identify(models/mujoco_menagerie/flexiv_rizon4s/assets/link6r) by extensions ['colcon_meta']
[0.192s] Level 1:colcon.colcon_core.package_identification:_identify(models/mujoco_menagerie/flexiv_rizon4s/assets/link6r) by extension 'colcon_meta'
[0.193s] Level 1:colcon.colcon_core.package_identification:_identify(models/mujoco_menagerie/flexiv_rizon4s/assets/link6r) by extensions ['ros']
[0.193s] Level 1:colcon.colcon_core.package_identification:_identify(models/mujoco_menagerie/flexiv_rizon4s/assets/link6r) by extension 'ros'
[0.193s] Level 1:colcon.colcon_core.package_identification:_identify(models/mujoco_menagerie/flexiv_rizon4s/assets/link6r) by extensions ['cmake', 'python']
[0.193s] Level 1:colcon.colcon_core.package_identification:_identify(models/mujoco_menagerie/flexiv_rizon4s/assets/link6r) by extension 'cmake'
[0.193s] Level 1:colcon.colcon_core.package_identification:_identify(models/mujoco_menagerie/flexiv_rizon4s/assets/link6r) by extension 'python'
[0.193s] Level 1:colcon.colcon_core.package_identification:_identify(models/mujoco_menagerie/flexiv_rizon4s/assets/link6r) by extensions ['python_setup_py']
[0.193s] Level 1:colcon.colcon_core.package_identification:_identify(models/mujoco_menagerie/flexiv_rizon4s/assets/link6r) by extension 'python_setup_py'
[0.193s] Level 1:colcon.colcon_core.package_identification:_identify(models/mujoco_menagerie/flexiv_rizon4s/assets/link7) by extensions ['ignore', 'ignore_ament_install']
[0.193s] Level 1:colcon.colcon_core.package_identification:_identify(models/mujoco_menagerie/flexiv_rizon4s/assets/link7) by extension 'ignore'
[0.193s] Level 1:colcon.colcon_core.package_identification:_identify(models/mujoco_menagerie/flexiv_rizon4s/assets/link7) by extension 'ignore_ament_install'
[0.193s] Level 1:colcon.colcon_core.package_identification:_identify(models/mujoco_menagerie/flexiv_rizon4s/assets/link7) by extensions ['colcon_pkg']
[0.193s] Level 1:colcon.colcon_core.package_identification:_identify(models/mujoco_menagerie/flexiv_rizon4s/assets/link7) by extension 'colcon_pkg'
[0.193s] Level 1:colcon.colcon_core.package_identification:_identify(models/mujoco_menagerie/flexiv_rizon4s/assets/link7) by extensions ['colcon_meta']
[0.193s] Level 1:colcon.colcon_core.package_identification:_identify(models/mujoco_menagerie/flexiv_rizon4s/assets/link7) by extension 'colcon_meta'
[0.193s] Level 1:colcon.colcon_core.package_identification:_identify(models/mujoco_menagerie/flexiv_rizon4s/assets/link7) by extensions ['ros']
[0.193s] Level 1:colcon.colcon_core.package_identification:_identify(models/mujoco_menagerie/flexiv_rizon4s/assets/link7) by extension 'ros'
[0.193s] Level 1:colcon.colcon_core.package_identification:_identify(models/mujoco_menagerie/flexiv_rizon4s/assets/link7) by extensions ['cmake', 'python']
[0.193s] Level 1:colcon.colcon_core.package_identification:_identify(models/mujoco_menagerie/flexiv_rizon4s/assets/link7) by extension 'cmake'
[0.193s] Level 1:colcon.colcon_core.package_identification:_identify(models/mujoco_menagerie/flexiv_rizon4s/assets/link7) by extension 'python'
[0.193s] Level 1:colcon.colcon_core.package_identification:_identify(models/mujoco_menagerie/flexiv_rizon4s/assets/link7) by extensions ['python_setup_py']
[0.193s] Level 1:colcon.colcon_core.package_identification:_identify(models/mujoco_menagerie/flexiv_rizon4s/assets/link7) by extension 'python_setup_py'
[0.193s] Level 1:colcon.colcon_core.package_identification:_identify(models/mujoco_menagerie/flexiv_rizon4s/assets/ring) by extensions ['ignore', 'ignore_ament_install']
[0.193s] Level 1:colcon.colcon_core.package_identification:_identify(models/mujoco_menagerie/flexiv_rizon4s/assets/ring) by extension 'ignore'
[0.193s] Level 1:colcon.colcon_core.package_identification:_identify(models/mujoco_menagerie/flexiv_rizon4s/assets/ring) by extension 'ignore_ament_install'
[0.193s] Level 1:colcon.colcon_core.package_identification:_identify(models/mujoco_menagerie/flexiv_rizon4s/assets/ring) by extensions ['colcon_pkg']
[0.193s] Level 1:colcon.colcon_core.package_identification:_identify(models/mujoco_menagerie/flexiv_rizon4s/assets/ring) by extension 'colcon_pkg'
[0.194s] Level 1:colcon.colcon_core.package_identification:_identify(models/mujoco_menagerie/flexiv_rizon4s/assets/ring) by extensions ['colcon_meta']
[0.194s] Level 1:colcon.colcon_core.package_identification:_identify(models/mujoco_menagerie/flexiv_rizon4s/assets/ring) by extension 'colcon_meta'
[0.194s] Level 1:colcon.colcon_core.package_identification:_identify(models/mujoco_menagerie/flexiv_rizon4s/assets/ring) by extensions ['ros']
[0.194s] Level 1:colcon.colcon_core.package_identification:_identify(models/mujoco_menagerie/flexiv_rizon4s/assets/ring) by extension 'ros'
[0.194s] Level 1:colcon.colcon_core.package_identification:_identify(models/mujoco_menagerie/flexiv_rizon4s/assets/ring) by extensions ['cmake', 'python']
[0.194s] Level 1:colcon.colcon_core.package_identification:_identify(models/mujoco_menagerie/flexiv_rizon4s/assets/ring) by extension 'cmake'
[0.194s] Level 1:colcon.colcon_core.package_identification:_identify(models/mujoco_menagerie/flexiv_rizon4s/assets/ring) by extension 'python'
[0.194s] Level 1:colcon.colcon_core.package_identification:_identify(models/mujoco_menagerie/flexiv_rizon4s/assets/ring) by extensions ['python_setup_py']
[0.194s] Level 1:colcon.colcon_core.package_identification:_identify(models/mujoco_menagerie/flexiv_rizon4s/assets/ring) by extension 'python_setup_py'
[0.194s] Level 1:colcon.colcon_core.package_identification:_identify(models/mujoco_menagerie/flybody) by extensions ['ignore', 'ignore_ament_install']
[0.194s] Level 1:colcon.colcon_core.package_identification:_identify(models/mujoco_menagerie/flybody) by extension 'ignore'
[0.194s] Level 1:colcon.colcon_core.package_identification:_identify(models/mujoco_menagerie/flybody) by extension 'ignore_ament_install'
[0.194s] Level 1:colcon.colcon_core.package_identification:_identify(models/mujoco_menagerie/flybody) by extensions ['colcon_pkg']
[0.194s] Level 1:colcon.colcon_core.package_identification:_identify(models/mujoco_menagerie/flybody) by extension 'colcon_pkg'
[0.194s] Level 1:colcon.colcon_core.package_identification:_identify(models/mujoco_menagerie/flybody) by extensions ['colcon_meta']
[0.194s] Level 1:colcon.colcon_core.package_identification:_identify(models/mujoco_menagerie/flybody) by extension 'colcon_meta'
[0.194s] Level 1:colcon.colcon_core.package_identification:_identify(models/mujoco_menagerie/flybody) by extensions ['ros']
[0.194s] Level 1:colcon.colcon_core.package_identification:_identify(models/mujoco_menagerie/flybody) by extension 'ros'
[0.194s] Level 1:colcon.colcon_core.package_identification:_identify(models/mujoco_menagerie/flybody) by extensions ['cmake', 'python']
[0.194s] Level 1:colcon.colcon_core.package_identification:_identify(models/mujoco_menagerie/flybody) by extension 'cmake'
[0.194s] Level 1:colcon.colcon_core.package_identification:_identify(models/mujoco_menagerie/flybody) by extension 'python'
[0.194s] Level 1:colcon.colcon_core.package_identification:_identify(models/mujoco_menagerie/flybody) by extensions ['python_setup_py']
[0.194s] Level 1:colcon.colcon_core.package_identification:_identify(models/mujoco_menagerie/flybody) by extension 'python_setup_py'
[0.194s] Level 1:colcon.colcon_core.package_identification:_identify(models/mujoco_menagerie/flybody/assets) by extensions ['ignore', 'ignore_ament_install']
[0.194s] Level 1:colcon.colcon_core.package_identification:_identify(models/mujoco_menagerie/flybody/assets) by extension 'ignore'
[0.194s] Level 1:colcon.colcon_core.package_identification:_identify(models/mujoco_menagerie/flybody/assets) by extension 'ignore_ament_install'
[0.195s] Level 1:colcon.colcon_core.package_identification:_identify(models/mujoco_menagerie/flybody/assets) by extensions ['colcon_pkg']
[0.195s] Level 1:colcon.colcon_core.package_identification:_identify(models/mujoco_menagerie/flybody/assets) by extension 'colcon_pkg'
[0.195s] Level 1:colcon.colcon_core.package_identification:_identify(models/mujoco_menagerie/flybody/assets) by extensions ['colcon_meta']
[0.195s] Level 1:colcon.colcon_core.package_identification:_identify(models/mujoco_menagerie/flybody/assets) by extension 'colcon_meta'
[0.195s] Level 1:colcon.colcon_core.package_identification:_identify(models/mujoco_menagerie/flybody/assets) by extensions ['ros']
[0.195s] Level 1:colcon.colcon_core.package_identification:_identify(models/mujoco_menagerie/flybody/assets) by extension 'ros'
[0.195s] Level 1:colcon.colcon_core.package_identification:_identify(models/mujoco_menagerie/flybody/assets) by extensions ['cmake', 'python']
[0.195s] Level 1:colcon.colcon_core.package_identification:_identify(models/mujoco_menagerie/flybody/assets) by extension 'cmake'
[0.195s] Level 1:colcon.colcon_core.package_identification:_identify(models/mujoco_menagerie/flybody/assets) by extension 'python'
[0.195s] Level 1:colcon.colcon_core.package_identification:_identify(models/mujoco_menagerie/flybody/assets) by extensions ['python_setup_py']
[0.195s] Level 1:colcon.colcon_core.package_identification:_identify(models/mujoco_menagerie/flybody/assets) by extension 'python_setup_py'
[0.195s] Level 1:colcon.colcon_core.package_identification:_identify(models/mujoco_menagerie/fourier_n1) by extensions ['ignore', 'ignore_ament_install']
[0.195s] Level 1:colcon.colcon_core.package_identification:_identify(models/mujoco_menagerie/fourier_n1) by extension 'ignore'
[0.195s] Level 1:colcon.colcon_core.package_identification:_identify(models/mujoco_menagerie/fourier_n1) by extension 'ignore_ament_install'
[0.195s] Level 1:colcon.colcon_core.package_identification:_identify(models/mujoco_menagerie/fourier_n1) by extensions ['colcon_pkg']
[0.195s] Level 1:colcon.colcon_core.package_identification:_identify(models/mujoco_menagerie/fourier_n1) by extension 'colcon_pkg'
[0.195s] Level 1:colcon.colcon_core.package_identification:_identify(models/mujoco_menagerie/fourier_n1) by extensions ['colcon_meta']
[0.195s] Level 1:colcon.colcon_core.package_identification:_identify(models/mujoco_menagerie/fourier_n1) by extension 'colcon_meta'
[0.195s] Level 1:colcon.colcon_core.package_identification:_identify(models/mujoco_menagerie/fourier_n1) by extensions ['ros']
[0.195s] Level 1:colcon.colcon_core.package_identification:_identify(models/mujoco_menagerie/fourier_n1) by extension 'ros'
[0.195s] Level 1:colcon.colcon_core.package_identification:_identify(models/mujoco_menagerie/fourier_n1) by extensions ['cmake', 'python']
[0.195s] Level 1:colcon.colcon_core.package_identification:_identify(models/mujoco_menagerie/fourier_n1) by extension 'cmake'
[0.195s] Level 1:colcon.colcon_core.package_identification:_identify(models/mujoco_menagerie/fourier_n1) by extension 'python'
[0.195s] Level 1:colcon.colcon_core.package_identification:_identify(models/mujoco_menagerie/fourier_n1) by extensions ['python_setup_py']
[0.195s] Level 1:colcon.colcon_core.package_identification:_identify(models/mujoco_menagerie/fourier_n1) by extension 'python_setup_py'
[0.195s] Level 1:colcon.colcon_core.package_identification:_identify(models/mujoco_menagerie/fourier_n1/assets) by extensions ['ignore', 'ignore_ament_install']
[0.195s] Level 1:colcon.colcon_core.package_identification:_identify(models/mujoco_menagerie/fourier_n1/assets) by extension 'ignore'
[0.195s] Level 1:colcon.colcon_core.package_identification:_identify(models/mujoco_menagerie/fourier_n1/assets) by extension 'ignore_ament_install'
[0.195s] Level 1:colcon.colcon_core.package_identification:_identify(models/mujoco_menagerie/fourier_n1/assets) by extensions ['colcon_pkg']
[0.196s] Level 1:colcon.colcon_core.package_identification:_identify(models/mujoco_menagerie/fourier_n1/assets) by extension 'colcon_pkg'
[0.196s] Level 1:colcon.colcon_core.package_identification:_identify(models/mujoco_menagerie/fourier_n1/assets) by extensions ['colcon_meta']
[0.196s] Level 1:colcon.colcon_core.package_identification:_identify(models/mujoco_menagerie/fourier_n1/assets) by extension 'colcon_meta'
[0.196s] Level 1:colcon.colcon_core.package_identification:_identify(models/mujoco_menagerie/fourier_n1/assets) by extensions ['ros']
[0.196s] Level 1:colcon.colcon_core.package_identification:_identify(models/mujoco_menagerie/fourier_n1/assets) by extension 'ros'
[0.196s] Level 1:colcon.colcon_core.package_identification:_identify(models/mujoco_menagerie/fourier_n1/assets) by extensions ['cmake', 'python']
[0.196s] Level 1:colcon.colcon_core.package_identification:_identify(models/mujoco_menagerie/fourier_n1/assets) by extension 'cmake'
[0.196s] Level 1:colcon.colcon_core.package_identification:_identify(models/mujoco_menagerie/fourier_n1/assets) by extension 'python'
[0.196s] Level 1:colcon.colcon_core.package_identification:_identify(models/mujoco_menagerie/fourier_n1/assets) by extensions ['python_setup_py']
[0.196s] Level 1:colcon.colcon_core.package_identification:_identify(models/mujoco_menagerie/fourier_n1/assets) by extension 'python_setup_py'
[0.196s] Level 1:colcon.colcon_core.package_identification:_identify(models/mujoco_menagerie/franka_emika_panda) by extensions ['ignore', 'ignore_ament_install']
[0.196s] Level 1:colcon.colcon_core.package_identification:_identify(models/mujoco_menagerie/franka_emika_panda) by extension 'ignore'
[0.196s] Level 1:colcon.colcon_core.package_identification:_identify(models/mujoco_menagerie/franka_emika_panda) by extension 'ignore_ament_install'
[0.196s] Level 1:colcon.colcon_core.package_identification:_identify(models/mujoco_menagerie/franka_emika_panda) by extensions ['colcon_pkg']
[0.196s] Level 1:colcon.colcon_core.package_identification:_identify(models/mujoco_menagerie/franka_emika_panda) by extension 'colcon_pkg'
[0.196s] Level 1:colcon.colcon_core.package_identification:_identify(models/mujoco_menagerie/franka_emika_panda) by extensions ['colcon_meta']
[0.196s] Level 1:colcon.colcon_core.package_identification:_identify(models/mujoco_menagerie/franka_emika_panda) by extension 'colcon_meta'
[0.196s] Level 1:colcon.colcon_core.package_identification:_identify(models/mujoco_menagerie/franka_emika_panda) by extensions ['ros']
[0.196s] Level 1:colcon.colcon_core.package_identification:_identify(models/mujoco_menagerie/franka_emika_panda) by extension 'ros'
[0.196s] Level 1:colcon.colcon_core.package_identification:_identify(models/mujoco_menagerie/franka_emika_panda) by extensions ['cmake', 'python']
[0.196s] Level 1:colcon.colcon_core.package_identification:_identify(models/mujoco_menagerie/franka_emika_panda) by extension 'cmake'
[0.196s] Level 1:colcon.colcon_core.package_identification:_identify(models/mujoco_menagerie/franka_emika_panda) by extension 'python'
[0.196s] Level 1:colcon.colcon_core.package_identification:_identify(models/mujoco_menagerie/franka_emika_panda) by extensions ['python_setup_py']
[0.196s] Level 1:colcon.colcon_core.package_identification:_identify(models/mujoco_menagerie/franka_emika_panda) by extension 'python_setup_py'
[0.196s] Level 1:colcon.colcon_core.package_identification:_identify(models/mujoco_menagerie/franka_emika_panda/assets) by extensions ['ignore', 'ignore_ament_install']
[0.196s] Level 1:colcon.colcon_core.package_identification:_identify(models/mujoco_menagerie/franka_emika_panda/assets) by extension 'ignore'
[0.196s] Level 1:colcon.colcon_core.package_identification:_identify(models/mujoco_menagerie/franka_emika_panda/assets) by extension 'ignore_ament_install'
[0.197s] Level 1:colcon.colcon_core.package_identification:_identify(models/mujoco_menagerie/franka_emika_panda/assets) by extensions ['colcon_pkg']
[0.197s] Level 1:colcon.colcon_core.package_identification:_identify(models/mujoco_menagerie/franka_emika_panda/assets) by extension 'colcon_pkg'
[0.197s] Level 1:colcon.colcon_core.package_identification:_identify(models/mujoco_menagerie/franka_emika_panda/assets) by extensions ['colcon_meta']
[0.197s] Level 1:colcon.colcon_core.package_identification:_identify(models/mujoco_menagerie/franka_emika_panda/assets) by extension 'colcon_meta'
[0.197s] Level 1:colcon.colcon_core.package_identification:_identify(models/mujoco_menagerie/franka_emika_panda/assets) by extensions ['ros']
[0.197s] Level 1:colcon.colcon_core.package_identification:_identify(models/mujoco_menagerie/franka_emika_panda/assets) by extension 'ros'
[0.197s] Level 1:colcon.colcon_core.package_identification:_identify(models/mujoco_menagerie/franka_emika_panda/assets) by extensions ['cmake', 'python']
[0.197s] Level 1:colcon.colcon_core.package_identification:_identify(models/mujoco_menagerie/franka_emika_panda/assets) by extension 'cmake'
[0.197s] Level 1:colcon.colcon_core.package_identification:_identify(models/mujoco_menagerie/franka_emika_panda/assets) by extension 'python'
[0.197s] Level 1:colcon.colcon_core.package_identification:_identify(models/mujoco_menagerie/franka_emika_panda/assets) by extensions ['python_setup_py']
[0.197s] Level 1:colcon.colcon_core.package_identification:_identify(models/mujoco_menagerie/franka_emika_panda/assets) by extension 'python_setup_py'
[0.197s] Level 1:colcon.colcon_core.package_identification:_identify(models/mujoco_menagerie/franka_fr3) by extensions ['ignore', 'ignore_ament_install']
[0.197s] Level 1:colcon.colcon_core.package_identification:_identify(models/mujoco_menagerie/franka_fr3) by extension 'ignore'
[0.197s] Level 1:colcon.colcon_core.package_identification:_identify(models/mujoco_menagerie/franka_fr3) by extension 'ignore_ament_install'
[0.197s] Level 1:colcon.colcon_core.package_identification:_identify(models/mujoco_menagerie/franka_fr3) by extensions ['colcon_pkg']
[0.197s] Level 1:colcon.colcon_core.package_identification:_identify(models/mujoco_menagerie/franka_fr3) by extension 'colcon_pkg'
[0.197s] Level 1:colcon.colcon_core.package_identification:_identify(models/mujoco_menagerie/franka_fr3) by extensions ['colcon_meta']
[0.197s] Level 1:colcon.colcon_core.package_identification:_identify(models/mujoco_menagerie/franka_fr3) by extension 'colcon_meta'
[0.197s] Level 1:colcon.colcon_core.package_identification:_identify(models/mujoco_menagerie/franka_fr3) by extensions ['ros']
[0.197s] Level 1:colcon.colcon_core.package_identification:_identify(models/mujoco_menagerie/franka_fr3) by extension 'ros'
[0.197s] Level 1:colcon.colcon_core.package_identification:_identify(models/mujoco_menagerie/franka_fr3) by extensions ['cmake', 'python']
[0.197s] Level 1:colcon.colcon_core.package_identification:_identify(models/mujoco_menagerie/franka_fr3) by extension 'cmake'
[0.197s] Level 1:colcon.colcon_core.package_identification:_identify(models/mujoco_menagerie/franka_fr3) by extension 'python'
[0.197s] Level 1:colcon.colcon_core.package_identification:_identify(models/mujoco_menagerie/franka_fr3) by extensions ['python_setup_py']
[0.197s] Level 1:colcon.colcon_core.package_identification:_identify(models/mujoco_menagerie/franka_fr3) by extension 'python_setup_py'
[0.197s] Level 1:colcon.colcon_core.package_identification:_identify(models/mujoco_menagerie/franka_fr3/assets) by extensions ['ignore', 'ignore_ament_install']
[0.197s] Level 1:colcon.colcon_core.package_identification:_identify(models/mujoco_menagerie/franka_fr3/assets) by extension 'ignore'
[0.197s] Level 1:colcon.colcon_core.package_identification:_identify(models/mujoco_menagerie/franka_fr3/assets) by extension 'ignore_ament_install'
[0.198s] Level 1:colcon.colcon_core.package_identification:_identify(models/mujoco_menagerie/franka_fr3/assets) by extensions ['colcon_pkg']
[0.198s] Level 1:colcon.colcon_core.package_identification:_identify(models/mujoco_menagerie/franka_fr3/assets) by extension 'colcon_pkg'
[0.198s] Level 1:colcon.colcon_core.package_identification:_identify(models/mujoco_menagerie/franka_fr3/assets) by extensions ['colcon_meta']
[0.198s] Level 1:colcon.colcon_core.package_identification:_identify(models/mujoco_menagerie/franka_fr3/assets) by extension 'colcon_meta'
[0.198s] Level 1:colcon.colcon_core.package_identification:_identify(models/mujoco_menagerie/franka_fr3/assets) by extensions ['ros']
[0.198s] Level 1:colcon.colcon_core.package_identification:_identify(models/mujoco_menagerie/franka_fr3/assets) by extension 'ros'
[0.198s] Level 1:colcon.colcon_core.package_identification:_identify(models/mujoco_menagerie/franka_fr3/assets) by extensions ['cmake', 'python']
[0.198s] Level 1:colcon.colcon_core.package_identification:_identify(models/mujoco_menagerie/franka_fr3/assets) by extension 'cmake'
[0.198s] Level 1:colcon.colcon_core.package_identification:_identify(models/mujoco_menagerie/franka_fr3/assets) by extension 'python'
[0.198s] Level 1:colcon.colcon_core.package_identification:_identify(models/mujoco_menagerie/franka_fr3/assets) by extensions ['python_setup_py']
[0.198s] Level 1:colcon.colcon_core.package_identification:_identify(models/mujoco_menagerie/franka_fr3/assets) by extension 'python_setup_py'
[0.198s] Level 1:colcon.colcon_core.package_identification:_identify(models/mujoco_menagerie/franka_fr3_v2) by extensions ['ignore', 'ignore_ament_install']
[0.198s] Level 1:colcon.colcon_core.package_identification:_identify(models/mujoco_menagerie/franka_fr3_v2) by extension 'ignore'
[0.198s] Level 1:colcon.colcon_core.package_identification:_identify(models/mujoco_menagerie/franka_fr3_v2) by extension 'ignore_ament_install'
[0.198s] Level 1:colcon.colcon_core.package_identification:_identify(models/mujoco_menagerie/franka_fr3_v2) by extensions ['colcon_pkg']
[0.198s] Level 1:colcon.colcon_core.package_identification:_identify(models/mujoco_menagerie/franka_fr3_v2) by extension 'colcon_pkg'
[0.198s] Level 1:colcon.colcon_core.package_identification:_identify(models/mujoco_menagerie/franka_fr3_v2) by extensions ['colcon_meta']
[0.198s] Level 1:colcon.colcon_core.package_identification:_identify(models/mujoco_menagerie/franka_fr3_v2) by extension 'colcon_meta'
[0.198s] Level 1:colcon.colcon_core.package_identification:_identify(models/mujoco_menagerie/franka_fr3_v2) by extensions ['ros']
[0.198s] Level 1:colcon.colcon_core.package_identification:_identify(models/mujoco_menagerie/franka_fr3_v2) by extension 'ros'
[0.198s] Level 1:colcon.colcon_core.package_identification:_identify(models/mujoco_menagerie/franka_fr3_v2) by extensions ['cmake', 'python']
[0.198s] Level 1:colcon.colcon_core.package_identification:_identify(models/mujoco_menagerie/franka_fr3_v2) by extension 'cmake'
[0.198s] Level 1:colcon.colcon_core.package_identification:_identify(models/mujoco_menagerie/franka_fr3_v2) by extension 'python'
[0.198s] Level 1:colcon.colcon_core.package_identification:_identify(models/mujoco_menagerie/franka_fr3_v2) by extensions ['python_setup_py']
[0.198s] Level 1:colcon.colcon_core.package_identification:_identify(models/mujoco_menagerie/franka_fr3_v2) by extension 'python_setup_py'
[0.198s] Level 1:colcon.colcon_core.package_identification:_identify(models/mujoco_menagerie/franka_fr3_v2/assets) by extensions ['ignore', 'ignore_ament_install']
[0.198s] Level 1:colcon.colcon_core.package_identification:_identify(models/mujoco_menagerie/franka_fr3_v2/assets) by extension 'ignore'
[0.198s] Level 1:colcon.colcon_core.package_identification:_identify(models/mujoco_menagerie/franka_fr3_v2/assets) by extension 'ignore_ament_install'
[0.198s] Level 1:colcon.colcon_core.package_identification:_identify(models/mujoco_menagerie/franka_fr3_v2/assets) by extensions ['colcon_pkg']
[0.198s] Level 1:colcon.colcon_core.package_identification:_identify(models/mujoco_menagerie/franka_fr3_v2/assets) by extension 'colcon_pkg'
[0.199s] Level 1:colcon.colcon_core.package_identification:_identify(models/mujoco_menagerie/franka_fr3_v2/assets) by extensions ['colcon_meta']
[0.199s] Level 1:colcon.colcon_core.package_identification:_identify(models/mujoco_menagerie/franka_fr3_v2/assets) by extension 'colcon_meta'
[0.199s] Level 1:colcon.colcon_core.package_identification:_identify(models/mujoco_menagerie/franka_fr3_v2/assets) by extensions ['ros']
[0.199s] Level 1:colcon.colcon_core.package_identification:_identify(models/mujoco_menagerie/franka_fr3_v2/assets) by extension 'ros'
[0.199s] Level 1:colcon.colcon_core.package_identification:_identify(models/mujoco_menagerie/franka_fr3_v2/assets) by extensions ['cmake', 'python']
[0.199s] Level 1:colcon.colcon_core.package_identification:_identify(models/mujoco_menagerie/franka_fr3_v2/assets) by extension 'cmake'
[0.199s] Level 1:colcon.colcon_core.package_identification:_identify(models/mujoco_menagerie/franka_fr3_v2/assets) by extension 'python'
[0.199s] Level 1:colcon.colcon_core.package_identification:_identify(models/mujoco_menagerie/franka_fr3_v2/assets) by extensions ['python_setup_py']
[0.199s] Level 1:colcon.colcon_core.package_identification:_identify(models/mujoco_menagerie/franka_fr3_v2/assets) by extension 'python_setup_py'
[0.199s] Level 1:colcon.colcon_core.package_identification:_identify(models/mujoco_menagerie/google_barkour_v0) by extensions ['ignore', 'ignore_ament_install']
[0.199s] Level 1:colcon.colcon_core.package_identification:_identify(models/mujoco_menagerie/google_barkour_v0) by extension 'ignore'
[0.199s] Level 1:colcon.colcon_core.package_identification:_identify(models/mujoco_menagerie/google_barkour_v0) by extension 'ignore_ament_install'
[0.199s] Level 1:colcon.colcon_core.package_identification:_identify(models/mujoco_menagerie/google_barkour_v0) by extensions ['colcon_pkg']
[0.199s] Level 1:colcon.colcon_core.package_identification:_identify(models/mujoco_menagerie/google_barkour_v0) by extension 'colcon_pkg'
[0.199s] Level 1:colcon.colcon_core.package_identification:_identify(models/mujoco_menagerie/google_barkour_v0) by extensions ['colcon_meta']
[0.199s] Level 1:colcon.colcon_core.package_identification:_identify(models/mujoco_menagerie/google_barkour_v0) by extension 'colcon_meta'
[0.199s] Level 1:colcon.colcon_core.package_identification:_identify(models/mujoco_menagerie/google_barkour_v0) by extensions ['ros']
[0.199s] Level 1:colcon.colcon_core.package_identification:_identify(models/mujoco_menagerie/google_barkour_v0) by extension 'ros'
[0.199s] Level 1:colcon.colcon_core.package_identification:_identify(models/mujoco_menagerie/google_barkour_v0) by extensions ['cmake', 'python']
[0.199s] Level 1:colcon.colcon_core.package_identification:_identify(models/mujoco_menagerie/google_barkour_v0) by extension 'cmake'
[0.199s] Level 1:colcon.colcon_core.package_identification:_identify(models/mujoco_menagerie/google_barkour_v0) by extension 'python'
[0.199s] Level 1:colcon.colcon_core.package_identification:_identify(models/mujoco_menagerie/google_barkour_v0) by extensions ['python_setup_py']
[0.199s] Level 1:colcon.colcon_core.package_identification:_identify(models/mujoco_menagerie/google_barkour_v0) by extension 'python_setup_py'
[0.199s] Level 1:colcon.colcon_core.package_identification:_identify(models/mujoco_menagerie/google_barkour_v0/assets) by extensions ['ignore', 'ignore_ament_install']
[0.199s] Level 1:colcon.colcon_core.package_identification:_identify(models/mujoco_menagerie/google_barkour_v0/assets) by extension 'ignore'
[0.199s] Level 1:colcon.colcon_core.package_identification:_identify(models/mujoco_menagerie/google_barkour_v0/assets) by extension 'ignore_ament_install'
[0.199s] Level 1:colcon.colcon_core.package_identification:_identify(models/mujoco_menagerie/google_barkour_v0/assets) by extensions ['colcon_pkg']
[0.199s] Level 1:colcon.colcon_core.package_identification:_identify(models/mujoco_menagerie/google_barkour_v0/assets) by extension 'colcon_pkg'
[0.199s] Level 1:colcon.colcon_core.package_identification:_identify(models/mujoco_menagerie/google_barkour_v0/assets) by extensions ['colcon_meta']
[0.200s] Level 1:colcon.colcon_core.package_identification:_identify(models/mujoco_menagerie/google_barkour_v0/assets) by extension 'colcon_meta'
[0.200s] Level 1:colcon.colcon_core.package_identification:_identify(models/mujoco_menagerie/google_barkour_v0/assets) by extensions ['ros']
[0.200s] Level 1:colcon.colcon_core.package_identification:_identify(models/mujoco_menagerie/google_barkour_v0/assets) by extension 'ros'
[0.200s] Level 1:colcon.colcon_core.package_identification:_identify(models/mujoco_menagerie/google_barkour_v0/assets) by extensions ['cmake', 'python']
[0.200s] Level 1:colcon.colcon_core.package_identification:_identify(models/mujoco_menagerie/google_barkour_v0/assets) by extension 'cmake'
[0.200s] Level 1:colcon.colcon_core.package_identification:_identify(models/mujoco_menagerie/google_barkour_v0/assets) by extension 'python'
[0.200s] Level 1:colcon.colcon_core.package_identification:_identify(models/mujoco_menagerie/google_barkour_v0/assets) by extensions ['python_setup_py']
[0.200s] Level 1:colcon.colcon_core.package_identification:_identify(models/mujoco_menagerie/google_barkour_v0/assets) by extension 'python_setup_py'
[0.200s] Level 1:colcon.colcon_core.package_identification:_identify(models/mujoco_menagerie/google_barkour_vb) by extensions ['ignore', 'ignore_ament_install']
[0.200s] Level 1:colcon.colcon_core.package_identification:_identify(models/mujoco_menagerie/google_barkour_vb) by extension 'ignore'
[0.200s] Level 1:colcon.colcon_core.package_identification:_identify(models/mujoco_menagerie/google_barkour_vb) by extension 'ignore_ament_install'
[0.200s] Level 1:colcon.colcon_core.package_identification:_identify(models/mujoco_menagerie/google_barkour_vb) by extensions ['colcon_pkg']
[0.200s] Level 1:colcon.colcon_core.package_identification:_identify(models/mujoco_menagerie/google_barkour_vb) by extension 'colcon_pkg'
[0.200s] Level 1:colcon.colcon_core.package_identification:_identify(models/mujoco_menagerie/google_barkour_vb) by extensions ['colcon_meta']
[0.200s] Level 1:colcon.colcon_core.package_identification:_identify(models/mujoco_menagerie/google_barkour_vb) by extension 'colcon_meta'
[0.200s] Level 1:colcon.colcon_core.package_identification:_identify(models/mujoco_menagerie/google_barkour_vb) by extensions ['ros']
[0.200s] Level 1:colcon.colcon_core.package_identification:_identify(models/mujoco_menagerie/google_barkour_vb) by extension 'ros'
[0.200s] Level 1:colcon.colcon_core.package_identification:_identify(models/mujoco_menagerie/google_barkour_vb) by extensions ['cmake', 'python']
[0.200s] Level 1:colcon.colcon_core.package_identification:_identify(models/mujoco_menagerie/google_barkour_vb) by extension 'cmake'
[0.200s] Level 1:colcon.colcon_core.package_identification:_identify(models/mujoco_menagerie/google_barkour_vb) by extension 'python'
[0.200s] Level 1:colcon.colcon_core.package_identification:_identify(models/mujoco_menagerie/google_barkour_vb) by extensions ['python_setup_py']
[0.200s] Level 1:colcon.colcon_core.package_identification:_identify(models/mujoco_menagerie/google_barkour_vb) by extension 'python_setup_py'
[0.200s] Level 1:colcon.colcon_core.package_identification:_identify(models/mujoco_menagerie/google_barkour_vb/assets) by extensions ['ignore', 'ignore_ament_install']
[0.200s] Level 1:colcon.colcon_core.package_identification:_identify(models/mujoco_menagerie/google_barkour_vb/assets) by extension 'ignore'
[0.200s] Level 1:colcon.colcon_core.package_identification:_identify(models/mujoco_menagerie/google_barkour_vb/assets) by extension 'ignore_ament_install'
[0.200s] Level 1:colcon.colcon_core.package_identification:_identify(models/mujoco_menagerie/google_barkour_vb/assets) by extensions ['colcon_pkg']
[0.200s] Level 1:colcon.colcon_core.package_identification:_identify(models/mujoco_menagerie/google_barkour_vb/assets) by extension 'colcon_pkg'
[0.200s] Level 1:colcon.colcon_core.package_identification:_identify(models/mujoco_menagerie/google_barkour_vb/assets) by extensions ['colcon_meta']
[0.200s] Level 1:colcon.colcon_core.package_identification:_identify(models/mujoco_menagerie/google_barkour_vb/assets) by extension 'colcon_meta'
[0.200s] Level 1:colcon.colcon_core.package_identification:_identify(models/mujoco_menagerie/google_barkour_vb/assets) by extensions ['ros']
[0.201s] Level 1:colcon.colcon_core.package_identification:_identify(models/mujoco_menagerie/google_barkour_vb/assets) by extension 'ros'
[0.201s] Level 1:colcon.colcon_core.package_identification:_identify(models/mujoco_menagerie/google_barkour_vb/assets) by extensions ['cmake', 'python']
[0.201s] Level 1:colcon.colcon_core.package_identification:_identify(models/mujoco_menagerie/google_barkour_vb/assets) by extension 'cmake'
[0.201s] Level 1:colcon.colcon_core.package_identification:_identify(models/mujoco_menagerie/google_barkour_vb/assets) by extension 'python'
[0.201s] Level 1:colcon.colcon_core.package_identification:_identify(models/mujoco_menagerie/google_barkour_vb/assets) by extensions ['python_setup_py']
[0.201s] Level 1:colcon.colcon_core.package_identification:_identify(models/mujoco_menagerie/google_barkour_vb/assets) by extension 'python_setup_py'
[0.201s] Level 1:colcon.colcon_core.package_identification:_identify(models/mujoco_menagerie/google_robot) by extensions ['ignore', 'ignore_ament_install']
[0.201s] Level 1:colcon.colcon_core.package_identification:_identify(models/mujoco_menagerie/google_robot) by extension 'ignore'
[0.201s] Level 1:colcon.colcon_core.package_identification:_identify(models/mujoco_menagerie/google_robot) by extension 'ignore_ament_install'
[0.201s] Level 1:colcon.colcon_core.package_identification:_identify(models/mujoco_menagerie/google_robot) by extensions ['colcon_pkg']
[0.201s] Level 1:colcon.colcon_core.package_identification:_identify(models/mujoco_menagerie/google_robot) by extension 'colcon_pkg'
[0.201s] Level 1:colcon.colcon_core.package_identification:_identify(models/mujoco_menagerie/google_robot) by extensions ['colcon_meta']
[0.201s] Level 1:colcon.colcon_core.package_identification:_identify(models/mujoco_menagerie/google_robot) by extension 'colcon_meta'
[0.201s] Level 1:colcon.colcon_core.package_identification:_identify(models/mujoco_menagerie/google_robot) by extensions ['ros']
[0.201s] Level 1:colcon.colcon_core.package_identification:_identify(models/mujoco_menagerie/google_robot) by extension 'ros'
[0.201s] Level 1:colcon.colcon_core.package_identification:_identify(models/mujoco_menagerie/google_robot) by extensions ['cmake', 'python']
[0.201s] Level 1:colcon.colcon_core.package_identification:_identify(models/mujoco_menagerie/google_robot) by extension 'cmake'
[0.201s] Level 1:colcon.colcon_core.package_identification:_identify(models/mujoco_menagerie/google_robot) by extension 'python'
[0.201s] Level 1:colcon.colcon_core.package_identification:_identify(models/mujoco_menagerie/google_robot) by extensions ['python_setup_py']
[0.201s] Level 1:colcon.colcon_core.package_identification:_identify(models/mujoco_menagerie/google_robot) by extension 'python_setup_py'
[0.201s] Level 1:colcon.colcon_core.package_identification:_identify(models/mujoco_menagerie/google_robot/assets) by extensions ['ignore', 'ignore_ament_install']
[0.201s] Level 1:colcon.colcon_core.package_identification:_identify(models/mujoco_menagerie/google_robot/assets) by extension 'ignore'
[0.201s] Level 1:colcon.colcon_core.package_identification:_identify(models/mujoco_menagerie/google_robot/assets) by extension 'ignore_ament_install'
[0.201s] Level 1:colcon.colcon_core.package_identification:_identify(models/mujoco_menagerie/google_robot/assets) by extensions ['colcon_pkg']
[0.201s] Level 1:colcon.colcon_core.package_identification:_identify(models/mujoco_menagerie/google_robot/assets) by extension 'colcon_pkg'
[0.201s] Level 1:colcon.colcon_core.package_identification:_identify(models/mujoco_menagerie/google_robot/assets) by extensions ['colcon_meta']
[0.201s] Level 1:colcon.colcon_core.package_identification:_identify(models/mujoco_menagerie/google_robot/assets) by extension 'colcon_meta'
[0.201s] Level 1:colcon.colcon_core.package_identification:_identify(models/mujoco_menagerie/google_robot/assets) by extensions ['ros']
[0.201s] Level 1:colcon.colcon_core.package_identification:_identify(models/mujoco_menagerie/google_robot/assets) by extension 'ros'
[0.202s] Level 1:colcon.colcon_core.package_identification:_identify(models/mujoco_menagerie/google_robot/assets) by extensions ['cmake', 'python']
[0.202s] Level 1:colcon.colcon_core.package_identification:_identify(models/mujoco_menagerie/google_robot/assets) by extension 'cmake'
[0.202s] Level 1:colcon.colcon_core.package_identification:_identify(models/mujoco_menagerie/google_robot/assets) by extension 'python'
[0.202s] Level 1:colcon.colcon_core.package_identification:_identify(models/mujoco_menagerie/google_robot/assets) by extensions ['python_setup_py']
[0.202s] Level 1:colcon.colcon_core.package_identification:_identify(models/mujoco_menagerie/google_robot/assets) by extension 'python_setup_py'
[0.202s] Level 1:colcon.colcon_core.package_identification:_identify(models/mujoco_menagerie/hello_robot_stretch) by extensions ['ignore', 'ignore_ament_install']
[0.202s] Level 1:colcon.colcon_core.package_identification:_identify(models/mujoco_menagerie/hello_robot_stretch) by extension 'ignore'
[0.202s] Level 1:colcon.colcon_core.package_identification:_identify(models/mujoco_menagerie/hello_robot_stretch) by extension 'ignore_ament_install'
[0.202s] Level 1:colcon.colcon_core.package_identification:_identify(models/mujoco_menagerie/hello_robot_stretch) by extensions ['colcon_pkg']
[0.202s] Level 1:colcon.colcon_core.package_identification:_identify(models/mujoco_menagerie/hello_robot_stretch) by extension 'colcon_pkg'
[0.202s] Level 1:colcon.colcon_core.package_identification:_identify(models/mujoco_menagerie/hello_robot_stretch) by extensions ['colcon_meta']
[0.202s] Level 1:colcon.colcon_core.package_identification:_identify(models/mujoco_menagerie/hello_robot_stretch) by extension 'colcon_meta'
[0.202s] Level 1:colcon.colcon_core.package_identification:_identify(models/mujoco_menagerie/hello_robot_stretch) by extensions ['ros']
[0.202s] Level 1:colcon.colcon_core.package_identification:_identify(models/mujoco_menagerie/hello_robot_stretch) by extension 'ros'
[0.202s] Level 1:colcon.colcon_core.package_identification:_identify(models/mujoco_menagerie/hello_robot_stretch) by extensions ['cmake', 'python']
[0.202s] Level 1:colcon.colcon_core.package_identification:_identify(models/mujoco_menagerie/hello_robot_stretch) by extension 'cmake'
[0.202s] Level 1:colcon.colcon_core.package_identification:_identify(models/mujoco_menagerie/hello_robot_stretch) by extension 'python'
[0.202s] Level 1:colcon.colcon_core.package_identification:_identify(models/mujoco_menagerie/hello_robot_stretch) by extensions ['python_setup_py']
[0.202s] Level 1:colcon.colcon_core.package_identification:_identify(models/mujoco_menagerie/hello_robot_stretch) by extension 'python_setup_py'
[0.202s] Level 1:colcon.colcon_core.package_identification:_identify(models/mujoco_menagerie/hello_robot_stretch/assets) by extensions ['ignore', 'ignore_ament_install']
[0.202s] Level 1:colcon.colcon_core.package_identification:_identify(models/mujoco_menagerie/hello_robot_stretch/assets) by extension 'ignore'
[0.202s] Level 1:colcon.colcon_core.package_identification:_identify(models/mujoco_menagerie/hello_robot_stretch/assets) by extension 'ignore_ament_install'
[0.202s] Level 1:colcon.colcon_core.package_identification:_identify(models/mujoco_menagerie/hello_robot_stretch/assets) by extensions ['colcon_pkg']
[0.202s] Level 1:colcon.colcon_core.package_identification:_identify(models/mujoco_menagerie/hello_robot_stretch/assets) by extension 'colcon_pkg'
[0.202s] Level 1:colcon.colcon_core.package_identification:_identify(models/mujoco_menagerie/hello_robot_stretch/assets) by extensions ['colcon_meta']
[0.202s] Level 1:colcon.colcon_core.package_identification:_identify(models/mujoco_menagerie/hello_robot_stretch/assets) by extension 'colcon_meta'
[0.202s] Level 1:colcon.colcon_core.package_identification:_identify(models/mujoco_menagerie/hello_robot_stretch/assets) by extensions ['ros']
[0.202s] Level 1:colcon.colcon_core.package_identification:_identify(models/mujoco_menagerie/hello_robot_stretch/assets) by extension 'ros'
[0.203s] Level 1:colcon.colcon_core.package_identification:_identify(models/mujoco_menagerie/hello_robot_stretch/assets) by extensions ['cmake', 'python']
[0.203s] Level 1:colcon.colcon_core.package_identification:_identify(models/mujoco_menagerie/hello_robot_stretch/assets) by extension 'cmake'
[0.203s] Level 1:colcon.colcon_core.package_identification:_identify(models/mujoco_menagerie/hello_robot_stretch/assets) by extension 'python'
[0.203s] Level 1:colcon.colcon_core.package_identification:_identify(models/mujoco_menagerie/hello_robot_stretch/assets) by extensions ['python_setup_py']
[0.203s] Level 1:colcon.colcon_core.package_identification:_identify(models/mujoco_menagerie/hello_robot_stretch/assets) by extension 'python_setup_py'
[0.203s] Level 1:colcon.colcon_core.package_identification:_identify(models/mujoco_menagerie/hello_robot_stretch_3) by extensions ['ignore', 'ignore_ament_install']
[0.203s] Level 1:colcon.colcon_core.package_identification:_identify(models/mujoco_menagerie/hello_robot_stretch_3) by extension 'ignore'
[0.203s] Level 1:colcon.colcon_core.package_identification:_identify(models/mujoco_menagerie/hello_robot_stretch_3) by extension 'ignore_ament_install'
[0.203s] Level 1:colcon.colcon_core.package_identification:_identify(models/mujoco_menagerie/hello_robot_stretch_3) by extensions ['colcon_pkg']
[0.203s] Level 1:colcon.colcon_core.package_identification:_identify(models/mujoco_menagerie/hello_robot_stretch_3) by extension 'colcon_pkg'
[0.203s] Level 1:colcon.colcon_core.package_identification:_identify(models/mujoco_menagerie/hello_robot_stretch_3) by extensions ['colcon_meta']
[0.203s] Level 1:colcon.colcon_core.package_identification:_identify(models/mujoco_menagerie/hello_robot_stretch_3) by extension 'colcon_meta'
[0.203s] Level 1:colcon.colcon_core.package_identification:_identify(models/mujoco_menagerie/hello_robot_stretch_3) by extensions ['ros']
[0.203s] Level 1:colcon.colcon_core.package_identification:_identify(models/mujoco_menagerie/hello_robot_stretch_3) by extension 'ros'
[0.203s] Level 1:colcon.colcon_core.package_identification:_identify(models/mujoco_menagerie/hello_robot_stretch_3) by extensions ['cmake', 'python']
[0.203s] Level 1:colcon.colcon_core.package_identification:_identify(models/mujoco_menagerie/hello_robot_stretch_3) by extension 'cmake'
[0.203s] Level 1:colcon.colcon_core.package_identification:_identify(models/mujoco_menagerie/hello_robot_stretch_3) by extension 'python'
[0.203s] Level 1:colcon.colcon_core.package_identification:_identify(models/mujoco_menagerie/hello_robot_stretch_3) by extensions ['python_setup_py']
[0.203s] Level 1:colcon.colcon_core.package_identification:_identify(models/mujoco_menagerie/hello_robot_stretch_3) by extension 'python_setup_py'
[0.203s] Level 1:colcon.colcon_core.package_identification:_identify(models/mujoco_menagerie/hello_robot_stretch_3/assets) by extensions ['ignore', 'ignore_ament_install']
[0.203s] Level 1:colcon.colcon_core.package_identification:_identify(models/mujoco_menagerie/hello_robot_stretch_3/assets) by extension 'ignore'
[0.203s] Level 1:colcon.colcon_core.package_identification:_identify(models/mujoco_menagerie/hello_robot_stretch_3/assets) by extension 'ignore_ament_install'
[0.203s] Level 1:colcon.colcon_core.package_identification:_identify(models/mujoco_menagerie/hello_robot_stretch_3/assets) by extensions ['colcon_pkg']
[0.203s] Level 1:colcon.colcon_core.package_identification:_identify(models/mujoco_menagerie/hello_robot_stretch_3/assets) by extension 'colcon_pkg'
[0.203s] Level 1:colcon.colcon_core.package_identification:_identify(models/mujoco_menagerie/hello_robot_stretch_3/assets) by extensions ['colcon_meta']
[0.203s] Level 1:colcon.colcon_core.package_identification:_identify(models/mujoco_menagerie/hello_robot_stretch_3/assets) by extension 'colcon_meta'
[0.204s] Level 1:colcon.colcon_core.package_identification:_identify(models/mujoco_menagerie/hello_robot_stretch_3/assets) by extensions ['ros']
[0.204s] Level 1:colcon.colcon_core.package_identification:_identify(models/mujoco_menagerie/hello_robot_stretch_3/assets) by extension 'ros'
[0.204s] Level 1:colcon.colcon_core.package_identification:_identify(models/mujoco_menagerie/hello_robot_stretch_3/assets) by extensions ['cmake', 'python']
[0.204s] Level 1:colcon.colcon_core.package_identification:_identify(models/mujoco_menagerie/hello_robot_stretch_3/assets) by extension 'cmake'
[0.204s] Level 1:colcon.colcon_core.package_identification:_identify(models/mujoco_menagerie/hello_robot_stretch_3/assets) by extension 'python'
[0.204s] Level 1:colcon.colcon_core.package_identification:_identify(models/mujoco_menagerie/hello_robot_stretch_3/assets) by extensions ['python_setup_py']
[0.204s] Level 1:colcon.colcon_core.package_identification:_identify(models/mujoco_menagerie/hello_robot_stretch_3/assets) by extension 'python_setup_py'
[0.204s] Level 1:colcon.colcon_core.package_identification:_identify(models/mujoco_menagerie/i2rt_yam) by extensions ['ignore', 'ignore_ament_install']
[0.204s] Level 1:colcon.colcon_core.package_identification:_identify(models/mujoco_menagerie/i2rt_yam) by extension 'ignore'
[0.204s] Level 1:colcon.colcon_core.package_identification:_identify(models/mujoco_menagerie/i2rt_yam) by extension 'ignore_ament_install'
[0.204s] Level 1:colcon.colcon_core.package_identification:_identify(models/mujoco_menagerie/i2rt_yam) by extensions ['colcon_pkg']
[0.204s] Level 1:colcon.colcon_core.package_identification:_identify(models/mujoco_menagerie/i2rt_yam) by extension 'colcon_pkg'
[0.204s] Level 1:colcon.colcon_core.package_identification:_identify(models/mujoco_menagerie/i2rt_yam) by extensions ['colcon_meta']
[0.204s] Level 1:colcon.colcon_core.package_identification:_identify(models/mujoco_menagerie/i2rt_yam) by extension 'colcon_meta'
[0.204s] Level 1:colcon.colcon_core.package_identification:_identify(models/mujoco_menagerie/i2rt_yam) by extensions ['ros']
[0.204s] Level 1:colcon.colcon_core.package_identification:_identify(models/mujoco_menagerie/i2rt_yam) by extension 'ros'
[0.204s] Level 1:colcon.colcon_core.package_identification:_identify(models/mujoco_menagerie/i2rt_yam) by extensions ['cmake', 'python']
[0.204s] Level 1:colcon.colcon_core.package_identification:_identify(models/mujoco_menagerie/i2rt_yam) by extension 'cmake'
[0.204s] Level 1:colcon.colcon_core.package_identification:_identify(models/mujoco_menagerie/i2rt_yam) by extension 'python'
[0.204s] Level 1:colcon.colcon_core.package_identification:_identify(models/mujoco_menagerie/i2rt_yam) by extensions ['python_setup_py']
[0.204s] Level 1:colcon.colcon_core.package_identification:_identify(models/mujoco_menagerie/i2rt_yam) by extension 'python_setup_py'
[0.204s] Level 1:colcon.colcon_core.package_identification:_identify(models/mujoco_menagerie/i2rt_yam/assets) by extensions ['ignore', 'ignore_ament_install']
[0.204s] Level 1:colcon.colcon_core.package_identification:_identify(models/mujoco_menagerie/i2rt_yam/assets) by extension 'ignore'
[0.204s] Level 1:colcon.colcon_core.package_identification:_identify(models/mujoco_menagerie/i2rt_yam/assets) by extension 'ignore_ament_install'
[0.204s] Level 1:colcon.colcon_core.package_identification:_identify(models/mujoco_menagerie/i2rt_yam/assets) by extensions ['colcon_pkg']
[0.204s] Level 1:colcon.colcon_core.package_identification:_identify(models/mujoco_menagerie/i2rt_yam/assets) by extension 'colcon_pkg'
[0.204s] Level 1:colcon.colcon_core.package_identification:_identify(models/mujoco_menagerie/i2rt_yam/assets) by extensions ['colcon_meta']
[0.204s] Level 1:colcon.colcon_core.package_identification:_identify(models/mujoco_menagerie/i2rt_yam/assets) by extension 'colcon_meta'
[0.204s] Level 1:colcon.colcon_core.package_identification:_identify(models/mujoco_menagerie/i2rt_yam/assets) by extensions ['ros']
[0.205s] Level 1:colcon.colcon_core.package_identification:_identify(models/mujoco_menagerie/i2rt_yam/assets) by extension 'ros'
[0.205s] Level 1:colcon.colcon_core.package_identification:_identify(models/mujoco_menagerie/i2rt_yam/assets) by extensions ['cmake', 'python']
[0.205s] Level 1:colcon.colcon_core.package_identification:_identify(models/mujoco_menagerie/i2rt_yam/assets) by extension 'cmake'
[0.205s] Level 1:colcon.colcon_core.package_identification:_identify(models/mujoco_menagerie/i2rt_yam/assets) by extension 'python'
[0.205s] Level 1:colcon.colcon_core.package_identification:_identify(models/mujoco_menagerie/i2rt_yam/assets) by extensions ['python_setup_py']
[0.205s] Level 1:colcon.colcon_core.package_identification:_identify(models/mujoco_menagerie/i2rt_yam/assets) by extension 'python_setup_py'
[0.205s] Level 1:colcon.colcon_core.package_identification:_identify(models/mujoco_menagerie/iit_softfoot) by extensions ['ignore', 'ignore_ament_install']
[0.205s] Level 1:colcon.colcon_core.package_identification:_identify(models/mujoco_menagerie/iit_softfoot) by extension 'ignore'
[0.205s] Level 1:colcon.colcon_core.package_identification:_identify(models/mujoco_menagerie/iit_softfoot) by extension 'ignore_ament_install'
[0.205s] Level 1:colcon.colcon_core.package_identification:_identify(models/mujoco_menagerie/iit_softfoot) by extensions ['colcon_pkg']
[0.205s] Level 1:colcon.colcon_core.package_identification:_identify(models/mujoco_menagerie/iit_softfoot) by extension 'colcon_pkg'
[0.205s] Level 1:colcon.colcon_core.package_identification:_identify(models/mujoco_menagerie/iit_softfoot) by extensions ['colcon_meta']
[0.205s] Level 1:colcon.colcon_core.package_identification:_identify(models/mujoco_menagerie/iit_softfoot) by extension 'colcon_meta'
[0.205s] Level 1:colcon.colcon_core.package_identification:_identify(models/mujoco_menagerie/iit_softfoot) by extensions ['ros']
[0.205s] Level 1:colcon.colcon_core.package_identification:_identify(models/mujoco_menagerie/iit_softfoot) by extension 'ros'
[0.205s] Level 1:colcon.colcon_core.package_identification:_identify(models/mujoco_menagerie/iit_softfoot) by extensions ['cmake', 'python']
[0.205s] Level 1:colcon.colcon_core.package_identification:_identify(models/mujoco_menagerie/iit_softfoot) by extension 'cmake'
[0.205s] Level 1:colcon.colcon_core.package_identification:_identify(models/mujoco_menagerie/iit_softfoot) by extension 'python'
[0.205s] Level 1:colcon.colcon_core.package_identification:_identify(models/mujoco_menagerie/iit_softfoot) by extensions ['python_setup_py']
[0.205s] Level 1:colcon.colcon_core.package_identification:_identify(models/mujoco_menagerie/iit_softfoot) by extension 'python_setup_py'
[0.205s] Level 1:colcon.colcon_core.package_identification:_identify(models/mujoco_menagerie/iit_softfoot/meshes) by extensions ['ignore', 'ignore_ament_install']
[0.205s] Level 1:colcon.colcon_core.package_identification:_identify(models/mujoco_menagerie/iit_softfoot/meshes) by extension 'ignore'
[0.205s] Level 1:colcon.colcon_core.package_identification:_identify(models/mujoco_menagerie/iit_softfoot/meshes) by extension 'ignore_ament_install'
[0.205s] Level 1:colcon.colcon_core.package_identification:_identify(models/mujoco_menagerie/iit_softfoot/meshes) by extensions ['colcon_pkg']
[0.205s] Level 1:colcon.colcon_core.package_identification:_identify(models/mujoco_menagerie/iit_softfoot/meshes) by extension 'colcon_pkg'
[0.205s] Level 1:colcon.colcon_core.package_identification:_identify(models/mujoco_menagerie/iit_softfoot/meshes) by extensions ['colcon_meta']
[0.205s] Level 1:colcon.colcon_core.package_identification:_identify(models/mujoco_menagerie/iit_softfoot/meshes) by extension 'colcon_meta'
[0.205s] Level 1:colcon.colcon_core.package_identification:_identify(models/mujoco_menagerie/iit_softfoot/meshes) by extensions ['ros']
[0.205s] Level 1:colcon.colcon_core.package_identification:_identify(models/mujoco_menagerie/iit_softfoot/meshes) by extension 'ros'
[0.206s] Level 1:colcon.colcon_core.package_identification:_identify(models/mujoco_menagerie/iit_softfoot/meshes) by extensions ['cmake', 'python']
[0.206s] Level 1:colcon.colcon_core.package_identification:_identify(models/mujoco_menagerie/iit_softfoot/meshes) by extension 'cmake'
[0.206s] Level 1:colcon.colcon_core.package_identification:_identify(models/mujoco_menagerie/iit_softfoot/meshes) by extension 'python'
[0.206s] Level 1:colcon.colcon_core.package_identification:_identify(models/mujoco_menagerie/iit_softfoot/meshes) by extensions ['python_setup_py']
[0.206s] Level 1:colcon.colcon_core.package_identification:_identify(models/mujoco_menagerie/iit_softfoot/meshes) by extension 'python_setup_py'
[0.206s] Level 1:colcon.colcon_core.package_identification:_identify(models/mujoco_menagerie/kinova_gen3) by extensions ['ignore', 'ignore_ament_install']
[0.206s] Level 1:colcon.colcon_core.package_identification:_identify(models/mujoco_menagerie/kinova_gen3) by extension 'ignore'
[0.206s] Level 1:colcon.colcon_core.package_identification:_identify(models/mujoco_menagerie/kinova_gen3) by extension 'ignore_ament_install'
[0.206s] Level 1:colcon.colcon_core.package_identification:_identify(models/mujoco_menagerie/kinova_gen3) by extensions ['colcon_pkg']
[0.206s] Level 1:colcon.colcon_core.package_identification:_identify(models/mujoco_menagerie/kinova_gen3) by extension 'colcon_pkg'
[0.206s] Level 1:colcon.colcon_core.package_identification:_identify(models/mujoco_menagerie/kinova_gen3) by extensions ['colcon_meta']
[0.206s] Level 1:colcon.colcon_core.package_identification:_identify(models/mujoco_menagerie/kinova_gen3) by extension 'colcon_meta'
[0.206s] Level 1:colcon.colcon_core.package_identification:_identify(models/mujoco_menagerie/kinova_gen3) by extensions ['ros']
[0.206s] Level 1:colcon.colcon_core.package_identification:_identify(models/mujoco_menagerie/kinova_gen3) by extension 'ros'
[0.206s] Level 1:colcon.colcon_core.package_identification:_identify(models/mujoco_menagerie/kinova_gen3) by extensions ['cmake', 'python']
[0.206s] Level 1:colcon.colcon_core.package_identification:_identify(models/mujoco_menagerie/kinova_gen3) by extension 'cmake'
[0.206s] Level 1:colcon.colcon_core.package_identification:_identify(models/mujoco_menagerie/kinova_gen3) by extension 'python'
[0.206s] Level 1:colcon.colcon_core.package_identification:_identify(models/mujoco_menagerie/kinova_gen3) by extensions ['python_setup_py']
[0.206s] Level 1:colcon.colcon_core.package_identification:_identify(models/mujoco_menagerie/kinova_gen3) by extension 'python_setup_py'
[0.206s] Level 1:colcon.colcon_core.package_identification:_identify(models/mujoco_menagerie/kinova_gen3/assets) by extensions ['ignore', 'ignore_ament_install']
[0.206s] Level 1:colcon.colcon_core.package_identification:_identify(models/mujoco_menagerie/kinova_gen3/assets) by extension 'ignore'
[0.206s] Level 1:colcon.colcon_core.package_identification:_identify(models/mujoco_menagerie/kinova_gen3/assets) by extension 'ignore_ament_install'
[0.206s] Level 1:colcon.colcon_core.package_identification:_identify(models/mujoco_menagerie/kinova_gen3/assets) by extensions ['colcon_pkg']
[0.206s] Level 1:colcon.colcon_core.package_identification:_identify(models/mujoco_menagerie/kinova_gen3/assets) by extension 'colcon_pkg'
[0.206s] Level 1:colcon.colcon_core.package_identification:_identify(models/mujoco_menagerie/kinova_gen3/assets) by extensions ['colcon_meta']
[0.206s] Level 1:colcon.colcon_core.package_identification:_identify(models/mujoco_menagerie/kinova_gen3/assets) by extension 'colcon_meta'
[0.206s] Level 1:colcon.colcon_core.package_identification:_identify(models/mujoco_menagerie/kinova_gen3/assets) by extensions ['ros']
[0.206s] Level 1:colcon.colcon_core.package_identification:_identify(models/mujoco_menagerie/kinova_gen3/assets) by extension 'ros'
[0.207s] Level 1:colcon.colcon_core.package_identification:_identify(models/mujoco_menagerie/kinova_gen3/assets) by extensions ['cmake', 'python']
[0.207s] Level 1:colcon.colcon_core.package_identification:_identify(models/mujoco_menagerie/kinova_gen3/assets) by extension 'cmake'
[0.207s] Level 1:colcon.colcon_core.package_identification:_identify(models/mujoco_menagerie/kinova_gen3/assets) by extension 'python'
[0.207s] Level 1:colcon.colcon_core.package_identification:_identify(models/mujoco_menagerie/kinova_gen3/assets) by extensions ['python_setup_py']
[0.207s] Level 1:colcon.colcon_core.package_identification:_identify(models/mujoco_menagerie/kinova_gen3/assets) by extension 'python_setup_py'
[0.207s] Level 1:colcon.colcon_core.package_identification:_identify(models/mujoco_menagerie/kuka_iiwa_14) by extensions ['ignore', 'ignore_ament_install']
[0.207s] Level 1:colcon.colcon_core.package_identification:_identify(models/mujoco_menagerie/kuka_iiwa_14) by extension 'ignore'
[0.207s] Level 1:colcon.colcon_core.package_identification:_identify(models/mujoco_menagerie/kuka_iiwa_14) by extension 'ignore_ament_install'
[0.207s] Level 1:colcon.colcon_core.package_identification:_identify(models/mujoco_menagerie/kuka_iiwa_14) by extensions ['colcon_pkg']
[0.207s] Level 1:colcon.colcon_core.package_identification:_identify(models/mujoco_menagerie/kuka_iiwa_14) by extension 'colcon_pkg'
[0.207s] Level 1:colcon.colcon_core.package_identification:_identify(models/mujoco_menagerie/kuka_iiwa_14) by extensions ['colcon_meta']
[0.207s] Level 1:colcon.colcon_core.package_identification:_identify(models/mujoco_menagerie/kuka_iiwa_14) by extension 'colcon_meta'
[0.207s] Level 1:colcon.colcon_core.package_identification:_identify(models/mujoco_menagerie/kuka_iiwa_14) by extensions ['ros']
[0.207s] Level 1:colcon.colcon_core.package_identification:_identify(models/mujoco_menagerie/kuka_iiwa_14) by extension 'ros'
[0.207s] Level 1:colcon.colcon_core.package_identification:_identify(models/mujoco_menagerie/kuka_iiwa_14) by extensions ['cmake', 'python']
[0.207s] Level 1:colcon.colcon_core.package_identification:_identify(models/mujoco_menagerie/kuka_iiwa_14) by extension 'cmake'
[0.207s] Level 1:colcon.colcon_core.package_identification:_identify(models/mujoco_menagerie/kuka_iiwa_14) by extension 'python'
[0.207s] Level 1:colcon.colcon_core.package_identification:_identify(models/mujoco_menagerie/kuka_iiwa_14) by extensions ['python_setup_py']
[0.207s] Level 1:colcon.colcon_core.package_identification:_identify(models/mujoco_menagerie/kuka_iiwa_14) by extension 'python_setup_py'
[0.207s] Level 1:colcon.colcon_core.package_identification:_identify(models/mujoco_menagerie/kuka_iiwa_14/assets) by extensions ['ignore', 'ignore_ament_install']
[0.207s] Level 1:colcon.colcon_core.package_identification:_identify(models/mujoco_menagerie/kuka_iiwa_14/assets) by extension 'ignore'
[0.207s] Level 1:colcon.colcon_core.package_identification:_identify(models/mujoco_menagerie/kuka_iiwa_14/assets) by extension 'ignore_ament_install'
[0.207s] Level 1:colcon.colcon_core.package_identification:_identify(models/mujoco_menagerie/kuka_iiwa_14/assets) by extensions ['colcon_pkg']
[0.207s] Level 1:colcon.colcon_core.package_identification:_identify(models/mujoco_menagerie/kuka_iiwa_14/assets) by extension 'colcon_pkg'
[0.207s] Level 1:colcon.colcon_core.package_identification:_identify(models/mujoco_menagerie/kuka_iiwa_14/assets) by extensions ['colcon_meta']
[0.207s] Level 1:colcon.colcon_core.package_identification:_identify(models/mujoco_menagerie/kuka_iiwa_14/assets) by extension 'colcon_meta'
[0.207s] Level 1:colcon.colcon_core.package_identification:_identify(models/mujoco_menagerie/kuka_iiwa_14/assets) by extensions ['ros']
[0.207s] Level 1:colcon.colcon_core.package_identification:_identify(models/mujoco_menagerie/kuka_iiwa_14/assets) by extension 'ros'
[0.208s] Level 1:colcon.colcon_core.package_identification:_identify(models/mujoco_menagerie/kuka_iiwa_14/assets) by extensions ['cmake', 'python']
[0.208s] Level 1:colcon.colcon_core.package_identification:_identify(models/mujoco_menagerie/kuka_iiwa_14/assets) by extension 'cmake'
[0.208s] Level 1:colcon.colcon_core.package_identification:_identify(models/mujoco_menagerie/kuka_iiwa_14/assets) by extension 'python'
[0.208s] Level 1:colcon.colcon_core.package_identification:_identify(models/mujoco_menagerie/kuka_iiwa_14/assets) by extensions ['python_setup_py']
[0.208s] Level 1:colcon.colcon_core.package_identification:_identify(models/mujoco_menagerie/kuka_iiwa_14/assets) by extension 'python_setup_py'
[0.208s] Level 1:colcon.colcon_core.package_identification:_identify(models/mujoco_menagerie/leap_hand) by extensions ['ignore', 'ignore_ament_install']
[0.208s] Level 1:colcon.colcon_core.package_identification:_identify(models/mujoco_menagerie/leap_hand) by extension 'ignore'
[0.208s] Level 1:colcon.colcon_core.package_identification:_identify(models/mujoco_menagerie/leap_hand) by extension 'ignore_ament_install'
[0.208s] Level 1:colcon.colcon_core.package_identification:_identify(models/mujoco_menagerie/leap_hand) by extensions ['colcon_pkg']
[0.208s] Level 1:colcon.colcon_core.package_identification:_identify(models/mujoco_menagerie/leap_hand) by extension 'colcon_pkg'
[0.208s] Level 1:colcon.colcon_core.package_identification:_identify(models/mujoco_menagerie/leap_hand) by extensions ['colcon_meta']
[0.208s] Level 1:colcon.colcon_core.package_identification:_identify(models/mujoco_menagerie/leap_hand) by extension 'colcon_meta'
[0.208s] Level 1:colcon.colcon_core.package_identification:_identify(models/mujoco_menagerie/leap_hand) by extensions ['ros']
[0.208s] Level 1:colcon.colcon_core.package_identification:_identify(models/mujoco_menagerie/leap_hand) by extension 'ros'
[0.208s] Level 1:colcon.colcon_core.package_identification:_identify(models/mujoco_menagerie/leap_hand) by extensions ['cmake', 'python']
[0.208s] Level 1:colcon.colcon_core.package_identification:_identify(models/mujoco_menagerie/leap_hand) by extension 'cmake'
[0.208s] Level 1:colcon.colcon_core.package_identification:_identify(models/mujoco_menagerie/leap_hand) by extension 'python'
[0.208s] Level 1:colcon.colcon_core.package_identification:_identify(models/mujoco_menagerie/leap_hand) by extensions ['python_setup_py']
[0.208s] Level 1:colcon.colcon_core.package_identification:_identify(models/mujoco_menagerie/leap_hand) by extension 'python_setup_py'
[0.208s] Level 1:colcon.colcon_core.package_identification:_identify(models/mujoco_menagerie/leap_hand/assets) by extensions ['ignore', 'ignore_ament_install']
[0.208s] Level 1:colcon.colcon_core.package_identification:_identify(models/mujoco_menagerie/leap_hand/assets) by extension 'ignore'
[0.208s] Level 1:colcon.colcon_core.package_identification:_identify(models/mujoco_menagerie/leap_hand/assets) by extension 'ignore_ament_install'
[0.208s] Level 1:colcon.colcon_core.package_identification:_identify(models/mujoco_menagerie/leap_hand/assets) by extensions ['colcon_pkg']
[0.208s] Level 1:colcon.colcon_core.package_identification:_identify(models/mujoco_menagerie/leap_hand/assets) by extension 'colcon_pkg'
[0.208s] Level 1:colcon.colcon_core.package_identification:_identify(models/mujoco_menagerie/leap_hand/assets) by extensions ['colcon_meta']
[0.208s] Level 1:colcon.colcon_core.package_identification:_identify(models/mujoco_menagerie/leap_hand/assets) by extension 'colcon_meta'
[0.208s] Level 1:colcon.colcon_core.package_identification:_identify(models/mujoco_menagerie/leap_hand/assets) by extensions ['ros']
[0.208s] Level 1:colcon.colcon_core.package_identification:_identify(models/mujoco_menagerie/leap_hand/assets) by extension 'ros'
[0.208s] Level 1:colcon.colcon_core.package_identification:_identify(models/mujoco_menagerie/leap_hand/assets) by extensions ['cmake', 'python']
[0.209s] Level 1:colcon.colcon_core.package_identification:_identify(models/mujoco_menagerie/leap_hand/assets) by extension 'cmake'
[0.209s] Level 1:colcon.colcon_core.package_identification:_identify(models/mujoco_menagerie/leap_hand/assets) by extension 'python'
[0.209s] Level 1:colcon.colcon_core.package_identification:_identify(models/mujoco_menagerie/leap_hand/assets) by extensions ['python_setup_py']
[0.209s] Level 1:colcon.colcon_core.package_identification:_identify(models/mujoco_menagerie/leap_hand/assets) by extension 'python_setup_py'
[0.209s] Level 1:colcon.colcon_core.package_identification:_identify(models/mujoco_menagerie/low_cost_robot_arm) by extensions ['ignore', 'ignore_ament_install']
[0.209s] Level 1:colcon.colcon_core.package_identification:_identify(models/mujoco_menagerie/low_cost_robot_arm) by extension 'ignore'
[0.209s] Level 1:colcon.colcon_core.package_identification:_identify(models/mujoco_menagerie/low_cost_robot_arm) by extension 'ignore_ament_install'
[0.209s] Level 1:colcon.colcon_core.package_identification:_identify(models/mujoco_menagerie/low_cost_robot_arm) by extensions ['colcon_pkg']
[0.209s] Level 1:colcon.colcon_core.package_identification:_identify(models/mujoco_menagerie/low_cost_robot_arm) by extension 'colcon_pkg'
[0.209s] Level 1:colcon.colcon_core.package_identification:_identify(models/mujoco_menagerie/low_cost_robot_arm) by extensions ['colcon_meta']
[0.209s] Level 1:colcon.colcon_core.package_identification:_identify(models/mujoco_menagerie/low_cost_robot_arm) by extension 'colcon_meta'
[0.209s] Level 1:colcon.colcon_core.package_identification:_identify(models/mujoco_menagerie/low_cost_robot_arm) by extensions ['ros']
[0.209s] Level 1:colcon.colcon_core.package_identification:_identify(models/mujoco_menagerie/low_cost_robot_arm) by extension 'ros'
[0.209s] Level 1:colcon.colcon_core.package_identification:_identify(models/mujoco_menagerie/low_cost_robot_arm) by extensions ['cmake', 'python']
[0.209s] Level 1:colcon.colcon_core.package_identification:_identify(models/mujoco_menagerie/low_cost_robot_arm) by extension 'cmake'
[0.209s] Level 1:colcon.colcon_core.package_identification:_identify(models/mujoco_menagerie/low_cost_robot_arm) by extension 'python'
[0.209s] Level 1:colcon.colcon_core.package_identification:_identify(models/mujoco_menagerie/low_cost_robot_arm) by extensions ['python_setup_py']
[0.209s] Level 1:colcon.colcon_core.package_identification:_identify(models/mujoco_menagerie/low_cost_robot_arm) by extension 'python_setup_py'
[0.209s] Level 1:colcon.colcon_core.package_identification:_identify(models/mujoco_menagerie/low_cost_robot_arm/assets) by extensions ['ignore', 'ignore_ament_install']
[0.209s] Level 1:colcon.colcon_core.package_identification:_identify(models/mujoco_menagerie/low_cost_robot_arm/assets) by extension 'ignore'
[0.209s] Level 1:colcon.colcon_core.package_identification:_identify(models/mujoco_menagerie/low_cost_robot_arm/assets) by extension 'ignore_ament_install'
[0.209s] Level 1:colcon.colcon_core.package_identification:_identify(models/mujoco_menagerie/low_cost_robot_arm/assets) by extensions ['colcon_pkg']
[0.209s] Level 1:colcon.colcon_core.package_identification:_identify(models/mujoco_menagerie/low_cost_robot_arm/assets) by extension 'colcon_pkg'
[0.209s] Level 1:colcon.colcon_core.package_identification:_identify(models/mujoco_menagerie/low_cost_robot_arm/assets) by extensions ['colcon_meta']
[0.209s] Level 1:colcon.colcon_core.package_identification:_identify(models/mujoco_menagerie/low_cost_robot_arm/assets) by extension 'colcon_meta'
[0.209s] Level 1:colcon.colcon_core.package_identification:_identify(models/mujoco_menagerie/low_cost_robot_arm/assets) by extensions ['ros']
[0.209s] Level 1:colcon.colcon_core.package_identification:_identify(models/mujoco_menagerie/low_cost_robot_arm/assets) by extension 'ros'
[0.209s] Level 1:colcon.colcon_core.package_identification:_identify(models/mujoco_menagerie/low_cost_robot_arm/assets) by extensions ['cmake', 'python']
[0.209s] Level 1:colcon.colcon_core.package_identification:_identify(models/mujoco_menagerie/low_cost_robot_arm/assets) by extension 'cmake'
[0.210s] Level 1:colcon.colcon_core.package_identification:_identify(models/mujoco_menagerie/low_cost_robot_arm/assets) by extension 'python'
[0.210s] Level 1:colcon.colcon_core.package_identification:_identify(models/mujoco_menagerie/low_cost_robot_arm/assets) by extensions ['python_setup_py']
[0.210s] Level 1:colcon.colcon_core.package_identification:_identify(models/mujoco_menagerie/low_cost_robot_arm/assets) by extension 'python_setup_py'
[0.210s] Level 1:colcon.colcon_core.package_identification:_identify(models/mujoco_menagerie/ms_human_700) by extensions ['ignore', 'ignore_ament_install']
[0.210s] Level 1:colcon.colcon_core.package_identification:_identify(models/mujoco_menagerie/ms_human_700) by extension 'ignore'
[0.210s] Level 1:colcon.colcon_core.package_identification:_identify(models/mujoco_menagerie/ms_human_700) by extension 'ignore_ament_install'
[0.210s] Level 1:colcon.colcon_core.package_identification:_identify(models/mujoco_menagerie/ms_human_700) by extensions ['colcon_pkg']
[0.210s] Level 1:colcon.colcon_core.package_identification:_identify(models/mujoco_menagerie/ms_human_700) by extension 'colcon_pkg'
[0.210s] Level 1:colcon.colcon_core.package_identification:_identify(models/mujoco_menagerie/ms_human_700) by extensions ['colcon_meta']
[0.210s] Level 1:colcon.colcon_core.package_identification:_identify(models/mujoco_menagerie/ms_human_700) by extension 'colcon_meta'
[0.210s] Level 1:colcon.colcon_core.package_identification:_identify(models/mujoco_menagerie/ms_human_700) by extensions ['ros']
[0.210s] Level 1:colcon.colcon_core.package_identification:_identify(models/mujoco_menagerie/ms_human_700) by extension 'ros'
[0.210s] Level 1:colcon.colcon_core.package_identification:_identify(models/mujoco_menagerie/ms_human_700) by extensions ['cmake', 'python']
[0.210s] Level 1:colcon.colcon_core.package_identification:_identify(models/mujoco_menagerie/ms_human_700) by extension 'cmake'
[0.210s] Level 1:colcon.colcon_core.package_identification:_identify(models/mujoco_menagerie/ms_human_700) by extension 'python'
[0.210s] Level 1:colcon.colcon_core.package_identification:_identify(models/mujoco_menagerie/ms_human_700) by extensions ['python_setup_py']
[0.210s] Level 1:colcon.colcon_core.package_identification:_identify(models/mujoco_menagerie/ms_human_700) by extension 'python_setup_py'
[0.210s] Level 1:colcon.colcon_core.package_identification:_identify(models/mujoco_menagerie/ms_human_700/assets) by extensions ['ignore', 'ignore_ament_install']
[0.210s] Level 1:colcon.colcon_core.package_identification:_identify(models/mujoco_menagerie/ms_human_700/assets) by extension 'ignore'
[0.210s] Level 1:colcon.colcon_core.package_identification:_identify(models/mujoco_menagerie/ms_human_700/assets) by extension 'ignore_ament_install'
[0.210s] Level 1:colcon.colcon_core.package_identification:_identify(models/mujoco_menagerie/ms_human_700/assets) by extensions ['colcon_pkg']
[0.210s] Level 1:colcon.colcon_core.package_identification:_identify(models/mujoco_menagerie/ms_human_700/assets) by extension 'colcon_pkg'
[0.210s] Level 1:colcon.colcon_core.package_identification:_identify(models/mujoco_menagerie/ms_human_700/assets) by extensions ['colcon_meta']
[0.210s] Level 1:colcon.colcon_core.package_identification:_identify(models/mujoco_menagerie/ms_human_700/assets) by extension 'colcon_meta'
[0.210s] Level 1:colcon.colcon_core.package_identification:_identify(models/mujoco_menagerie/ms_human_700/assets) by extensions ['ros']
[0.210s] Level 1:colcon.colcon_core.package_identification:_identify(models/mujoco_menagerie/ms_human_700/assets) by extension 'ros'
[0.210s] Level 1:colcon.colcon_core.package_identification:_identify(models/mujoco_menagerie/ms_human_700/assets) by extensions ['cmake', 'python']
[0.210s] Level 1:colcon.colcon_core.package_identification:_identify(models/mujoco_menagerie/ms_human_700/assets) by extension 'cmake'
[0.210s] Level 1:colcon.colcon_core.package_identification:_identify(models/mujoco_menagerie/ms_human_700/assets) by extension 'python'
[0.211s] Level 1:colcon.colcon_core.package_identification:_identify(models/mujoco_menagerie/ms_human_700/assets) by extensions ['python_setup_py']
[0.211s] Level 1:colcon.colcon_core.package_identification:_identify(models/mujoco_menagerie/ms_human_700/assets) by extension 'python_setup_py'
[0.211s] Level 1:colcon.colcon_core.package_identification:_identify(models/mujoco_menagerie/ms_human_700/assets/asset) by extensions ['ignore', 'ignore_ament_install']
[0.211s] Level 1:colcon.colcon_core.package_identification:_identify(models/mujoco_menagerie/ms_human_700/assets/asset) by extension 'ignore'
[0.211s] Level 1:colcon.colcon_core.package_identification:_identify(models/mujoco_menagerie/ms_human_700/assets/asset) by extension 'ignore_ament_install'
[0.211s] Level 1:colcon.colcon_core.package_identification:_identify(models/mujoco_menagerie/ms_human_700/assets/asset) by extensions ['colcon_pkg']
[0.211s] Level 1:colcon.colcon_core.package_identification:_identify(models/mujoco_menagerie/ms_human_700/assets/asset) by extension 'colcon_pkg'
[0.211s] Level 1:colcon.colcon_core.package_identification:_identify(models/mujoco_menagerie/ms_human_700/assets/asset) by extensions ['colcon_meta']
[0.211s] Level 1:colcon.colcon_core.package_identification:_identify(models/mujoco_menagerie/ms_human_700/assets/asset) by extension 'colcon_meta'
[0.211s] Level 1:colcon.colcon_core.package_identification:_identify(models/mujoco_menagerie/ms_human_700/assets/asset) by extensions ['ros']
[0.211s] Level 1:colcon.colcon_core.package_identification:_identify(models/mujoco_menagerie/ms_human_700/assets/asset) by extension 'ros'
[0.211s] Level 1:colcon.colcon_core.package_identification:_identify(models/mujoco_menagerie/ms_human_700/assets/asset) by extensions ['cmake', 'python']
[0.211s] Level 1:colcon.colcon_core.package_identification:_identify(models/mujoco_menagerie/ms_human_700/assets/asset) by extension 'cmake'
[0.211s] Level 1:colcon.colcon_core.package_identification:_identify(models/mujoco_menagerie/ms_human_700/assets/asset) by extension 'python'
[0.211s] Level 1:colcon.colcon_core.package_identification:_identify(models/mujoco_menagerie/ms_human_700/assets/asset) by extensions ['python_setup_py']
[0.211s] Level 1:colcon.colcon_core.package_identification:_identify(models/mujoco_menagerie/ms_human_700/assets/asset) by extension 'python_setup_py'
[0.211s] Level 1:colcon.colcon_core.package_identification:_identify(models/mujoco_menagerie/ms_human_700/assets/body_locomotion) by extensions ['ignore', 'ignore_ament_install']
[0.211s] Level 1:colcon.colcon_core.package_identification:_identify(models/mujoco_menagerie/ms_human_700/assets/body_locomotion) by extension 'ignore'
[0.211s] Level 1:colcon.colcon_core.package_identification:_identify(models/mujoco_menagerie/ms_human_700/assets/body_locomotion) by extension 'ignore_ament_install'
[0.211s] Level 1:colcon.colcon_core.package_identification:_identify(models/mujoco_menagerie/ms_human_700/assets/body_locomotion) by extensions ['colcon_pkg']
[0.211s] Level 1:colcon.colcon_core.package_identification:_identify(models/mujoco_menagerie/ms_human_700/assets/body_locomotion) by extension 'colcon_pkg'
[0.211s] Level 1:colcon.colcon_core.package_identification:_identify(models/mujoco_menagerie/ms_human_700/assets/body_locomotion) by extensions ['colcon_meta']
[0.211s] Level 1:colcon.colcon_core.package_identification:_identify(models/mujoco_menagerie/ms_human_700/assets/body_locomotion) by extension 'colcon_meta'
[0.211s] Level 1:colcon.colcon_core.package_identification:_identify(models/mujoco_menagerie/ms_human_700/assets/body_locomotion) by extensions ['ros']
[0.211s] Level 1:colcon.colcon_core.package_identification:_identify(models/mujoco_menagerie/ms_human_700/assets/body_locomotion) by extension 'ros'
[0.211s] Level 1:colcon.colcon_core.package_identification:_identify(models/mujoco_menagerie/ms_human_700/assets/body_locomotion) by extensions ['cmake', 'python']
[0.211s] Level 1:colcon.colcon_core.package_identification:_identify(models/mujoco_menagerie/ms_human_700/assets/body_locomotion) by extension 'cmake'
[0.211s] Level 1:colcon.colcon_core.package_identification:_identify(models/mujoco_menagerie/ms_human_700/assets/body_locomotion) by extension 'python'
[0.212s] Level 1:colcon.colcon_core.package_identification:_identify(models/mujoco_menagerie/ms_human_700/assets/body_locomotion) by extensions ['python_setup_py']
[0.212s] Level 1:colcon.colcon_core.package_identification:_identify(models/mujoco_menagerie/ms_human_700/assets/body_locomotion) by extension 'python_setup_py'
[0.212s] Level 1:colcon.colcon_core.package_identification:_identify(models/mujoco_menagerie/ms_human_700/assets/body_manipulation) by extensions ['ignore', 'ignore_ament_install']
[0.212s] Level 1:colcon.colcon_core.package_identification:_identify(models/mujoco_menagerie/ms_human_700/assets/body_manipulation) by extension 'ignore'
[0.212s] Level 1:colcon.colcon_core.package_identification:_identify(models/mujoco_menagerie/ms_human_700/assets/body_manipulation) by extension 'ignore_ament_install'
[0.212s] Level 1:colcon.colcon_core.package_identification:_identify(models/mujoco_menagerie/ms_human_700/assets/body_manipulation) by extensions ['colcon_pkg']
[0.212s] Level 1:colcon.colcon_core.package_identification:_identify(models/mujoco_menagerie/ms_human_700/assets/body_manipulation) by extension 'colcon_pkg'
[0.212s] Level 1:colcon.colcon_core.package_identification:_identify(models/mujoco_menagerie/ms_human_700/assets/body_manipulation) by extensions ['colcon_meta']
[0.212s] Level 1:colcon.colcon_core.package_identification:_identify(models/mujoco_menagerie/ms_human_700/assets/body_manipulation) by extension 'colcon_meta'
[0.212s] Level 1:colcon.colcon_core.package_identification:_identify(models/mujoco_menagerie/ms_human_700/assets/body_manipulation) by extensions ['ros']
[0.212s] Level 1:colcon.colcon_core.package_identification:_identify(models/mujoco_menagerie/ms_human_700/assets/body_manipulation) by extension 'ros'
[0.212s] Level 1:colcon.colcon_core.package_identification:_identify(models/mujoco_menagerie/ms_human_700/assets/body_manipulation) by extensions ['cmake', 'python']
[0.212s] Level 1:colcon.colcon_core.package_identification:_identify(models/mujoco_menagerie/ms_human_700/assets/body_manipulation) by extension 'cmake'
[0.212s] Level 1:colcon.colcon_core.package_identification:_identify(models/mujoco_menagerie/ms_human_700/assets/body_manipulation) by extension 'python'
[0.212s] Level 1:colcon.colcon_core.package_identification:_identify(models/mujoco_menagerie/ms_human_700/assets/body_manipulation) by extensions ['python_setup_py']
[0.212s] Level 1:colcon.colcon_core.package_identification:_identify(models/mujoco_menagerie/ms_human_700/assets/body_manipulation) by extension 'python_setup_py'
[0.212s] Level 1:colcon.colcon_core.package_identification:_identify(models/mujoco_menagerie/ms_human_700/assets/body_primary) by extensions ['ignore', 'ignore_ament_install']
[0.212s] Level 1:colcon.colcon_core.package_identification:_identify(models/mujoco_menagerie/ms_human_700/assets/body_primary) by extension 'ignore'
[0.212s] Level 1:colcon.colcon_core.package_identification:_identify(models/mujoco_menagerie/ms_human_700/assets/body_primary) by extension 'ignore_ament_install'
[0.212s] Level 1:colcon.colcon_core.package_identification:_identify(models/mujoco_menagerie/ms_human_700/assets/body_primary) by extensions ['colcon_pkg']
[0.212s] Level 1:colcon.colcon_core.package_identification:_identify(models/mujoco_menagerie/ms_human_700/assets/body_primary) by extension 'colcon_pkg'
[0.212s] Level 1:colcon.colcon_core.package_identification:_identify(models/mujoco_menagerie/ms_human_700/assets/body_primary) by extensions ['colcon_meta']
[0.212s] Level 1:colcon.colcon_core.package_identification:_identify(models/mujoco_menagerie/ms_human_700/assets/body_primary) by extension 'colcon_meta'
[0.212s] Level 1:colcon.colcon_core.package_identification:_identify(models/mujoco_menagerie/ms_human_700/assets/body_primary) by extensions ['ros']
[0.212s] Level 1:colcon.colcon_core.package_identification:_identify(models/mujoco_menagerie/ms_human_700/assets/body_primary) by extension 'ros'
[0.212s] Level 1:colcon.colcon_core.package_identification:_identify(models/mujoco_menagerie/ms_human_700/assets/body_primary) by extensions ['cmake', 'python']
[0.213s] Level 1:colcon.colcon_core.package_identification:_identify(models/mujoco_menagerie/ms_human_700/assets/body_primary) by extension 'cmake'
[0.213s] Level 1:colcon.colcon_core.package_identification:_identify(models/mujoco_menagerie/ms_human_700/assets/body_primary) by extension 'python'
[0.213s] Level 1:colcon.colcon_core.package_identification:_identify(models/mujoco_menagerie/ms_human_700/assets/body_primary) by extensions ['python_setup_py']
[0.213s] Level 1:colcon.colcon_core.package_identification:_identify(models/mujoco_menagerie/ms_human_700/assets/body_primary) by extension 'python_setup_py'
[0.213s] Level 1:colcon.colcon_core.package_identification:_identify(models/mujoco_menagerie/ms_human_700/assets/contact) by extensions ['ignore', 'ignore_ament_install']
[0.213s] Level 1:colcon.colcon_core.package_identification:_identify(models/mujoco_menagerie/ms_human_700/assets/contact) by extension 'ignore'
[0.213s] Level 1:colcon.colcon_core.package_identification:_identify(models/mujoco_menagerie/ms_human_700/assets/contact) by extension 'ignore_ament_install'
[0.213s] Level 1:colcon.colcon_core.package_identification:_identify(models/mujoco_menagerie/ms_human_700/assets/contact) by extensions ['colcon_pkg']
[0.213s] Level 1:colcon.colcon_core.package_identification:_identify(models/mujoco_menagerie/ms_human_700/assets/contact) by extension 'colcon_pkg'
[0.213s] Level 1:colcon.colcon_core.package_identification:_identify(models/mujoco_menagerie/ms_human_700/assets/contact) by extensions ['colcon_meta']
[0.213s] Level 1:colcon.colcon_core.package_identification:_identify(models/mujoco_menagerie/ms_human_700/assets/contact) by extension 'colcon_meta'
[0.213s] Level 1:colcon.colcon_core.package_identification:_identify(models/mujoco_menagerie/ms_human_700/assets/contact) by extensions ['ros']
[0.213s] Level 1:colcon.colcon_core.package_identification:_identify(models/mujoco_menagerie/ms_human_700/assets/contact) by extension 'ros'
[0.213s] Level 1:colcon.colcon_core.package_identification:_identify(models/mujoco_menagerie/ms_human_700/assets/contact) by extensions ['cmake', 'python']
[0.213s] Level 1:colcon.colcon_core.package_identification:_identify(models/mujoco_menagerie/ms_human_700/assets/contact) by extension 'cmake'
[0.213s] Level 1:colcon.colcon_core.package_identification:_identify(models/mujoco_menagerie/ms_human_700/assets/contact) by extension 'python'
[0.213s] Level 1:colcon.colcon_core.package_identification:_identify(models/mujoco_menagerie/ms_human_700/assets/contact) by extensions ['python_setup_py']
[0.213s] Level 1:colcon.colcon_core.package_identification:_identify(models/mujoco_menagerie/ms_human_700/assets/contact) by extension 'python_setup_py'
[0.213s] Level 1:colcon.colcon_core.package_identification:_identify(models/mujoco_menagerie/ms_human_700/assets/equality) by extensions ['ignore', 'ignore_ament_install']
[0.213s] Level 1:colcon.colcon_core.package_identification:_identify(models/mujoco_menagerie/ms_human_700/assets/equality) by extension 'ignore'
[0.213s] Level 1:colcon.colcon_core.package_identification:_identify(models/mujoco_menagerie/ms_human_700/assets/equality) by extension 'ignore_ament_install'
[0.213s] Level 1:colcon.colcon_core.package_identification:_identify(models/mujoco_menagerie/ms_human_700/assets/equality) by extensions ['colcon_pkg']
[0.213s] Level 1:colcon.colcon_core.package_identification:_identify(models/mujoco_menagerie/ms_human_700/assets/equality) by extension 'colcon_pkg'
[0.213s] Level 1:colcon.colcon_core.package_identification:_identify(models/mujoco_menagerie/ms_human_700/assets/equality) by extensions ['colcon_meta']
[0.213s] Level 1:colcon.colcon_core.package_identification:_identify(models/mujoco_menagerie/ms_human_700/assets/equality) by extension 'colcon_meta'
[0.213s] Level 1:colcon.colcon_core.package_identification:_identify(models/mujoco_menagerie/ms_human_700/assets/equality) by extensions ['ros']
[0.213s] Level 1:colcon.colcon_core.package_identification:_identify(models/mujoco_menagerie/ms_human_700/assets/equality) by extension 'ros'
[0.213s] Level 1:colcon.colcon_core.package_identification:_identify(models/mujoco_menagerie/ms_human_700/assets/equality) by extensions ['cmake', 'python']
[0.213s] Level 1:colcon.colcon_core.package_identification:_identify(models/mujoco_menagerie/ms_human_700/assets/equality) by extension 'cmake'
[0.214s] Level 1:colcon.colcon_core.package_identification:_identify(models/mujoco_menagerie/ms_human_700/assets/equality) by extension 'python'
[0.214s] Level 1:colcon.colcon_core.package_identification:_identify(models/mujoco_menagerie/ms_human_700/assets/equality) by extensions ['python_setup_py']
[0.214s] Level 1:colcon.colcon_core.package_identification:_identify(models/mujoco_menagerie/ms_human_700/assets/equality) by extension 'python_setup_py'
[0.214s] Level 1:colcon.colcon_core.package_identification:_identify(models/mujoco_menagerie/ms_human_700/assets/geometry) by extensions ['ignore', 'ignore_ament_install']
[0.214s] Level 1:colcon.colcon_core.package_identification:_identify(models/mujoco_menagerie/ms_human_700/assets/geometry) by extension 'ignore'
[0.214s] Level 1:colcon.colcon_core.package_identification:_identify(models/mujoco_menagerie/ms_human_700/assets/geometry) by extension 'ignore_ament_install'
[0.214s] Level 1:colcon.colcon_core.package_identification:_identify(models/mujoco_menagerie/ms_human_700/assets/geometry) by extensions ['colcon_pkg']
[0.214s] Level 1:colcon.colcon_core.package_identification:_identify(models/mujoco_menagerie/ms_human_700/assets/geometry) by extension 'colcon_pkg'
[0.214s] Level 1:colcon.colcon_core.package_identification:_identify(models/mujoco_menagerie/ms_human_700/assets/geometry) by extensions ['colcon_meta']
[0.214s] Level 1:colcon.colcon_core.package_identification:_identify(models/mujoco_menagerie/ms_human_700/assets/geometry) by extension 'colcon_meta'
[0.214s] Level 1:colcon.colcon_core.package_identification:_identify(models/mujoco_menagerie/ms_human_700/assets/geometry) by extensions ['ros']
[0.214s] Level 1:colcon.colcon_core.package_identification:_identify(models/mujoco_menagerie/ms_human_700/assets/geometry) by extension 'ros'
[0.214s] Level 1:colcon.colcon_core.package_identification:_identify(models/mujoco_menagerie/ms_human_700/assets/geometry) by extensions ['cmake', 'python']
[0.214s] Level 1:colcon.colcon_core.package_identification:_identify(models/mujoco_menagerie/ms_human_700/assets/geometry) by extension 'cmake'
[0.214s] Level 1:colcon.colcon_core.package_identification:_identify(models/mujoco_menagerie/ms_human_700/assets/geometry) by extension 'python'
[0.214s] Level 1:colcon.colcon_core.package_identification:_identify(models/mujoco_menagerie/ms_human_700/assets/geometry) by extensions ['python_setup_py']
[0.214s] Level 1:colcon.colcon_core.package_identification:_identify(models/mujoco_menagerie/ms_human_700/assets/geometry) by extension 'python_setup_py'
[0.214s] Level 1:colcon.colcon_core.package_identification:_identify(models/mujoco_menagerie/ms_human_700/assets/geometry/waterbottle) by extensions ['ignore', 'ignore_ament_install']
[0.214s] Level 1:colcon.colcon_core.package_identification:_identify(models/mujoco_menagerie/ms_human_700/assets/geometry/waterbottle) by extension 'ignore'
[0.214s] Level 1:colcon.colcon_core.package_identification:_identify(models/mujoco_menagerie/ms_human_700/assets/geometry/waterbottle) by extension 'ignore_ament_install'
[0.214s] Level 1:colcon.colcon_core.package_identification:_identify(models/mujoco_menagerie/ms_human_700/assets/geometry/waterbottle) by extensions ['colcon_pkg']
[0.214s] Level 1:colcon.colcon_core.package_identification:_identify(models/mujoco_menagerie/ms_human_700/assets/geometry/waterbottle) by extension 'colcon_pkg'
[0.214s] Level 1:colcon.colcon_core.package_identification:_identify(models/mujoco_menagerie/ms_human_700/assets/geometry/waterbottle) by extensions ['colcon_meta']
[0.214s] Level 1:colcon.colcon_core.package_identification:_identify(models/mujoco_menagerie/ms_human_700/assets/geometry/waterbottle) by extension 'colcon_meta'
[0.215s] Level 1:colcon.colcon_core.package_identification:_identify(models/mujoco_menagerie/ms_human_700/assets/geometry/waterbottle) by extensions ['ros']
[0.215s] Level 1:colcon.colcon_core.package_identification:_identify(models/mujoco_menagerie/ms_human_700/assets/geometry/waterbottle) by extension 'ros'
[0.215s] Level 1:colcon.colcon_core.package_identification:_identify(models/mujoco_menagerie/ms_human_700/assets/geometry/waterbottle) by extensions ['cmake', 'python']
[0.215s] Level 1:colcon.colcon_core.package_identification:_identify(models/mujoco_menagerie/ms_human_700/assets/geometry/waterbottle) by extension 'cmake'
[0.215s] Level 1:colcon.colcon_core.package_identification:_identify(models/mujoco_menagerie/ms_human_700/assets/geometry/waterbottle) by extension 'python'
[0.215s] Level 1:colcon.colcon_core.package_identification:_identify(models/mujoco_menagerie/ms_human_700/assets/geometry/waterbottle) by extensions ['python_setup_py']
[0.215s] Level 1:colcon.colcon_core.package_identification:_identify(models/mujoco_menagerie/ms_human_700/assets/geometry/waterbottle) by extension 'python_setup_py'
[0.215s] Level 1:colcon.colcon_core.package_identification:_identify(models/mujoco_menagerie/ms_human_700/assets/muscle) by extensions ['ignore', 'ignore_ament_install']
[0.215s] Level 1:colcon.colcon_core.package_identification:_identify(models/mujoco_menagerie/ms_human_700/assets/muscle) by extension 'ignore'
[0.215s] Level 1:colcon.colcon_core.package_identification:_identify(models/mujoco_menagerie/ms_human_700/assets/muscle) by extension 'ignore_ament_install'
[0.215s] Level 1:colcon.colcon_core.package_identification:_identify(models/mujoco_menagerie/ms_human_700/assets/muscle) by extensions ['colcon_pkg']
[0.215s] Level 1:colcon.colcon_core.package_identification:_identify(models/mujoco_menagerie/ms_human_700/assets/muscle) by extension 'colcon_pkg'
[0.215s] Level 1:colcon.colcon_core.package_identification:_identify(models/mujoco_menagerie/ms_human_700/assets/muscle) by extensions ['colcon_meta']
[0.215s] Level 1:colcon.colcon_core.package_identification:_identify(models/mujoco_menagerie/ms_human_700/assets/muscle) by extension 'colcon_meta'
[0.215s] Level 1:colcon.colcon_core.package_identification:_identify(models/mujoco_menagerie/ms_human_700/assets/muscle) by extensions ['ros']
[0.215s] Level 1:colcon.colcon_core.package_identification:_identify(models/mujoco_menagerie/ms_human_700/assets/muscle) by extension 'ros'
[0.215s] Level 1:colcon.colcon_core.package_identification:_identify(models/mujoco_menagerie/ms_human_700/assets/muscle) by extensions ['cmake', 'python']
[0.215s] Level 1:colcon.colcon_core.package_identification:_identify(models/mujoco_menagerie/ms_human_700/assets/muscle) by extension 'cmake'
[0.215s] Level 1:colcon.colcon_core.package_identification:_identify(models/mujoco_menagerie/ms_human_700/assets/muscle) by extension 'python'
[0.215s] Level 1:colcon.colcon_core.package_identification:_identify(models/mujoco_menagerie/ms_human_700/assets/muscle) by extensions ['python_setup_py']
[0.215s] Level 1:colcon.colcon_core.package_identification:_identify(models/mujoco_menagerie/ms_human_700/assets/muscle) by extension 'python_setup_py'
[0.215s] Level 1:colcon.colcon_core.package_identification:_identify(models/mujoco_menagerie/ms_human_700/assets/tendon) by extensions ['ignore', 'ignore_ament_install']
[0.215s] Level 1:colcon.colcon_core.package_identification:_identify(models/mujoco_menagerie/ms_human_700/assets/tendon) by extension 'ignore'
[0.215s] Level 1:colcon.colcon_core.package_identification:_identify(models/mujoco_menagerie/ms_human_700/assets/tendon) by extension 'ignore_ament_install'
[0.215s] Level 1:colcon.colcon_core.package_identification:_identify(models/mujoco_menagerie/ms_human_700/assets/tendon) by extensions ['colcon_pkg']
[0.215s] Level 1:colcon.colcon_core.package_identification:_identify(models/mujoco_menagerie/ms_human_700/assets/tendon) by extension 'colcon_pkg'
[0.215s] Level 1:colcon.colcon_core.package_identification:_identify(models/mujoco_menagerie/ms_human_700/assets/tendon) by extensions ['colcon_meta']
[0.215s] Level 1:colcon.colcon_core.package_identification:_identify(models/mujoco_menagerie/ms_human_700/assets/tendon) by extension 'colcon_meta'
[0.216s] Level 1:colcon.colcon_core.package_identification:_identify(models/mujoco_menagerie/ms_human_700/assets/tendon) by extensions ['ros']
[0.216s] Level 1:colcon.colcon_core.package_identification:_identify(models/mujoco_menagerie/ms_human_700/assets/tendon) by extension 'ros'
[0.216s] Level 1:colcon.colcon_core.package_identification:_identify(models/mujoco_menagerie/ms_human_700/assets/tendon) by extensions ['cmake', 'python']
[0.216s] Level 1:colcon.colcon_core.package_identification:_identify(models/mujoco_menagerie/ms_human_700/assets/tendon) by extension 'cmake'
[0.216s] Level 1:colcon.colcon_core.package_identification:_identify(models/mujoco_menagerie/ms_human_700/assets/tendon) by extension 'python'
[0.216s] Level 1:colcon.colcon_core.package_identification:_identify(models/mujoco_menagerie/ms_human_700/assets/tendon) by extensions ['python_setup_py']
[0.216s] Level 1:colcon.colcon_core.package_identification:_identify(models/mujoco_menagerie/ms_human_700/assets/tendon) by extension 'python_setup_py'
[0.216s] Level 1:colcon.colcon_core.package_identification:_identify(models/mujoco_menagerie/pal_talos) by extensions ['ignore', 'ignore_ament_install']
[0.216s] Level 1:colcon.colcon_core.package_identification:_identify(models/mujoco_menagerie/pal_talos) by extension 'ignore'
[0.216s] Level 1:colcon.colcon_core.package_identification:_identify(models/mujoco_menagerie/pal_talos) by extension 'ignore_ament_install'
[0.216s] Level 1:colcon.colcon_core.package_identification:_identify(models/mujoco_menagerie/pal_talos) by extensions ['colcon_pkg']
[0.216s] Level 1:colcon.colcon_core.package_identification:_identify(models/mujoco_menagerie/pal_talos) by extension 'colcon_pkg'
[0.216s] Level 1:colcon.colcon_core.package_identification:_identify(models/mujoco_menagerie/pal_talos) by extensions ['colcon_meta']
[0.216s] Level 1:colcon.colcon_core.package_identification:_identify(models/mujoco_menagerie/pal_talos) by extension 'colcon_meta'
[0.216s] Level 1:colcon.colcon_core.package_identification:_identify(models/mujoco_menagerie/pal_talos) by extensions ['ros']
[0.216s] Level 1:colcon.colcon_core.package_identification:_identify(models/mujoco_menagerie/pal_talos) by extension 'ros'
[0.216s] Level 1:colcon.colcon_core.package_identification:_identify(models/mujoco_menagerie/pal_talos) by extensions ['cmake', 'python']
[0.216s] Level 1:colcon.colcon_core.package_identification:_identify(models/mujoco_menagerie/pal_talos) by extension 'cmake'
[0.216s] Level 1:colcon.colcon_core.package_identification:_identify(models/mujoco_menagerie/pal_talos) by extension 'python'
[0.216s] Level 1:colcon.colcon_core.package_identification:_identify(models/mujoco_menagerie/pal_talos) by extensions ['python_setup_py']
[0.216s] Level 1:colcon.colcon_core.package_identification:_identify(models/mujoco_menagerie/pal_talos) by extension 'python_setup_py'
[0.216s] Level 1:colcon.colcon_core.package_identification:_identify(models/mujoco_menagerie/pal_talos/assets) by extensions ['ignore', 'ignore_ament_install']
[0.216s] Level 1:colcon.colcon_core.package_identification:_identify(models/mujoco_menagerie/pal_talos/assets) by extension 'ignore'
[0.216s] Level 1:colcon.colcon_core.package_identification:_identify(models/mujoco_menagerie/pal_talos/assets) by extension 'ignore_ament_install'
[0.216s] Level 1:colcon.colcon_core.package_identification:_identify(models/mujoco_menagerie/pal_talos/assets) by extensions ['colcon_pkg']
[0.216s] Level 1:colcon.colcon_core.package_identification:_identify(models/mujoco_menagerie/pal_talos/assets) by extension 'colcon_pkg'
[0.216s] Level 1:colcon.colcon_core.package_identification:_identify(models/mujoco_menagerie/pal_talos/assets) by extensions ['colcon_meta']
[0.216s] Level 1:colcon.colcon_core.package_identification:_identify(models/mujoco_menagerie/pal_talos/assets) by extension 'colcon_meta'
[0.216s] Level 1:colcon.colcon_core.package_identification:_identify(models/mujoco_menagerie/pal_talos/assets) by extensions ['ros']
[0.217s] Level 1:colcon.colcon_core.package_identification:_identify(models/mujoco_menagerie/pal_talos/assets) by extension 'ros'
[0.217s] Level 1:colcon.colcon_core.package_identification:_identify(models/mujoco_menagerie/pal_talos/assets) by extensions ['cmake', 'python']
[0.217s] Level 1:colcon.colcon_core.package_identification:_identify(models/mujoco_menagerie/pal_talos/assets) by extension 'cmake'
[0.217s] Level 1:colcon.colcon_core.package_identification:_identify(models/mujoco_menagerie/pal_talos/assets) by extension 'python'
[0.217s] Level 1:colcon.colcon_core.package_identification:_identify(models/mujoco_menagerie/pal_talos/assets) by extensions ['python_setup_py']
[0.217s] Level 1:colcon.colcon_core.package_identification:_identify(models/mujoco_menagerie/pal_talos/assets) by extension 'python_setup_py'
[0.217s] Level 1:colcon.colcon_core.package_identification:_identify(models/mujoco_menagerie/pal_talos/assets/arm) by extensions ['ignore', 'ignore_ament_install']
[0.217s] Level 1:colcon.colcon_core.package_identification:_identify(models/mujoco_menagerie/pal_talos/assets/arm) by extension 'ignore'
[0.217s] Level 1:colcon.colcon_core.package_identification:_identify(models/mujoco_menagerie/pal_talos/assets/arm) by extension 'ignore_ament_install'
[0.217s] Level 1:colcon.colcon_core.package_identification:_identify(models/mujoco_menagerie/pal_talos/assets/arm) by extensions ['colcon_pkg']
[0.217s] Level 1:colcon.colcon_core.package_identification:_identify(models/mujoco_menagerie/pal_talos/assets/arm) by extension 'colcon_pkg'
[0.217s] Level 1:colcon.colcon_core.package_identification:_identify(models/mujoco_menagerie/pal_talos/assets/arm) by extensions ['colcon_meta']
[0.217s] Level 1:colcon.colcon_core.package_identification:_identify(models/mujoco_menagerie/pal_talos/assets/arm) by extension 'colcon_meta'
[0.217s] Level 1:colcon.colcon_core.package_identification:_identify(models/mujoco_menagerie/pal_talos/assets/arm) by extensions ['ros']
[0.217s] Level 1:colcon.colcon_core.package_identification:_identify(models/mujoco_menagerie/pal_talos/assets/arm) by extension 'ros'
[0.217s] Level 1:colcon.colcon_core.package_identification:_identify(models/mujoco_menagerie/pal_talos/assets/arm) by extensions ['cmake', 'python']
[0.217s] Level 1:colcon.colcon_core.package_identification:_identify(models/mujoco_menagerie/pal_talos/assets/arm) by extension 'cmake'
[0.217s] Level 1:colcon.colcon_core.package_identification:_identify(models/mujoco_menagerie/pal_talos/assets/arm) by extension 'python'
[0.217s] Level 1:colcon.colcon_core.package_identification:_identify(models/mujoco_menagerie/pal_talos/assets/arm) by extensions ['python_setup_py']
[0.217s] Level 1:colcon.colcon_core.package_identification:_identify(models/mujoco_menagerie/pal_talos/assets/arm) by extension 'python_setup_py'
[0.217s] Level 1:colcon.colcon_core.package_identification:_identify(models/mujoco_menagerie/pal_talos/assets/gripper) by extensions ['ignore', 'ignore_ament_install']
[0.217s] Level 1:colcon.colcon_core.package_identification:_identify(models/mujoco_menagerie/pal_talos/assets/gripper) by extension 'ignore'
[0.217s] Level 1:colcon.colcon_core.package_identification:_identify(models/mujoco_menagerie/pal_talos/assets/gripper) by extension 'ignore_ament_install'
[0.217s] Level 1:colcon.colcon_core.package_identification:_identify(models/mujoco_menagerie/pal_talos/assets/gripper) by extensions ['colcon_pkg']
[0.217s] Level 1:colcon.colcon_core.package_identification:_identify(models/mujoco_menagerie/pal_talos/assets/gripper) by extension 'colcon_pkg'
[0.217s] Level 1:colcon.colcon_core.package_identification:_identify(models/mujoco_menagerie/pal_talos/assets/gripper) by extensions ['colcon_meta']
[0.217s] Level 1:colcon.colcon_core.package_identification:_identify(models/mujoco_menagerie/pal_talos/assets/gripper) by extension 'colcon_meta'
[0.218s] Level 1:colcon.colcon_core.package_identification:_identify(models/mujoco_menagerie/pal_talos/assets/gripper) by extensions ['ros']
[0.218s] Level 1:colcon.colcon_core.package_identification:_identify(models/mujoco_menagerie/pal_talos/assets/gripper) by extension 'ros'
[0.218s] Level 1:colcon.colcon_core.package_identification:_identify(models/mujoco_menagerie/pal_talos/assets/gripper) by extensions ['cmake', 'python']
[0.218s] Level 1:colcon.colcon_core.package_identification:_identify(models/mujoco_menagerie/pal_talos/assets/gripper) by extension 'cmake'
[0.218s] Level 1:colcon.colcon_core.package_identification:_identify(models/mujoco_menagerie/pal_talos/assets/gripper) by extension 'python'
[0.218s] Level 1:colcon.colcon_core.package_identification:_identify(models/mujoco_menagerie/pal_talos/assets/gripper) by extensions ['python_setup_py']
[0.218s] Level 1:colcon.colcon_core.package_identification:_identify(models/mujoco_menagerie/pal_talos/assets/gripper) by extension 'python_setup_py'
[0.218s] Level 1:colcon.colcon_core.package_identification:_identify(models/mujoco_menagerie/pal_talos/assets/head) by extensions ['ignore', 'ignore_ament_install']
[0.218s] Level 1:colcon.colcon_core.package_identification:_identify(models/mujoco_menagerie/pal_talos/assets/head) by extension 'ignore'
[0.218s] Level 1:colcon.colcon_core.package_identification:_identify(models/mujoco_menagerie/pal_talos/assets/head) by extension 'ignore_ament_install'
[0.218s] Level 1:colcon.colcon_core.package_identification:_identify(models/mujoco_menagerie/pal_talos/assets/head) by extensions ['colcon_pkg']
[0.218s] Level 1:colcon.colcon_core.package_identification:_identify(models/mujoco_menagerie/pal_talos/assets/head) by extension 'colcon_pkg'
[0.218s] Level 1:colcon.colcon_core.package_identification:_identify(models/mujoco_menagerie/pal_talos/assets/head) by extensions ['colcon_meta']
[0.218s] Level 1:colcon.colcon_core.package_identification:_identify(models/mujoco_menagerie/pal_talos/assets/head) by extension 'colcon_meta'
[0.218s] Level 1:colcon.colcon_core.package_identification:_identify(models/mujoco_menagerie/pal_talos/assets/head) by extensions ['ros']
[0.218s] Level 1:colcon.colcon_core.package_identification:_identify(models/mujoco_menagerie/pal_talos/assets/head) by extension 'ros'
[0.218s] Level 1:colcon.colcon_core.package_identification:_identify(models/mujoco_menagerie/pal_talos/assets/head) by extensions ['cmake', 'python']
[0.218s] Level 1:colcon.colcon_core.package_identification:_identify(models/mujoco_menagerie/pal_talos/assets/head) by extension 'cmake'
[0.218s] Level 1:colcon.colcon_core.package_identification:_identify(models/mujoco_menagerie/pal_talos/assets/head) by extension 'python'
[0.218s] Level 1:colcon.colcon_core.package_identification:_identify(models/mujoco_menagerie/pal_talos/assets/head) by extensions ['python_setup_py']
[0.218s] Level 1:colcon.colcon_core.package_identification:_identify(models/mujoco_menagerie/pal_talos/assets/head) by extension 'python_setup_py'
[0.218s] Level 1:colcon.colcon_core.package_identification:_identify(models/mujoco_menagerie/pal_talos/assets/sensors) by extensions ['ignore', 'ignore_ament_install']
[0.218s] Level 1:colcon.colcon_core.package_identification:_identify(models/mujoco_menagerie/pal_talos/assets/sensors) by extension 'ignore'
[0.218s] Level 1:colcon.colcon_core.package_identification:_identify(models/mujoco_menagerie/pal_talos/assets/sensors) by extension 'ignore_ament_install'
[0.218s] Level 1:colcon.colcon_core.package_identification:_identify(models/mujoco_menagerie/pal_talos/assets/sensors) by extensions ['colcon_pkg']
[0.218s] Level 1:colcon.colcon_core.package_identification:_identify(models/mujoco_menagerie/pal_talos/assets/sensors) by extension 'colcon_pkg'
[0.218s] Level 1:colcon.colcon_core.package_identification:_identify(models/mujoco_menagerie/pal_talos/assets/sensors) by extensions ['colcon_meta']
[0.218s] Level 1:colcon.colcon_core.package_identification:_identify(models/mujoco_menagerie/pal_talos/assets/sensors) by extension 'colcon_meta'
[0.218s] Level 1:colcon.colcon_core.package_identification:_identify(models/mujoco_menagerie/pal_talos/assets/sensors) by extensions ['ros']
[0.218s] Level 1:colcon.colcon_core.package_identification:_identify(models/mujoco_menagerie/pal_talos/assets/sensors) by extension 'ros'
[0.219s] Level 1:colcon.colcon_core.package_identification:_identify(models/mujoco_menagerie/pal_talos/assets/sensors) by extensions ['cmake', 'python']
[0.219s] Level 1:colcon.colcon_core.package_identification:_identify(models/mujoco_menagerie/pal_talos/assets/sensors) by extension 'cmake'
[0.219s] Level 1:colcon.colcon_core.package_identification:_identify(models/mujoco_menagerie/pal_talos/assets/sensors) by extension 'python'
[0.219s] Level 1:colcon.colcon_core.package_identification:_identify(models/mujoco_menagerie/pal_talos/assets/sensors) by extensions ['python_setup_py']
[0.219s] Level 1:colcon.colcon_core.package_identification:_identify(models/mujoco_menagerie/pal_talos/assets/sensors) by extension 'python_setup_py'
[0.219s] Level 1:colcon.colcon_core.package_identification:_identify(models/mujoco_menagerie/pal_talos/assets/sensors/orbbec) by extensions ['ignore', 'ignore_ament_install']
[0.219s] Level 1:colcon.colcon_core.package_identification:_identify(models/mujoco_menagerie/pal_talos/assets/sensors/orbbec) by extension 'ignore'
[0.219s] Level 1:colcon.colcon_core.package_identification:_identify(models/mujoco_menagerie/pal_talos/assets/sensors/orbbec) by extension 'ignore_ament_install'
[0.219s] Level 1:colcon.colcon_core.package_identification:_identify(models/mujoco_menagerie/pal_talos/assets/sensors/orbbec) by extensions ['colcon_pkg']
[0.219s] Level 1:colcon.colcon_core.package_identification:_identify(models/mujoco_menagerie/pal_talos/assets/sensors/orbbec) by extension 'colcon_pkg'
[0.219s] Level 1:colcon.colcon_core.package_identification:_identify(models/mujoco_menagerie/pal_talos/assets/sensors/orbbec) by extensions ['colcon_meta']
[0.219s] Level 1:colcon.colcon_core.package_identification:_identify(models/mujoco_menagerie/pal_talos/assets/sensors/orbbec) by extension 'colcon_meta'
[0.219s] Level 1:colcon.colcon_core.package_identification:_identify(models/mujoco_menagerie/pal_talos/assets/sensors/orbbec) by extensions ['ros']
[0.219s] Level 1:colcon.colcon_core.package_identification:_identify(models/mujoco_menagerie/pal_talos/assets/sensors/orbbec) by extension 'ros'
[0.219s] Level 1:colcon.colcon_core.package_identification:_identify(models/mujoco_menagerie/pal_talos/assets/sensors/orbbec) by extensions ['cmake', 'python']
[0.219s] Level 1:colcon.colcon_core.package_identification:_identify(models/mujoco_menagerie/pal_talos/assets/sensors/orbbec) by extension 'cmake'
[0.219s] Level 1:colcon.colcon_core.package_identification:_identify(models/mujoco_menagerie/pal_talos/assets/sensors/orbbec) by extension 'python'
[0.219s] Level 1:colcon.colcon_core.package_identification:_identify(models/mujoco_menagerie/pal_talos/assets/sensors/orbbec) by extensions ['python_setup_py']
[0.219s] Level 1:colcon.colcon_core.package_identification:_identify(models/mujoco_menagerie/pal_talos/assets/sensors/orbbec) by extension 'python_setup_py'
[0.219s] Level 1:colcon.colcon_core.package_identification:_identify(models/mujoco_menagerie/pal_talos/assets/torso) by extensions ['ignore', 'ignore_ament_install']
[0.219s] Level 1:colcon.colcon_core.package_identification:_identify(models/mujoco_menagerie/pal_talos/assets/torso) by extension 'ignore'
[0.219s] Level 1:colcon.colcon_core.package_identification:_identify(models/mujoco_menagerie/pal_talos/assets/torso) by extension 'ignore_ament_install'
[0.219s] Level 1:colcon.colcon_core.package_identification:_identify(models/mujoco_menagerie/pal_talos/assets/torso) by extensions ['colcon_pkg']
[0.219s] Level 1:colcon.colcon_core.package_identification:_identify(models/mujoco_menagerie/pal_talos/assets/torso) by extension 'colcon_pkg'
[0.219s] Level 1:colcon.colcon_core.package_identification:_identify(models/mujoco_menagerie/pal_talos/assets/torso) by extensions ['colcon_meta']
[0.219s] Level 1:colcon.colcon_core.package_identification:_identify(models/mujoco_menagerie/pal_talos/assets/torso) by extension 'colcon_meta'
[0.219s] Level 1:colcon.colcon_core.package_identification:_identify(models/mujoco_menagerie/pal_talos/assets/torso) by extensions ['ros']
[0.219s] Level 1:colcon.colcon_core.package_identification:_identify(models/mujoco_menagerie/pal_talos/assets/torso) by extension 'ros'
[0.220s] Level 1:colcon.colcon_core.package_identification:_identify(models/mujoco_menagerie/pal_talos/assets/torso) by extensions ['cmake', 'python']
[0.220s] Level 1:colcon.colcon_core.package_identification:_identify(models/mujoco_menagerie/pal_talos/assets/torso) by extension 'cmake'
[0.220s] Level 1:colcon.colcon_core.package_identification:_identify(models/mujoco_menagerie/pal_talos/assets/torso) by extension 'python'
[0.220s] Level 1:colcon.colcon_core.package_identification:_identify(models/mujoco_menagerie/pal_talos/assets/torso) by extensions ['python_setup_py']
[0.220s] Level 1:colcon.colcon_core.package_identification:_identify(models/mujoco_menagerie/pal_talos/assets/torso) by extension 'python_setup_py'
[0.220s] Level 1:colcon.colcon_core.package_identification:_identify(models/mujoco_menagerie/pal_talos/assets/v2) by extensions ['ignore', 'ignore_ament_install']
[0.220s] Level 1:colcon.colcon_core.package_identification:_identify(models/mujoco_menagerie/pal_talos/assets/v2) by extension 'ignore'
[0.220s] Level 1:colcon.colcon_core.package_identification:_identify(models/mujoco_menagerie/pal_talos/assets/v2) by extension 'ignore_ament_install'
[0.220s] Level 1:colcon.colcon_core.package_identification:_identify(models/mujoco_menagerie/pal_talos/assets/v2) by extensions ['colcon_pkg']
[0.220s] Level 1:colcon.colcon_core.package_identification:_identify(models/mujoco_menagerie/pal_talos/assets/v2) by extension 'colcon_pkg'
[0.220s] Level 1:colcon.colcon_core.package_identification:_identify(models/mujoco_menagerie/pal_talos/assets/v2) by extensions ['colcon_meta']
[0.220s] Level 1:colcon.colcon_core.package_identification:_identify(models/mujoco_menagerie/pal_talos/assets/v2) by extension 'colcon_meta'
[0.220s] Level 1:colcon.colcon_core.package_identification:_identify(models/mujoco_menagerie/pal_talos/assets/v2) by extensions ['ros']
[0.220s] Level 1:colcon.colcon_core.package_identification:_identify(models/mujoco_menagerie/pal_talos/assets/v2) by extension 'ros'
[0.220s] Level 1:colcon.colcon_core.package_identification:_identify(models/mujoco_menagerie/pal_talos/assets/v2) by extensions ['cmake', 'python']
[0.220s] Level 1:colcon.colcon_core.package_identification:_identify(models/mujoco_menagerie/pal_talos/assets/v2) by extension 'cmake'
[0.220s] Level 1:colcon.colcon_core.package_identification:_identify(models/mujoco_menagerie/pal_talos/assets/v2) by extension 'python'
[0.220s] Level 1:colcon.colcon_core.package_identification:_identify(models/mujoco_menagerie/pal_talos/assets/v2) by extensions ['python_setup_py']
[0.220s] Level 1:colcon.colcon_core.package_identification:_identify(models/mujoco_menagerie/pal_talos/assets/v2) by extension 'python_setup_py'
[0.220s] Level 1:colcon.colcon_core.package_identification:_identify(models/mujoco_menagerie/pal_tiago) by extensions ['ignore', 'ignore_ament_install']
[0.220s] Level 1:colcon.colcon_core.package_identification:_identify(models/mujoco_menagerie/pal_tiago) by extension 'ignore'
[0.220s] Level 1:colcon.colcon_core.package_identification:_identify(models/mujoco_menagerie/pal_tiago) by extension 'ignore_ament_install'
[0.220s] Level 1:colcon.colcon_core.package_identification:_identify(models/mujoco_menagerie/pal_tiago) by extensions ['colcon_pkg']
[0.220s] Level 1:colcon.colcon_core.package_identification:_identify(models/mujoco_menagerie/pal_tiago) by extension 'colcon_pkg'
[0.220s] Level 1:colcon.colcon_core.package_identification:_identify(models/mujoco_menagerie/pal_tiago) by extensions ['colcon_meta']
[0.220s] Level 1:colcon.colcon_core.package_identification:_identify(models/mujoco_menagerie/pal_tiago) by extension 'colcon_meta'
[0.220s] Level 1:colcon.colcon_core.package_identification:_identify(models/mujoco_menagerie/pal_tiago) by extensions ['ros']
[0.220s] Level 1:colcon.colcon_core.package_identification:_identify(models/mujoco_menagerie/pal_tiago) by extension 'ros'
[0.221s] Level 1:colcon.colcon_core.package_identification:_identify(models/mujoco_menagerie/pal_tiago) by extensions ['cmake', 'python']
[0.221s] Level 1:colcon.colcon_core.package_identification:_identify(models/mujoco_menagerie/pal_tiago) by extension 'cmake'
[0.221s] Level 1:colcon.colcon_core.package_identification:_identify(models/mujoco_menagerie/pal_tiago) by extension 'python'
[0.221s] Level 1:colcon.colcon_core.package_identification:_identify(models/mujoco_menagerie/pal_tiago) by extensions ['python_setup_py']
[0.221s] Level 1:colcon.colcon_core.package_identification:_identify(models/mujoco_menagerie/pal_tiago) by extension 'python_setup_py'
[0.221s] Level 1:colcon.colcon_core.package_identification:_identify(models/mujoco_menagerie/pal_tiago/assets) by extensions ['ignore', 'ignore_ament_install']
[0.221s] Level 1:colcon.colcon_core.package_identification:_identify(models/mujoco_menagerie/pal_tiago/assets) by extension 'ignore'
[0.221s] Level 1:colcon.colcon_core.package_identification:_identify(models/mujoco_menagerie/pal_tiago/assets) by extension 'ignore_ament_install'
[0.221s] Level 1:colcon.colcon_core.package_identification:_identify(models/mujoco_menagerie/pal_tiago/assets) by extensions ['colcon_pkg']
[0.221s] Level 1:colcon.colcon_core.package_identification:_identify(models/mujoco_menagerie/pal_tiago/assets) by extension 'colcon_pkg'
[0.221s] Level 1:colcon.colcon_core.package_identification:_identify(models/mujoco_menagerie/pal_tiago/assets) by extensions ['colcon_meta']
[0.221s] Level 1:colcon.colcon_core.package_identification:_identify(models/mujoco_menagerie/pal_tiago/assets) by extension 'colcon_meta'
[0.221s] Level 1:colcon.colcon_core.package_identification:_identify(models/mujoco_menagerie/pal_tiago/assets) by extensions ['ros']
[0.221s] Level 1:colcon.colcon_core.package_identification:_identify(models/mujoco_menagerie/pal_tiago/assets) by extension 'ros'
[0.221s] Level 1:colcon.colcon_core.package_identification:_identify(models/mujoco_menagerie/pal_tiago/assets) by extensions ['cmake', 'python']
[0.221s] Level 1:colcon.colcon_core.package_identification:_identify(models/mujoco_menagerie/pal_tiago/assets) by extension 'cmake'
[0.221s] Level 1:colcon.colcon_core.package_identification:_identify(models/mujoco_menagerie/pal_tiago/assets) by extension 'python'
[0.221s] Level 1:colcon.colcon_core.package_identification:_identify(models/mujoco_menagerie/pal_tiago/assets) by extensions ['python_setup_py']
[0.221s] Level 1:colcon.colcon_core.package_identification:_identify(models/mujoco_menagerie/pal_tiago/assets) by extension 'python_setup_py'
[0.221s] Level 1:colcon.colcon_core.package_identification:_identify(models/mujoco_menagerie/pal_tiago/assets/arm) by extensions ['ignore', 'ignore_ament_install']
[0.221s] Level 1:colcon.colcon_core.package_identification:_identify(models/mujoco_menagerie/pal_tiago/assets/arm) by extension 'ignore'
[0.221s] Level 1:colcon.colcon_core.package_identification:_identify(models/mujoco_menagerie/pal_tiago/assets/arm) by extension 'ignore_ament_install'
[0.221s] Level 1:colcon.colcon_core.package_identification:_identify(models/mujoco_menagerie/pal_tiago/assets/arm) by extensions ['colcon_pkg']
[0.221s] Level 1:colcon.colcon_core.package_identification:_identify(models/mujoco_menagerie/pal_tiago/assets/arm) by extension 'colcon_pkg'
[0.221s] Level 1:colcon.colcon_core.package_identification:_identify(models/mujoco_menagerie/pal_tiago/assets/arm) by extensions ['colcon_meta']
[0.221s] Level 1:colcon.colcon_core.package_identification:_identify(models/mujoco_menagerie/pal_tiago/assets/arm) by extension 'colcon_meta'
[0.221s] Level 1:colcon.colcon_core.package_identification:_identify(models/mujoco_menagerie/pal_tiago/assets/arm) by extensions ['ros']
[0.221s] Level 1:colcon.colcon_core.package_identification:_identify(models/mujoco_menagerie/pal_tiago/assets/arm) by extension 'ros'
[0.221s] Level 1:colcon.colcon_core.package_identification:_identify(models/mujoco_menagerie/pal_tiago/assets/arm) by extensions ['cmake', 'python']
[0.222s] Level 1:colcon.colcon_core.package_identification:_identify(models/mujoco_menagerie/pal_tiago/assets/arm) by extension 'cmake'
[0.222s] Level 1:colcon.colcon_core.package_identification:_identify(models/mujoco_menagerie/pal_tiago/assets/arm) by extension 'python'
[0.222s] Level 1:colcon.colcon_core.package_identification:_identify(models/mujoco_menagerie/pal_tiago/assets/arm) by extensions ['python_setup_py']
[0.222s] Level 1:colcon.colcon_core.package_identification:_identify(models/mujoco_menagerie/pal_tiago/assets/arm) by extension 'python_setup_py'
[0.222s] Level 1:colcon.colcon_core.package_identification:_identify(models/mujoco_menagerie/pal_tiago/assets/base) by extensions ['ignore', 'ignore_ament_install']
[0.222s] Level 1:colcon.colcon_core.package_identification:_identify(models/mujoco_menagerie/pal_tiago/assets/base) by extension 'ignore'
[0.222s] Level 1:colcon.colcon_core.package_identification:_identify(models/mujoco_menagerie/pal_tiago/assets/base) by extension 'ignore_ament_install'
[0.222s] Level 1:colcon.colcon_core.package_identification:_identify(models/mujoco_menagerie/pal_tiago/assets/base) by extensions ['colcon_pkg']
[0.222s] Level 1:colcon.colcon_core.package_identification:_identify(models/mujoco_menagerie/pal_tiago/assets/base) by extension 'colcon_pkg'
[0.222s] Level 1:colcon.colcon_core.package_identification:_identify(models/mujoco_menagerie/pal_tiago/assets/base) by extensions ['colcon_meta']
[0.222s] Level 1:colcon.colcon_core.package_identification:_identify(models/mujoco_menagerie/pal_tiago/assets/base) by extension 'colcon_meta'
[0.222s] Level 1:colcon.colcon_core.package_identification:_identify(models/mujoco_menagerie/pal_tiago/assets/base) by extensions ['ros']
[0.222s] Level 1:colcon.colcon_core.package_identification:_identify(models/mujoco_menagerie/pal_tiago/assets/base) by extension 'ros'
[0.222s] Level 1:colcon.colcon_core.package_identification:_identify(models/mujoco_menagerie/pal_tiago/assets/base) by extensions ['cmake', 'python']
[0.222s] Level 1:colcon.colcon_core.package_identification:_identify(models/mujoco_menagerie/pal_tiago/assets/base) by extension 'cmake'
[0.222s] Level 1:colcon.colcon_core.package_identification:_identify(models/mujoco_menagerie/pal_tiago/assets/base) by extension 'python'
[0.222s] Level 1:colcon.colcon_core.package_identification:_identify(models/mujoco_menagerie/pal_tiago/assets/base) by extensions ['python_setup_py']
[0.222s] Level 1:colcon.colcon_core.package_identification:_identify(models/mujoco_menagerie/pal_tiago/assets/base) by extension 'python_setup_py'
[0.222s] Level 1:colcon.colcon_core.package_identification:_identify(models/mujoco_menagerie/pal_tiago/assets/gripper) by extensions ['ignore', 'ignore_ament_install']
[0.222s] Level 1:colcon.colcon_core.package_identification:_identify(models/mujoco_menagerie/pal_tiago/assets/gripper) by extension 'ignore'
[0.222s] Level 1:colcon.colcon_core.package_identification:_identify(models/mujoco_menagerie/pal_tiago/assets/gripper) by extension 'ignore_ament_install'
[0.222s] Level 1:colcon.colcon_core.package_identification:_identify(models/mujoco_menagerie/pal_tiago/assets/gripper) by extensions ['colcon_pkg']
[0.222s] Level 1:colcon.colcon_core.package_identification:_identify(models/mujoco_menagerie/pal_tiago/assets/gripper) by extension 'colcon_pkg'
[0.222s] Level 1:colcon.colcon_core.package_identification:_identify(models/mujoco_menagerie/pal_tiago/assets/gripper) by extensions ['colcon_meta']
[0.222s] Level 1:colcon.colcon_core.package_identification:_identify(models/mujoco_menagerie/pal_tiago/assets/gripper) by extension 'colcon_meta'
[0.222s] Level 1:colcon.colcon_core.package_identification:_identify(models/mujoco_menagerie/pal_tiago/assets/gripper) by extensions ['ros']
[0.222s] Level 1:colcon.colcon_core.package_identification:_identify(models/mujoco_menagerie/pal_tiago/assets/gripper) by extension 'ros'
[0.222s] Level 1:colcon.colcon_core.package_identification:_identify(models/mujoco_menagerie/pal_tiago/assets/gripper) by extensions ['cmake', 'python']
[0.223s] Level 1:colcon.colcon_core.package_identification:_identify(models/mujoco_menagerie/pal_tiago/assets/gripper) by extension 'cmake'
[0.223s] Level 1:colcon.colcon_core.package_identification:_identify(models/mujoco_menagerie/pal_tiago/assets/gripper) by extension 'python'
[0.223s] Level 1:colcon.colcon_core.package_identification:_identify(models/mujoco_menagerie/pal_tiago/assets/gripper) by extensions ['python_setup_py']
[0.223s] Level 1:colcon.colcon_core.package_identification:_identify(models/mujoco_menagerie/pal_tiago/assets/gripper) by extension 'python_setup_py'
[0.223s] Level 1:colcon.colcon_core.package_identification:_identify(models/mujoco_menagerie/pal_tiago/assets/head) by extensions ['ignore', 'ignore_ament_install']
[0.223s] Level 1:colcon.colcon_core.package_identification:_identify(models/mujoco_menagerie/pal_tiago/assets/head) by extension 'ignore'
[0.223s] Level 1:colcon.colcon_core.package_identification:_identify(models/mujoco_menagerie/pal_tiago/assets/head) by extension 'ignore_ament_install'
[0.223s] Level 1:colcon.colcon_core.package_identification:_identify(models/mujoco_menagerie/pal_tiago/assets/head) by extensions ['colcon_pkg']
[0.223s] Level 1:colcon.colcon_core.package_identification:_identify(models/mujoco_menagerie/pal_tiago/assets/head) by extension 'colcon_pkg'
[0.223s] Level 1:colcon.colcon_core.package_identification:_identify(models/mujoco_menagerie/pal_tiago/assets/head) by extensions ['colcon_meta']
[0.223s] Level 1:colcon.colcon_core.package_identification:_identify(models/mujoco_menagerie/pal_tiago/assets/head) by extension 'colcon_meta'
[0.223s] Level 1:colcon.colcon_core.package_identification:_identify(models/mujoco_menagerie/pal_tiago/assets/head) by extensions ['ros']
[0.223s] Level 1:colcon.colcon_core.package_identification:_identify(models/mujoco_menagerie/pal_tiago/assets/head) by extension 'ros'
[0.223s] Level 1:colcon.colcon_core.package_identification:_identify(models/mujoco_menagerie/pal_tiago/assets/head) by extensions ['cmake', 'python']
[0.223s] Level 1:colcon.colcon_core.package_identification:_identify(models/mujoco_menagerie/pal_tiago/assets/head) by extension 'cmake'
[0.223s] Level 1:colcon.colcon_core.package_identification:_identify(models/mujoco_menagerie/pal_tiago/assets/head) by extension 'python'
[0.223s] Level 1:colcon.colcon_core.package_identification:_identify(models/mujoco_menagerie/pal_tiago/assets/head) by extensions ['python_setup_py']
[0.223s] Level 1:colcon.colcon_core.package_identification:_identify(models/mujoco_menagerie/pal_tiago/assets/head) by extension 'python_setup_py'
[0.223s] Level 1:colcon.colcon_core.package_identification:_identify(models/mujoco_menagerie/pal_tiago/assets/objects) by extensions ['ignore', 'ignore_ament_install']
[0.223s] Level 1:colcon.colcon_core.package_identification:_identify(models/mujoco_menagerie/pal_tiago/assets/objects) by extension 'ignore'
[0.223s] Level 1:colcon.colcon_core.package_identification:_identify(models/mujoco_menagerie/pal_tiago/assets/objects) by extension 'ignore_ament_install'
[0.223s] Level 1:colcon.colcon_core.package_identification:_identify(models/mujoco_menagerie/pal_tiago/assets/objects) by extensions ['colcon_pkg']
[0.223s] Level 1:colcon.colcon_core.package_identification:_identify(models/mujoco_menagerie/pal_tiago/assets/objects) by extension 'colcon_pkg'
[0.223s] Level 1:colcon.colcon_core.package_identification:_identify(models/mujoco_menagerie/pal_tiago/assets/objects) by extensions ['colcon_meta']
[0.223s] Level 1:colcon.colcon_core.package_identification:_identify(models/mujoco_menagerie/pal_tiago/assets/objects) by extension 'colcon_meta'
[0.223s] Level 1:colcon.colcon_core.package_identification:_identify(models/mujoco_menagerie/pal_tiago/assets/objects) by extensions ['ros']
[0.223s] Level 1:colcon.colcon_core.package_identification:_identify(models/mujoco_menagerie/pal_tiago/assets/objects) by extension 'ros'
[0.223s] Level 1:colcon.colcon_core.package_identification:_identify(models/mujoco_menagerie/pal_tiago/assets/objects) by extensions ['cmake', 'python']
[0.224s] Level 1:colcon.colcon_core.package_identification:_identify(models/mujoco_menagerie/pal_tiago/assets/objects) by extension 'cmake'
[0.224s] Level 1:colcon.colcon_core.package_identification:_identify(models/mujoco_menagerie/pal_tiago/assets/objects) by extension 'python'
[0.224s] Level 1:colcon.colcon_core.package_identification:_identify(models/mujoco_menagerie/pal_tiago/assets/objects) by extensions ['python_setup_py']
[0.224s] Level 1:colcon.colcon_core.package_identification:_identify(models/mujoco_menagerie/pal_tiago/assets/objects) by extension 'python_setup_py'
[0.224s] Level 1:colcon.colcon_core.package_identification:_identify(models/mujoco_menagerie/pal_tiago/assets/sensors) by extensions ['ignore', 'ignore_ament_install']
[0.224s] Level 1:colcon.colcon_core.package_identification:_identify(models/mujoco_menagerie/pal_tiago/assets/sensors) by extension 'ignore'
[0.224s] Level 1:colcon.colcon_core.package_identification:_identify(models/mujoco_menagerie/pal_tiago/assets/sensors) by extension 'ignore_ament_install'
[0.224s] Level 1:colcon.colcon_core.package_identification:_identify(models/mujoco_menagerie/pal_tiago/assets/sensors) by extensions ['colcon_pkg']
[0.224s] Level 1:colcon.colcon_core.package_identification:_identify(models/mujoco_menagerie/pal_tiago/assets/sensors) by extension 'colcon_pkg'
[0.224s] Level 1:colcon.colcon_core.package_identification:_identify(models/mujoco_menagerie/pal_tiago/assets/sensors) by extensions ['colcon_meta']
[0.224s] Level 1:colcon.colcon_core.package_identification:_identify(models/mujoco_menagerie/pal_tiago/assets/sensors) by extension 'colcon_meta'
[0.224s] Level 1:colcon.colcon_core.package_identification:_identify(models/mujoco_menagerie/pal_tiago/assets/sensors) by extensions ['ros']
[0.224s] Level 1:colcon.colcon_core.package_identification:_identify(models/mujoco_menagerie/pal_tiago/assets/sensors) by extension 'ros'
[0.224s] Level 1:colcon.colcon_core.package_identification:_identify(models/mujoco_menagerie/pal_tiago/assets/sensors) by extensions ['cmake', 'python']
[0.224s] Level 1:colcon.colcon_core.package_identification:_identify(models/mujoco_menagerie/pal_tiago/assets/sensors) by extension 'cmake'
[0.224s] Level 1:colcon.colcon_core.package_identification:_identify(models/mujoco_menagerie/pal_tiago/assets/sensors) by extension 'python'
[0.224s] Level 1:colcon.colcon_core.package_identification:_identify(models/mujoco_menagerie/pal_tiago/assets/sensors) by extensions ['python_setup_py']
[0.224s] Level 1:colcon.colcon_core.package_identification:_identify(models/mujoco_menagerie/pal_tiago/assets/sensors) by extension 'python_setup_py'
[0.224s] Level 1:colcon.colcon_core.package_identification:_identify(models/mujoco_menagerie/pal_tiago/assets/torso) by extensions ['ignore', 'ignore_ament_install']
[0.224s] Level 1:colcon.colcon_core.package_identification:_identify(models/mujoco_menagerie/pal_tiago/assets/torso) by extension 'ignore'
[0.224s] Level 1:colcon.colcon_core.package_identification:_identify(models/mujoco_menagerie/pal_tiago/assets/torso) by extension 'ignore_ament_install'
[0.224s] Level 1:colcon.colcon_core.package_identification:_identify(models/mujoco_menagerie/pal_tiago/assets/torso) by extensions ['colcon_pkg']
[0.224s] Level 1:colcon.colcon_core.package_identification:_identify(models/mujoco_menagerie/pal_tiago/assets/torso) by extension 'colcon_pkg'
[0.224s] Level 1:colcon.colcon_core.package_identification:_identify(models/mujoco_menagerie/pal_tiago/assets/torso) by extensions ['colcon_meta']
[0.224s] Level 1:colcon.colcon_core.package_identification:_identify(models/mujoco_menagerie/pal_tiago/assets/torso) by extension 'colcon_meta'
[0.224s] Level 1:colcon.colcon_core.package_identification:_identify(models/mujoco_menagerie/pal_tiago/assets/torso) by extensions ['ros']
[0.224s] Level 1:colcon.colcon_core.package_identification:_identify(models/mujoco_menagerie/pal_tiago/assets/torso) by extension 'ros'
[0.224s] Level 1:colcon.colcon_core.package_identification:_identify(models/mujoco_menagerie/pal_tiago/assets/torso) by extensions ['cmake', 'python']
[0.224s] Level 1:colcon.colcon_core.package_identification:_identify(models/mujoco_menagerie/pal_tiago/assets/torso) by extension 'cmake'
[0.225s] Level 1:colcon.colcon_core.package_identification:_identify(models/mujoco_menagerie/pal_tiago/assets/torso) by extension 'python'
[0.225s] Level 1:colcon.colcon_core.package_identification:_identify(models/mujoco_menagerie/pal_tiago/assets/torso) by extensions ['python_setup_py']
[0.225s] Level 1:colcon.colcon_core.package_identification:_identify(models/mujoco_menagerie/pal_tiago/assets/torso) by extension 'python_setup_py'
[0.225s] Level 1:colcon.colcon_core.package_identification:_identify(models/mujoco_menagerie/pal_tiago/assets/wheels) by extensions ['ignore', 'ignore_ament_install']
[0.225s] Level 1:colcon.colcon_core.package_identification:_identify(models/mujoco_menagerie/pal_tiago/assets/wheels) by extension 'ignore'
[0.225s] Level 1:colcon.colcon_core.package_identification:_identify(models/mujoco_menagerie/pal_tiago/assets/wheels) by extension 'ignore_ament_install'
[0.225s] Level 1:colcon.colcon_core.package_identification:_identify(models/mujoco_menagerie/pal_tiago/assets/wheels) by extensions ['colcon_pkg']
[0.225s] Level 1:colcon.colcon_core.package_identification:_identify(models/mujoco_menagerie/pal_tiago/assets/wheels) by extension 'colcon_pkg'
[0.225s] Level 1:colcon.colcon_core.package_identification:_identify(models/mujoco_menagerie/pal_tiago/assets/wheels) by extensions ['colcon_meta']
[0.225s] Level 1:colcon.colcon_core.package_identification:_identify(models/mujoco_menagerie/pal_tiago/assets/wheels) by extension 'colcon_meta'
[0.225s] Level 1:colcon.colcon_core.package_identification:_identify(models/mujoco_menagerie/pal_tiago/assets/wheels) by extensions ['ros']
[0.225s] Level 1:colcon.colcon_core.package_identification:_identify(models/mujoco_menagerie/pal_tiago/assets/wheels) by extension 'ros'
[0.225s] Level 1:colcon.colcon_core.package_identification:_identify(models/mujoco_menagerie/pal_tiago/assets/wheels) by extensions ['cmake', 'python']
[0.225s] Level 1:colcon.colcon_core.package_identification:_identify(models/mujoco_menagerie/pal_tiago/assets/wheels) by extension 'cmake'
[0.225s] Level 1:colcon.colcon_core.package_identification:_identify(models/mujoco_menagerie/pal_tiago/assets/wheels) by extension 'python'
[0.225s] Level 1:colcon.colcon_core.package_identification:_identify(models/mujoco_menagerie/pal_tiago/assets/wheels) by extensions ['python_setup_py']
[0.225s] Level 1:colcon.colcon_core.package_identification:_identify(models/mujoco_menagerie/pal_tiago/assets/wheels) by extension 'python_setup_py'
[0.225s] Level 1:colcon.colcon_core.package_identification:_identify(models/mujoco_menagerie/pal_tiago_dual) by extensions ['ignore', 'ignore_ament_install']
[0.225s] Level 1:colcon.colcon_core.package_identification:_identify(models/mujoco_menagerie/pal_tiago_dual) by extension 'ignore'
[0.225s] Level 1:colcon.colcon_core.package_identification:_identify(models/mujoco_menagerie/pal_tiago_dual) by extension 'ignore_ament_install'
[0.225s] Level 1:colcon.colcon_core.package_identification:_identify(models/mujoco_menagerie/pal_tiago_dual) by extensions ['colcon_pkg']
[0.225s] Level 1:colcon.colcon_core.package_identification:_identify(models/mujoco_menagerie/pal_tiago_dual) by extension 'colcon_pkg'
[0.225s] Level 1:colcon.colcon_core.package_identification:_identify(models/mujoco_menagerie/pal_tiago_dual) by extensions ['colcon_meta']
[0.225s] Level 1:colcon.colcon_core.package_identification:_identify(models/mujoco_menagerie/pal_tiago_dual) by extension 'colcon_meta'
[0.225s] Level 1:colcon.colcon_core.package_identification:_identify(models/mujoco_menagerie/pal_tiago_dual) by extensions ['ros']
[0.225s] Level 1:colcon.colcon_core.package_identification:_identify(models/mujoco_menagerie/pal_tiago_dual) by extension 'ros'
[0.226s] Level 1:colcon.colcon_core.package_identification:_identify(models/mujoco_menagerie/pal_tiago_dual) by extensions ['cmake', 'python']
[0.226s] Level 1:colcon.colcon_core.package_identification:_identify(models/mujoco_menagerie/pal_tiago_dual) by extension 'cmake'
[0.226s] Level 1:colcon.colcon_core.package_identification:_identify(models/mujoco_menagerie/pal_tiago_dual) by extension 'python'
[0.226s] Level 1:colcon.colcon_core.package_identification:_identify(models/mujoco_menagerie/pal_tiago_dual) by extensions ['python_setup_py']
[0.226s] Level 1:colcon.colcon_core.package_identification:_identify(models/mujoco_menagerie/pal_tiago_dual) by extension 'python_setup_py'
[0.226s] Level 1:colcon.colcon_core.package_identification:_identify(models/mujoco_menagerie/pal_tiago_dual/assets) by extensions ['ignore', 'ignore_ament_install']
[0.226s] Level 1:colcon.colcon_core.package_identification:_identify(models/mujoco_menagerie/pal_tiago_dual/assets) by extension 'ignore'
[0.226s] Level 1:colcon.colcon_core.package_identification:_identify(models/mujoco_menagerie/pal_tiago_dual/assets) by extension 'ignore_ament_install'
[0.226s] Level 1:colcon.colcon_core.package_identification:_identify(models/mujoco_menagerie/pal_tiago_dual/assets) by extensions ['colcon_pkg']
[0.226s] Level 1:colcon.colcon_core.package_identification:_identify(models/mujoco_menagerie/pal_tiago_dual/assets) by extension 'colcon_pkg'
[0.226s] Level 1:colcon.colcon_core.package_identification:_identify(models/mujoco_menagerie/pal_tiago_dual/assets) by extensions ['colcon_meta']
[0.226s] Level 1:colcon.colcon_core.package_identification:_identify(models/mujoco_menagerie/pal_tiago_dual/assets) by extension 'colcon_meta'
[0.226s] Level 1:colcon.colcon_core.package_identification:_identify(models/mujoco_menagerie/pal_tiago_dual/assets) by extensions ['ros']
[0.226s] Level 1:colcon.colcon_core.package_identification:_identify(models/mujoco_menagerie/pal_tiago_dual/assets) by extension 'ros'
[0.226s] Level 1:colcon.colcon_core.package_identification:_identify(models/mujoco_menagerie/pal_tiago_dual/assets) by extensions ['cmake', 'python']
[0.226s] Level 1:colcon.colcon_core.package_identification:_identify(models/mujoco_menagerie/pal_tiago_dual/assets) by extension 'cmake'
[0.226s] Level 1:colcon.colcon_core.package_identification:_identify(models/mujoco_menagerie/pal_tiago_dual/assets) by extension 'python'
[0.226s] Level 1:colcon.colcon_core.package_identification:_identify(models/mujoco_menagerie/pal_tiago_dual/assets) by extensions ['python_setup_py']
[0.226s] Level 1:colcon.colcon_core.package_identification:_identify(models/mujoco_menagerie/pal_tiago_dual/assets) by extension 'python_setup_py'
[0.226s] Level 1:colcon.colcon_core.package_identification:_identify(models/mujoco_menagerie/pal_tiago_dual/assets/arm) by extensions ['ignore', 'ignore_ament_install']
[0.226s] Level 1:colcon.colcon_core.package_identification:_identify(models/mujoco_menagerie/pal_tiago_dual/assets/arm) by extension 'ignore'
[0.226s] Level 1:colcon.colcon_core.package_identification:_identify(models/mujoco_menagerie/pal_tiago_dual/assets/arm) by extension 'ignore_ament_install'
[0.226s] Level 1:colcon.colcon_core.package_identification:_identify(models/mujoco_menagerie/pal_tiago_dual/assets/arm) by extensions ['colcon_pkg']
[0.226s] Level 1:colcon.colcon_core.package_identification:_identify(models/mujoco_menagerie/pal_tiago_dual/assets/arm) by extension 'colcon_pkg'
[0.226s] Level 1:colcon.colcon_core.package_identification:_identify(models/mujoco_menagerie/pal_tiago_dual/assets/arm) by extensions ['colcon_meta']
[0.226s] Level 1:colcon.colcon_core.package_identification:_identify(models/mujoco_menagerie/pal_tiago_dual/assets/arm) by extension 'colcon_meta'
[0.226s] Level 1:colcon.colcon_core.package_identification:_identify(models/mujoco_menagerie/pal_tiago_dual/assets/arm) by extensions ['ros']
[0.226s] Level 1:colcon.colcon_core.package_identification:_identify(models/mujoco_menagerie/pal_tiago_dual/assets/arm) by extension 'ros'
[0.227s] Level 1:colcon.colcon_core.package_identification:_identify(models/mujoco_menagerie/pal_tiago_dual/assets/arm) by extensions ['cmake', 'python']
[0.227s] Level 1:colcon.colcon_core.package_identification:_identify(models/mujoco_menagerie/pal_tiago_dual/assets/arm) by extension 'cmake'
[0.227s] Level 1:colcon.colcon_core.package_identification:_identify(models/mujoco_menagerie/pal_tiago_dual/assets/arm) by extension 'python'
[0.227s] Level 1:colcon.colcon_core.package_identification:_identify(models/mujoco_menagerie/pal_tiago_dual/assets/arm) by extensions ['python_setup_py']
[0.227s] Level 1:colcon.colcon_core.package_identification:_identify(models/mujoco_menagerie/pal_tiago_dual/assets/arm) by extension 'python_setup_py'
[0.227s] Level 1:colcon.colcon_core.package_identification:_identify(models/mujoco_menagerie/pal_tiago_dual/assets/base) by extensions ['ignore', 'ignore_ament_install']
[0.227s] Level 1:colcon.colcon_core.package_identification:_identify(models/mujoco_menagerie/pal_tiago_dual/assets/base) by extension 'ignore'
[0.227s] Level 1:colcon.colcon_core.package_identification:_identify(models/mujoco_menagerie/pal_tiago_dual/assets/base) by extension 'ignore_ament_install'
[0.227s] Level 1:colcon.colcon_core.package_identification:_identify(models/mujoco_menagerie/pal_tiago_dual/assets/base) by extensions ['colcon_pkg']
[0.227s] Level 1:colcon.colcon_core.package_identification:_identify(models/mujoco_menagerie/pal_tiago_dual/assets/base) by extension 'colcon_pkg'
[0.227s] Level 1:colcon.colcon_core.package_identification:_identify(models/mujoco_menagerie/pal_tiago_dual/assets/base) by extensions ['colcon_meta']
[0.227s] Level 1:colcon.colcon_core.package_identification:_identify(models/mujoco_menagerie/pal_tiago_dual/assets/base) by extension 'colcon_meta'
[0.227s] Level 1:colcon.colcon_core.package_identification:_identify(models/mujoco_menagerie/pal_tiago_dual/assets/base) by extensions ['ros']
[0.227s] Level 1:colcon.colcon_core.package_identification:_identify(models/mujoco_menagerie/pal_tiago_dual/assets/base) by extension 'ros'
[0.227s] Level 1:colcon.colcon_core.package_identification:_identify(models/mujoco_menagerie/pal_tiago_dual/assets/base) by extensions ['cmake', 'python']
[0.227s] Level 1:colcon.colcon_core.package_identification:_identify(models/mujoco_menagerie/pal_tiago_dual/assets/base) by extension 'cmake'
[0.227s] Level 1:colcon.colcon_core.package_identification:_identify(models/mujoco_menagerie/pal_tiago_dual/assets/base) by extension 'python'
[0.227s] Level 1:colcon.colcon_core.package_identification:_identify(models/mujoco_menagerie/pal_tiago_dual/assets/base) by extensions ['python_setup_py']
[0.227s] Level 1:colcon.colcon_core.package_identification:_identify(models/mujoco_menagerie/pal_tiago_dual/assets/base) by extension 'python_setup_py'
[0.227s] Level 1:colcon.colcon_core.package_identification:_identify(models/mujoco_menagerie/pal_tiago_dual/assets/dock) by extensions ['ignore', 'ignore_ament_install']
[0.227s] Level 1:colcon.colcon_core.package_identification:_identify(models/mujoco_menagerie/pal_tiago_dual/assets/dock) by extension 'ignore'
[0.227s] Level 1:colcon.colcon_core.package_identification:_identify(models/mujoco_menagerie/pal_tiago_dual/assets/dock) by extension 'ignore_ament_install'
[0.227s] Level 1:colcon.colcon_core.package_identification:_identify(models/mujoco_menagerie/pal_tiago_dual/assets/dock) by extensions ['colcon_pkg']
[0.227s] Level 1:colcon.colcon_core.package_identification:_identify(models/mujoco_menagerie/pal_tiago_dual/assets/dock) by extension 'colcon_pkg'
[0.227s] Level 1:colcon.colcon_core.package_identification:_identify(models/mujoco_menagerie/pal_tiago_dual/assets/dock) by extensions ['colcon_meta']
[0.227s] Level 1:colcon.colcon_core.package_identification:_identify(models/mujoco_menagerie/pal_tiago_dual/assets/dock) by extension 'colcon_meta'
[0.227s] Level 1:colcon.colcon_core.package_identification:_identify(models/mujoco_menagerie/pal_tiago_dual/assets/dock) by extensions ['ros']
[0.227s] Level 1:colcon.colcon_core.package_identification:_identify(models/mujoco_menagerie/pal_tiago_dual/assets/dock) by extension 'ros'
[0.228s] Level 1:colcon.colcon_core.package_identification:_identify(models/mujoco_menagerie/pal_tiago_dual/assets/dock) by extensions ['cmake', 'python']
[0.228s] Level 1:colcon.colcon_core.package_identification:_identify(models/mujoco_menagerie/pal_tiago_dual/assets/dock) by extension 'cmake'
[0.228s] Level 1:colcon.colcon_core.package_identification:_identify(models/mujoco_menagerie/pal_tiago_dual/assets/dock) by extension 'python'
[0.228s] Level 1:colcon.colcon_core.package_identification:_identify(models/mujoco_menagerie/pal_tiago_dual/assets/dock) by extensions ['python_setup_py']
[0.228s] Level 1:colcon.colcon_core.package_identification:_identify(models/mujoco_menagerie/pal_tiago_dual/assets/dock) by extension 'python_setup_py'
[0.228s] Level 1:colcon.colcon_core.package_identification:_identify(models/mujoco_menagerie/pal_tiago_dual/assets/gripper) by extensions ['ignore', 'ignore_ament_install']
[0.228s] Level 1:colcon.colcon_core.package_identification:_identify(models/mujoco_menagerie/pal_tiago_dual/assets/gripper) by extension 'ignore'
[0.228s] Level 1:colcon.colcon_core.package_identification:_identify(models/mujoco_menagerie/pal_tiago_dual/assets/gripper) by extension 'ignore_ament_install'
[0.228s] Level 1:colcon.colcon_core.package_identification:_identify(models/mujoco_menagerie/pal_tiago_dual/assets/gripper) by extensions ['colcon_pkg']
[0.228s] Level 1:colcon.colcon_core.package_identification:_identify(models/mujoco_menagerie/pal_tiago_dual/assets/gripper) by extension 'colcon_pkg'
[0.228s] Level 1:colcon.colcon_core.package_identification:_identify(models/mujoco_menagerie/pal_tiago_dual/assets/gripper) by extensions ['colcon_meta']
[0.228s] Level 1:colcon.colcon_core.package_identification:_identify(models/mujoco_menagerie/pal_tiago_dual/assets/gripper) by extension 'colcon_meta'
[0.228s] Level 1:colcon.colcon_core.package_identification:_identify(models/mujoco_menagerie/pal_tiago_dual/assets/gripper) by extensions ['ros']
[0.228s] Level 1:colcon.colcon_core.package_identification:_identify(models/mujoco_menagerie/pal_tiago_dual/assets/gripper) by extension 'ros'
[0.228s] Level 1:colcon.colcon_core.package_identification:_identify(models/mujoco_menagerie/pal_tiago_dual/assets/gripper) by extensions ['cmake', 'python']
[0.228s] Level 1:colcon.colcon_core.package_identification:_identify(models/mujoco_menagerie/pal_tiago_dual/assets/gripper) by extension 'cmake'
[0.228s] Level 1:colcon.colcon_core.package_identification:_identify(models/mujoco_menagerie/pal_tiago_dual/assets/gripper) by extension 'python'
[0.228s] Level 1:colcon.colcon_core.package_identification:_identify(models/mujoco_menagerie/pal_tiago_dual/assets/gripper) by extensions ['python_setup_py']
[0.228s] Level 1:colcon.colcon_core.package_identification:_identify(models/mujoco_menagerie/pal_tiago_dual/assets/gripper) by extension 'python_setup_py'
[0.228s] Level 1:colcon.colcon_core.package_identification:_identify(models/mujoco_menagerie/pal_tiago_dual/assets/head) by extensions ['ignore', 'ignore_ament_install']
[0.228s] Level 1:colcon.colcon_core.package_identification:_identify(models/mujoco_menagerie/pal_tiago_dual/assets/head) by extension 'ignore'
[0.228s] Level 1:colcon.colcon_core.package_identification:_identify(models/mujoco_menagerie/pal_tiago_dual/assets/head) by extension 'ignore_ament_install'
[0.228s] Level 1:colcon.colcon_core.package_identification:_identify(models/mujoco_menagerie/pal_tiago_dual/assets/head) by extensions ['colcon_pkg']
[0.228s] Level 1:colcon.colcon_core.package_identification:_identify(models/mujoco_menagerie/pal_tiago_dual/assets/head) by extension 'colcon_pkg'
[0.228s] Level 1:colcon.colcon_core.package_identification:_identify(models/mujoco_menagerie/pal_tiago_dual/assets/head) by extensions ['colcon_meta']
[0.228s] Level 1:colcon.colcon_core.package_identification:_identify(models/mujoco_menagerie/pal_tiago_dual/assets/head) by extension 'colcon_meta'
[0.228s] Level 1:colcon.colcon_core.package_identification:_identify(models/mujoco_menagerie/pal_tiago_dual/assets/head) by extensions ['ros']
[0.228s] Level 1:colcon.colcon_core.package_identification:_identify(models/mujoco_menagerie/pal_tiago_dual/assets/head) by extension 'ros'
[0.229s] Level 1:colcon.colcon_core.package_identification:_identify(models/mujoco_menagerie/pal_tiago_dual/assets/head) by extensions ['cmake', 'python']
[0.229s] Level 1:colcon.colcon_core.package_identification:_identify(models/mujoco_menagerie/pal_tiago_dual/assets/head) by extension 'cmake'
[0.229s] Level 1:colcon.colcon_core.package_identification:_identify(models/mujoco_menagerie/pal_tiago_dual/assets/head) by extension 'python'
[0.229s] Level 1:colcon.colcon_core.package_identification:_identify(models/mujoco_menagerie/pal_tiago_dual/assets/head) by extensions ['python_setup_py']
[0.229s] Level 1:colcon.colcon_core.package_identification:_identify(models/mujoco_menagerie/pal_tiago_dual/assets/head) by extension 'python_setup_py'
[0.229s] Level 1:colcon.colcon_core.package_identification:_identify(models/mujoco_menagerie/pal_tiago_dual/assets/objects) by extensions ['ignore', 'ignore_ament_install']
[0.229s] Level 1:colcon.colcon_core.package_identification:_identify(models/mujoco_menagerie/pal_tiago_dual/assets/objects) by extension 'ignore'
[0.229s] Level 1:colcon.colcon_core.package_identification:_identify(models/mujoco_menagerie/pal_tiago_dual/assets/objects) by extension 'ignore_ament_install'
[0.229s] Level 1:colcon.colcon_core.package_identification:_identify(models/mujoco_menagerie/pal_tiago_dual/assets/objects) by extensions ['colcon_pkg']
[0.229s] Level 1:colcon.colcon_core.package_identification:_identify(models/mujoco_menagerie/pal_tiago_dual/assets/objects) by extension 'colcon_pkg'
[0.229s] Level 1:colcon.colcon_core.package_identification:_identify(models/mujoco_menagerie/pal_tiago_dual/assets/objects) by extensions ['colcon_meta']
[0.229s] Level 1:colcon.colcon_core.package_identification:_identify(models/mujoco_menagerie/pal_tiago_dual/assets/objects) by extension 'colcon_meta'
[0.229s] Level 1:colcon.colcon_core.package_identification:_identify(models/mujoco_menagerie/pal_tiago_dual/assets/objects) by extensions ['ros']
[0.229s] Level 1:colcon.colcon_core.package_identification:_identify(models/mujoco_menagerie/pal_tiago_dual/assets/objects) by extension 'ros'
[0.229s] Level 1:colcon.colcon_core.package_identification:_identify(models/mujoco_menagerie/pal_tiago_dual/assets/objects) by extensions ['cmake', 'python']
[0.229s] Level 1:colcon.colcon_core.package_identification:_identify(models/mujoco_menagerie/pal_tiago_dual/assets/objects) by extension 'cmake'
[0.229s] Level 1:colcon.colcon_core.package_identification:_identify(models/mujoco_menagerie/pal_tiago_dual/assets/objects) by extension 'python'
[0.229s] Level 1:colcon.colcon_core.package_identification:_identify(models/mujoco_menagerie/pal_tiago_dual/assets/objects) by extensions ['python_setup_py']
[0.229s] Level 1:colcon.colcon_core.package_identification:_identify(models/mujoco_menagerie/pal_tiago_dual/assets/objects) by extension 'python_setup_py'
[0.229s] Level 1:colcon.colcon_core.package_identification:_identify(models/mujoco_menagerie/pal_tiago_dual/assets/sensors) by extensions ['ignore', 'ignore_ament_install']
[0.229s] Level 1:colcon.colcon_core.package_identification:_identify(models/mujoco_menagerie/pal_tiago_dual/assets/sensors) by extension 'ignore'
[0.229s] Level 1:colcon.colcon_core.package_identification:_identify(models/mujoco_menagerie/pal_tiago_dual/assets/sensors) by extension 'ignore_ament_install'
[0.229s] Level 1:colcon.colcon_core.package_identification:_identify(models/mujoco_menagerie/pal_tiago_dual/assets/sensors) by extensions ['colcon_pkg']
[0.229s] Level 1:colcon.colcon_core.package_identification:_identify(models/mujoco_menagerie/pal_tiago_dual/assets/sensors) by extension 'colcon_pkg'
[0.229s] Level 1:colcon.colcon_core.package_identification:_identify(models/mujoco_menagerie/pal_tiago_dual/assets/sensors) by extensions ['colcon_meta']
[0.229s] Level 1:colcon.colcon_core.package_identification:_identify(models/mujoco_menagerie/pal_tiago_dual/assets/sensors) by extension 'colcon_meta'
[0.229s] Level 1:colcon.colcon_core.package_identification:_identify(models/mujoco_menagerie/pal_tiago_dual/assets/sensors) by extensions ['ros']
[0.229s] Level 1:colcon.colcon_core.package_identification:_identify(models/mujoco_menagerie/pal_tiago_dual/assets/sensors) by extension 'ros'
[0.230s] Level 1:colcon.colcon_core.package_identification:_identify(models/mujoco_menagerie/pal_tiago_dual/assets/sensors) by extensions ['cmake', 'python']
[0.230s] Level 1:colcon.colcon_core.package_identification:_identify(models/mujoco_menagerie/pal_tiago_dual/assets/sensors) by extension 'cmake'
[0.230s] Level 1:colcon.colcon_core.package_identification:_identify(models/mujoco_menagerie/pal_tiago_dual/assets/sensors) by extension 'python'
[0.230s] Level 1:colcon.colcon_core.package_identification:_identify(models/mujoco_menagerie/pal_tiago_dual/assets/sensors) by extensions ['python_setup_py']
[0.230s] Level 1:colcon.colcon_core.package_identification:_identify(models/mujoco_menagerie/pal_tiago_dual/assets/sensors) by extension 'python_setup_py'
[0.230s] Level 1:colcon.colcon_core.package_identification:_identify(models/mujoco_menagerie/pal_tiago_dual/assets/torso) by extensions ['ignore', 'ignore_ament_install']
[0.230s] Level 1:colcon.colcon_core.package_identification:_identify(models/mujoco_menagerie/pal_tiago_dual/assets/torso) by extension 'ignore'
[0.230s] Level 1:colcon.colcon_core.package_identification:_identify(models/mujoco_menagerie/pal_tiago_dual/assets/torso) by extension 'ignore_ament_install'
[0.230s] Level 1:colcon.colcon_core.package_identification:_identify(models/mujoco_menagerie/pal_tiago_dual/assets/torso) by extensions ['colcon_pkg']
[0.230s] Level 1:colcon.colcon_core.package_identification:_identify(models/mujoco_menagerie/pal_tiago_dual/assets/torso) by extension 'colcon_pkg'
[0.230s] Level 1:colcon.colcon_core.package_identification:_identify(models/mujoco_menagerie/pal_tiago_dual/assets/torso) by extensions ['colcon_meta']
[0.230s] Level 1:colcon.colcon_core.package_identification:_identify(models/mujoco_menagerie/pal_tiago_dual/assets/torso) by extension 'colcon_meta'
[0.230s] Level 1:colcon.colcon_core.package_identification:_identify(models/mujoco_menagerie/pal_tiago_dual/assets/torso) by extensions ['ros']
[0.230s] Level 1:colcon.colcon_core.package_identification:_identify(models/mujoco_menagerie/pal_tiago_dual/assets/torso) by extension 'ros'
[0.230s] Level 1:colcon.colcon_core.package_identification:_identify(models/mujoco_menagerie/pal_tiago_dual/assets/torso) by extensions ['cmake', 'python']
[0.230s] Level 1:colcon.colcon_core.package_identification:_identify(models/mujoco_menagerie/pal_tiago_dual/assets/torso) by extension 'cmake'
[0.230s] Level 1:colcon.colcon_core.package_identification:_identify(models/mujoco_menagerie/pal_tiago_dual/assets/torso) by extension 'python'
[0.230s] Level 1:colcon.colcon_core.package_identification:_identify(models/mujoco_menagerie/pal_tiago_dual/assets/torso) by extensions ['python_setup_py']
[0.230s] Level 1:colcon.colcon_core.package_identification:_identify(models/mujoco_menagerie/pal_tiago_dual/assets/torso) by extension 'python_setup_py'
[0.230s] Level 1:colcon.colcon_core.package_identification:_identify(models/mujoco_menagerie/pal_tiago_dual/assets/wheels) by extensions ['ignore', 'ignore_ament_install']
[0.230s] Level 1:colcon.colcon_core.package_identification:_identify(models/mujoco_menagerie/pal_tiago_dual/assets/wheels) by extension 'ignore'
[0.230s] Level 1:colcon.colcon_core.package_identification:_identify(models/mujoco_menagerie/pal_tiago_dual/assets/wheels) by extension 'ignore_ament_install'
[0.230s] Level 1:colcon.colcon_core.package_identification:_identify(models/mujoco_menagerie/pal_tiago_dual/assets/wheels) by extensions ['colcon_pkg']
[0.230s] Level 1:colcon.colcon_core.package_identification:_identify(models/mujoco_menagerie/pal_tiago_dual/assets/wheels) by extension 'colcon_pkg'
[0.230s] Level 1:colcon.colcon_core.package_identification:_identify(models/mujoco_menagerie/pal_tiago_dual/assets/wheels) by extensions ['colcon_meta']
[0.230s] Level 1:colcon.colcon_core.package_identification:_identify(models/mujoco_menagerie/pal_tiago_dual/assets/wheels) by extension 'colcon_meta'
[0.230s] Level 1:colcon.colcon_core.package_identification:_identify(models/mujoco_menagerie/pal_tiago_dual/assets/wheels) by extensions ['ros']
[0.230s] Level 1:colcon.colcon_core.package_identification:_identify(models/mujoco_menagerie/pal_tiago_dual/assets/wheels) by extension 'ros'
[0.230s] Level 1:colcon.colcon_core.package_identification:_identify(models/mujoco_menagerie/pal_tiago_dual/assets/wheels) by extensions ['cmake', 'python']
[0.231s] Level 1:colcon.colcon_core.package_identification:_identify(models/mujoco_menagerie/pal_tiago_dual/assets/wheels) by extension 'cmake'
[0.231s] Level 1:colcon.colcon_core.package_identification:_identify(models/mujoco_menagerie/pal_tiago_dual/assets/wheels) by extension 'python'
[0.231s] Level 1:colcon.colcon_core.package_identification:_identify(models/mujoco_menagerie/pal_tiago_dual/assets/wheels) by extensions ['python_setup_py']
[0.231s] Level 1:colcon.colcon_core.package_identification:_identify(models/mujoco_menagerie/pal_tiago_dual/assets/wheels) by extension 'python_setup_py'
[0.231s] Level 1:colcon.colcon_core.package_identification:_identify(models/mujoco_menagerie/pndbotics_adam_lite) by extensions ['ignore', 'ignore_ament_install']
[0.231s] Level 1:colcon.colcon_core.package_identification:_identify(models/mujoco_menagerie/pndbotics_adam_lite) by extension 'ignore'
[0.231s] Level 1:colcon.colcon_core.package_identification:_identify(models/mujoco_menagerie/pndbotics_adam_lite) by extension 'ignore_ament_install'
[0.231s] Level 1:colcon.colcon_core.package_identification:_identify(models/mujoco_menagerie/pndbotics_adam_lite) by extensions ['colcon_pkg']
[0.231s] Level 1:colcon.colcon_core.package_identification:_identify(models/mujoco_menagerie/pndbotics_adam_lite) by extension 'colcon_pkg'
[0.231s] Level 1:colcon.colcon_core.package_identification:_identify(models/mujoco_menagerie/pndbotics_adam_lite) by extensions ['colcon_meta']
[0.231s] Level 1:colcon.colcon_core.package_identification:_identify(models/mujoco_menagerie/pndbotics_adam_lite) by extension 'colcon_meta'
[0.231s] Level 1:colcon.colcon_core.package_identification:_identify(models/mujoco_menagerie/pndbotics_adam_lite) by extensions ['ros']
[0.231s] Level 1:colcon.colcon_core.package_identification:_identify(models/mujoco_menagerie/pndbotics_adam_lite) by extension 'ros'
[0.231s] Level 1:colcon.colcon_core.package_identification:_identify(models/mujoco_menagerie/pndbotics_adam_lite) by extensions ['cmake', 'python']
[0.231s] Level 1:colcon.colcon_core.package_identification:_identify(models/mujoco_menagerie/pndbotics_adam_lite) by extension 'cmake'
[0.231s] Level 1:colcon.colcon_core.package_identification:_identify(models/mujoco_menagerie/pndbotics_adam_lite) by extension 'python'
[0.231s] Level 1:colcon.colcon_core.package_identification:_identify(models/mujoco_menagerie/pndbotics_adam_lite) by extensions ['python_setup_py']
[0.231s] Level 1:colcon.colcon_core.package_identification:_identify(models/mujoco_menagerie/pndbotics_adam_lite) by extension 'python_setup_py'
[0.232s] Level 1:colcon.colcon_core.package_identification:_identify(models/mujoco_menagerie/pndbotics_adam_lite/assets) by extensions ['ignore', 'ignore_ament_install']
[0.232s] Level 1:colcon.colcon_core.package_identification:_identify(models/mujoco_menagerie/pndbotics_adam_lite/assets) by extension 'ignore'
[0.232s] Level 1:colcon.colcon_core.package_identification:_identify(models/mujoco_menagerie/pndbotics_adam_lite/assets) by extension 'ignore_ament_install'
[0.232s] Level 1:colcon.colcon_core.package_identification:_identify(models/mujoco_menagerie/pndbotics_adam_lite/assets) by extensions ['colcon_pkg']
[0.232s] Level 1:colcon.colcon_core.package_identification:_identify(models/mujoco_menagerie/pndbotics_adam_lite/assets) by extension 'colcon_pkg'
[0.232s] Level 1:colcon.colcon_core.package_identification:_identify(models/mujoco_menagerie/pndbotics_adam_lite/assets) by extensions ['colcon_meta']
[0.232s] Level 1:colcon.colcon_core.package_identification:_identify(models/mujoco_menagerie/pndbotics_adam_lite/assets) by extension 'colcon_meta'
[0.232s] Level 1:colcon.colcon_core.package_identification:_identify(models/mujoco_menagerie/pndbotics_adam_lite/assets) by extensions ['ros']
[0.232s] Level 1:colcon.colcon_core.package_identification:_identify(models/mujoco_menagerie/pndbotics_adam_lite/assets) by extension 'ros'
[0.232s] Level 1:colcon.colcon_core.package_identification:_identify(models/mujoco_menagerie/pndbotics_adam_lite/assets) by extensions ['cmake', 'python']
[0.232s] Level 1:colcon.colcon_core.package_identification:_identify(models/mujoco_menagerie/pndbotics_adam_lite/assets) by extension 'cmake'
[0.232s] Level 1:colcon.colcon_core.package_identification:_identify(models/mujoco_menagerie/pndbotics_adam_lite/assets) by extension 'python'
[0.232s] Level 1:colcon.colcon_core.package_identification:_identify(models/mujoco_menagerie/pndbotics_adam_lite/assets) by extensions ['python_setup_py']
[0.232s] Level 1:colcon.colcon_core.package_identification:_identify(models/mujoco_menagerie/pndbotics_adam_lite/assets) by extension 'python_setup_py'
[0.232s] Level 1:colcon.colcon_core.package_identification:_identify(models/mujoco_menagerie/python) by extensions ['ignore', 'ignore_ament_install']
[0.232s] Level 1:colcon.colcon_core.package_identification:_identify(models/mujoco_menagerie/python) by extension 'ignore'
[0.232s] Level 1:colcon.colcon_core.package_identification:_identify(models/mujoco_menagerie/python) by extension 'ignore_ament_install'
[0.232s] Level 1:colcon.colcon_core.package_identification:_identify(models/mujoco_menagerie/python) by extensions ['colcon_pkg']
[0.232s] Level 1:colcon.colcon_core.package_identification:_identify(models/mujoco_menagerie/python) by extension 'colcon_pkg'
[0.233s] Level 1:colcon.colcon_core.package_identification:_identify(models/mujoco_menagerie/python) by extensions ['colcon_meta']
[0.233s] Level 1:colcon.colcon_core.package_identification:_identify(models/mujoco_menagerie/python) by extension 'colcon_meta'
[0.233s] Level 1:colcon.colcon_core.package_identification:_identify(models/mujoco_menagerie/python) by extensions ['ros']
[0.233s] Level 1:colcon.colcon_core.package_identification:_identify(models/mujoco_menagerie/python) by extension 'ros'
[0.233s] Level 1:colcon.colcon_core.package_identification:_identify(models/mujoco_menagerie/python) by extensions ['cmake', 'python']
[0.233s] Level 1:colcon.colcon_core.package_identification:_identify(models/mujoco_menagerie/python) by extension 'cmake'
[0.233s] Level 1:colcon.colcon_core.package_identification:_identify(models/mujoco_menagerie/python) by extension 'python'
[0.233s] Level 1:colcon.colcon_core.package_identification:_identify(models/mujoco_menagerie/python) by extensions ['python_setup_py']
[0.233s] Level 1:colcon.colcon_core.package_identification:_identify(models/mujoco_menagerie/python) by extension 'python_setup_py'
[0.233s] Level 1:colcon.colcon_core.package_identification:_identify(models/mujoco_menagerie/python/src) by extensions ['ignore', 'ignore_ament_install']
[0.233s] Level 1:colcon.colcon_core.package_identification:_identify(models/mujoco_menagerie/python/src) by extension 'ignore'
[0.233s] Level 1:colcon.colcon_core.package_identification:_identify(models/mujoco_menagerie/python/src) by extension 'ignore_ament_install'
[0.233s] Level 1:colcon.colcon_core.package_identification:_identify(models/mujoco_menagerie/python/src) by extensions ['colcon_pkg']
[0.233s] Level 1:colcon.colcon_core.package_identification:_identify(models/mujoco_menagerie/python/src) by extension 'colcon_pkg'
[0.233s] Level 1:colcon.colcon_core.package_identification:_identify(models/mujoco_menagerie/python/src) by extensions ['colcon_meta']
[0.233s] Level 1:colcon.colcon_core.package_identification:_identify(models/mujoco_menagerie/python/src) by extension 'colcon_meta'
[0.233s] Level 1:colcon.colcon_core.package_identification:_identify(models/mujoco_menagerie/python/src) by extensions ['ros']
[0.233s] Level 1:colcon.colcon_core.package_identification:_identify(models/mujoco_menagerie/python/src) by extension 'ros'
[0.233s] Level 1:colcon.colcon_core.package_identification:_identify(models/mujoco_menagerie/python/src) by extensions ['cmake', 'python']
[0.233s] Level 1:colcon.colcon_core.package_identification:_identify(models/mujoco_menagerie/python/src) by extension 'cmake'
[0.233s] Level 1:colcon.colcon_core.package_identification:_identify(models/mujoco_menagerie/python/src) by extension 'python'
[0.233s] Level 1:colcon.colcon_core.package_identification:_identify(models/mujoco_menagerie/python/src) by extensions ['python_setup_py']
[0.233s] Level 1:colcon.colcon_core.package_identification:_identify(models/mujoco_menagerie/python/src) by extension 'python_setup_py'
[0.233s] Level 1:colcon.colcon_core.package_identification:_identify(models/mujoco_menagerie/python/src/mujoco_menagerie) by extensions ['ignore', 'ignore_ament_install']
[0.233s] Level 1:colcon.colcon_core.package_identification:_identify(models/mujoco_menagerie/python/src/mujoco_menagerie) by extension 'ignore'
[0.233s] Level 1:colcon.colcon_core.package_identification:_identify(models/mujoco_menagerie/python/src/mujoco_menagerie) by extension 'ignore_ament_install'
[0.233s] Level 1:colcon.colcon_core.package_identification:_identify(models/mujoco_menagerie/python/src/mujoco_menagerie) by extensions ['colcon_pkg']
[0.234s] Level 1:colcon.colcon_core.package_identification:_identify(models/mujoco_menagerie/python/src/mujoco_menagerie) by extension 'colcon_pkg'
[0.234s] Level 1:colcon.colcon_core.package_identification:_identify(models/mujoco_menagerie/python/src/mujoco_menagerie) by extensions ['colcon_meta']
[0.234s] Level 1:colcon.colcon_core.package_identification:_identify(models/mujoco_menagerie/python/src/mujoco_menagerie) by extension 'colcon_meta'
[0.234s] Level 1:colcon.colcon_core.package_identification:_identify(models/mujoco_menagerie/python/src/mujoco_menagerie) by extensions ['ros']
[0.234s] Level 1:colcon.colcon_core.package_identification:_identify(models/mujoco_menagerie/python/src/mujoco_menagerie) by extension 'ros'
[0.234s] Level 1:colcon.colcon_core.package_identification:_identify(models/mujoco_menagerie/python/src/mujoco_menagerie) by extensions ['cmake', 'python']
[0.234s] Level 1:colcon.colcon_core.package_identification:_identify(models/mujoco_menagerie/python/src/mujoco_menagerie) by extension 'cmake'
[0.234s] Level 1:colcon.colcon_core.package_identification:_identify(models/mujoco_menagerie/python/src/mujoco_menagerie) by extension 'python'
[0.234s] Level 1:colcon.colcon_core.package_identification:_identify(models/mujoco_menagerie/python/src/mujoco_menagerie) by extensions ['python_setup_py']
[0.234s] Level 1:colcon.colcon_core.package_identification:_identify(models/mujoco_menagerie/python/src/mujoco_menagerie) by extension 'python_setup_py'
[0.234s] Level 1:colcon.colcon_core.package_identification:_identify(models/mujoco_menagerie/python/tests) by extensions ['ignore', 'ignore_ament_install']
[0.234s] Level 1:colcon.colcon_core.package_identification:_identify(models/mujoco_menagerie/python/tests) by extension 'ignore'
[0.234s] Level 1:colcon.colcon_core.package_identification:_identify(models/mujoco_menagerie/python/tests) by extension 'ignore_ament_install'
[0.234s] Level 1:colcon.colcon_core.package_identification:_identify(models/mujoco_menagerie/python/tests) by extensions ['colcon_pkg']
[0.234s] Level 1:colcon.colcon_core.package_identification:_identify(models/mujoco_menagerie/python/tests) by extension 'colcon_pkg'
[0.234s] Level 1:colcon.colcon_core.package_identification:_identify(models/mujoco_menagerie/python/tests) by extensions ['colcon_meta']
[0.234s] Level 1:colcon.colcon_core.package_identification:_identify(models/mujoco_menagerie/python/tests) by extension 'colcon_meta'
[0.234s] Level 1:colcon.colcon_core.package_identification:_identify(models/mujoco_menagerie/python/tests) by extensions ['ros']
[0.234s] Level 1:colcon.colcon_core.package_identification:_identify(models/mujoco_menagerie/python/tests) by extension 'ros'
[0.234s] Level 1:colcon.colcon_core.package_identification:_identify(models/mujoco_menagerie/python/tests) by extensions ['cmake', 'python']
[0.234s] Level 1:colcon.colcon_core.package_identification:_identify(models/mujoco_menagerie/python/tests) by extension 'cmake'
[0.234s] Level 1:colcon.colcon_core.package_identification:_identify(models/mujoco_menagerie/python/tests) by extension 'python'
[0.234s] Level 1:colcon.colcon_core.package_identification:_identify(models/mujoco_menagerie/python/tests) by extensions ['python_setup_py']
[0.234s] Level 1:colcon.colcon_core.package_identification:_identify(models/mujoco_menagerie/python/tests) by extension 'python_setup_py'
[0.234s] Level 1:colcon.colcon_core.package_identification:_identify(models/mujoco_menagerie/rainbow_robotics_rby1) by extensions ['ignore', 'ignore_ament_install']
[0.235s] Level 1:colcon.colcon_core.package_identification:_identify(models/mujoco_menagerie/rainbow_robotics_rby1) by extension 'ignore'
[0.235s] Level 1:colcon.colcon_core.package_identification:_identify(models/mujoco_menagerie/rainbow_robotics_rby1) by extension 'ignore_ament_install'
[0.235s] Level 1:colcon.colcon_core.package_identification:_identify(models/mujoco_menagerie/rainbow_robotics_rby1) by extensions ['colcon_pkg']
[0.235s] Level 1:colcon.colcon_core.package_identification:_identify(models/mujoco_menagerie/rainbow_robotics_rby1) by extension 'colcon_pkg'
[0.235s] Level 1:colcon.colcon_core.package_identification:_identify(models/mujoco_menagerie/rainbow_robotics_rby1) by extensions ['colcon_meta']
[0.235s] Level 1:colcon.colcon_core.package_identification:_identify(models/mujoco_menagerie/rainbow_robotics_rby1) by extension 'colcon_meta'
[0.235s] Level 1:colcon.colcon_core.package_identification:_identify(models/mujoco_menagerie/rainbow_robotics_rby1) by extensions ['ros']
[0.235s] Level 1:colcon.colcon_core.package_identification:_identify(models/mujoco_menagerie/rainbow_robotics_rby1) by extension 'ros'
[0.235s] Level 1:colcon.colcon_core.package_identification:_identify(models/mujoco_menagerie/rainbow_robotics_rby1) by extensions ['cmake', 'python']
[0.235s] Level 1:colcon.colcon_core.package_identification:_identify(models/mujoco_menagerie/rainbow_robotics_rby1) by extension 'cmake'
[0.235s] Level 1:colcon.colcon_core.package_identification:_identify(models/mujoco_menagerie/rainbow_robotics_rby1) by extension 'python'
[0.235s] Level 1:colcon.colcon_core.package_identification:_identify(models/mujoco_menagerie/rainbow_robotics_rby1) by extensions ['python_setup_py']
[0.235s] Level 1:colcon.colcon_core.package_identification:_identify(models/mujoco_menagerie/rainbow_robotics_rby1) by extension 'python_setup_py'
[0.235s] Level 1:colcon.colcon_core.package_identification:_identify(models/mujoco_menagerie/rainbow_robotics_rby1/assets) by extensions ['ignore', 'ignore_ament_install']
[0.235s] Level 1:colcon.colcon_core.package_identification:_identify(models/mujoco_menagerie/rainbow_robotics_rby1/assets) by extension 'ignore'
[0.235s] Level 1:colcon.colcon_core.package_identification:_identify(models/mujoco_menagerie/rainbow_robotics_rby1/assets) by extension 'ignore_ament_install'
[0.235s] Level 1:colcon.colcon_core.package_identification:_identify(models/mujoco_menagerie/rainbow_robotics_rby1/assets) by extensions ['colcon_pkg']
[0.235s] Level 1:colcon.colcon_core.package_identification:_identify(models/mujoco_menagerie/rainbow_robotics_rby1/assets) by extension 'colcon_pkg'
[0.235s] Level 1:colcon.colcon_core.package_identification:_identify(models/mujoco_menagerie/rainbow_robotics_rby1/assets) by extensions ['colcon_meta']
[0.235s] Level 1:colcon.colcon_core.package_identification:_identify(models/mujoco_menagerie/rainbow_robotics_rby1/assets) by extension 'colcon_meta'
[0.235s] Level 1:colcon.colcon_core.package_identification:_identify(models/mujoco_menagerie/rainbow_robotics_rby1/assets) by extensions ['ros']
[0.235s] Level 1:colcon.colcon_core.package_identification:_identify(models/mujoco_menagerie/rainbow_robotics_rby1/assets) by extension 'ros'
[0.235s] Level 1:colcon.colcon_core.package_identification:_identify(models/mujoco_menagerie/rainbow_robotics_rby1/assets) by extensions ['cmake', 'python']
[0.235s] Level 1:colcon.colcon_core.package_identification:_identify(models/mujoco_menagerie/rainbow_robotics_rby1/assets) by extension 'cmake'
[0.235s] Level 1:colcon.colcon_core.package_identification:_identify(models/mujoco_menagerie/rainbow_robotics_rby1/assets) by extension 'python'
[0.235s] Level 1:colcon.colcon_core.package_identification:_identify(models/mujoco_menagerie/rainbow_robotics_rby1/assets) by extensions ['python_setup_py']
[0.235s] Level 1:colcon.colcon_core.package_identification:_identify(models/mujoco_menagerie/rainbow_robotics_rby1/assets) by extension 'python_setup_py'
[0.236s] Level 1:colcon.colcon_core.package_identification:_identify(models/mujoco_menagerie/realsense_d435i) by extensions ['ignore', 'ignore_ament_install']
[0.236s] Level 1:colcon.colcon_core.package_identification:_identify(models/mujoco_menagerie/realsense_d435i) by extension 'ignore'
[0.236s] Level 1:colcon.colcon_core.package_identification:_identify(models/mujoco_menagerie/realsense_d435i) by extension 'ignore_ament_install'
[0.236s] Level 1:colcon.colcon_core.package_identification:_identify(models/mujoco_menagerie/realsense_d435i) by extensions ['colcon_pkg']
[0.236s] Level 1:colcon.colcon_core.package_identification:_identify(models/mujoco_menagerie/realsense_d435i) by extension 'colcon_pkg'
[0.236s] Level 1:colcon.colcon_core.package_identification:_identify(models/mujoco_menagerie/realsense_d435i) by extensions ['colcon_meta']
[0.236s] Level 1:colcon.colcon_core.package_identification:_identify(models/mujoco_menagerie/realsense_d435i) by extension 'colcon_meta'
[0.236s] Level 1:colcon.colcon_core.package_identification:_identify(models/mujoco_menagerie/realsense_d435i) by extensions ['ros']
[0.236s] Level 1:colcon.colcon_core.package_identification:_identify(models/mujoco_menagerie/realsense_d435i) by extension 'ros'
[0.236s] Level 1:colcon.colcon_core.package_identification:_identify(models/mujoco_menagerie/realsense_d435i) by extensions ['cmake', 'python']
[0.236s] Level 1:colcon.colcon_core.package_identification:_identify(models/mujoco_menagerie/realsense_d435i) by extension 'cmake'
[0.236s] Level 1:colcon.colcon_core.package_identification:_identify(models/mujoco_menagerie/realsense_d435i) by extension 'python'
[0.236s] Level 1:colcon.colcon_core.package_identification:_identify(models/mujoco_menagerie/realsense_d435i) by extensions ['python_setup_py']
[0.236s] Level 1:colcon.colcon_core.package_identification:_identify(models/mujoco_menagerie/realsense_d435i) by extension 'python_setup_py'
[0.236s] Level 1:colcon.colcon_core.package_identification:_identify(models/mujoco_menagerie/realsense_d435i/assets) by extensions ['ignore', 'ignore_ament_install']
[0.236s] Level 1:colcon.colcon_core.package_identification:_identify(models/mujoco_menagerie/realsense_d435i/assets) by extension 'ignore'
[0.236s] Level 1:colcon.colcon_core.package_identification:_identify(models/mujoco_menagerie/realsense_d435i/assets) by extension 'ignore_ament_install'
[0.236s] Level 1:colcon.colcon_core.package_identification:_identify(models/mujoco_menagerie/realsense_d435i/assets) by extensions ['colcon_pkg']
[0.236s] Level 1:colcon.colcon_core.package_identification:_identify(models/mujoco_menagerie/realsense_d435i/assets) by extension 'colcon_pkg'
[0.236s] Level 1:colcon.colcon_core.package_identification:_identify(models/mujoco_menagerie/realsense_d435i/assets) by extensions ['colcon_meta']
[0.236s] Level 1:colcon.colcon_core.package_identification:_identify(models/mujoco_menagerie/realsense_d435i/assets) by extension 'colcon_meta'
[0.236s] Level 1:colcon.colcon_core.package_identification:_identify(models/mujoco_menagerie/realsense_d435i/assets) by extensions ['ros']
[0.236s] Level 1:colcon.colcon_core.package_identification:_identify(models/mujoco_menagerie/realsense_d435i/assets) by extension 'ros'
[0.236s] Level 1:colcon.colcon_core.package_identification:_identify(models/mujoco_menagerie/realsense_d435i/assets) by extensions ['cmake', 'python']
[0.236s] Level 1:colcon.colcon_core.package_identification:_identify(models/mujoco_menagerie/realsense_d435i/assets) by extension 'cmake'
[0.236s] Level 1:colcon.colcon_core.package_identification:_identify(models/mujoco_menagerie/realsense_d435i/assets) by extension 'python'
[0.236s] Level 1:colcon.colcon_core.package_identification:_identify(models/mujoco_menagerie/realsense_d435i/assets) by extensions ['python_setup_py']
[0.236s] Level 1:colcon.colcon_core.package_identification:_identify(models/mujoco_menagerie/realsense_d435i/assets) by extension 'python_setup_py'
[0.236s] Level 1:colcon.colcon_core.package_identification:_identify(models/mujoco_menagerie/rethink_robotics_sawyer) by extensions ['ignore', 'ignore_ament_install']
[0.237s] Level 1:colcon.colcon_core.package_identification:_identify(models/mujoco_menagerie/rethink_robotics_sawyer) by extension 'ignore'
[0.237s] Level 1:colcon.colcon_core.package_identification:_identify(models/mujoco_menagerie/rethink_robotics_sawyer) by extension 'ignore_ament_install'
[0.237s] Level 1:colcon.colcon_core.package_identification:_identify(models/mujoco_menagerie/rethink_robotics_sawyer) by extensions ['colcon_pkg']
[0.237s] Level 1:colcon.colcon_core.package_identification:_identify(models/mujoco_menagerie/rethink_robotics_sawyer) by extension 'colcon_pkg'
[0.237s] Level 1:colcon.colcon_core.package_identification:_identify(models/mujoco_menagerie/rethink_robotics_sawyer) by extensions ['colcon_meta']
[0.237s] Level 1:colcon.colcon_core.package_identification:_identify(models/mujoco_menagerie/rethink_robotics_sawyer) by extension 'colcon_meta'
[0.237s] Level 1:colcon.colcon_core.package_identification:_identify(models/mujoco_menagerie/rethink_robotics_sawyer) by extensions ['ros']
[0.237s] Level 1:colcon.colcon_core.package_identification:_identify(models/mujoco_menagerie/rethink_robotics_sawyer) by extension 'ros'
[0.237s] Level 1:colcon.colcon_core.package_identification:_identify(models/mujoco_menagerie/rethink_robotics_sawyer) by extensions ['cmake', 'python']
[0.237s] Level 1:colcon.colcon_core.package_identification:_identify(models/mujoco_menagerie/rethink_robotics_sawyer) by extension 'cmake'
[0.237s] Level 1:colcon.colcon_core.package_identification:_identify(models/mujoco_menagerie/rethink_robotics_sawyer) by extension 'python'
[0.237s] Level 1:colcon.colcon_core.package_identification:_identify(models/mujoco_menagerie/rethink_robotics_sawyer) by extensions ['python_setup_py']
[0.237s] Level 1:colcon.colcon_core.package_identification:_identify(models/mujoco_menagerie/rethink_robotics_sawyer) by extension 'python_setup_py'
[0.237s] Level 1:colcon.colcon_core.package_identification:_identify(models/mujoco_menagerie/rethink_robotics_sawyer/assets) by extensions ['ignore', 'ignore_ament_install']
[0.237s] Level 1:colcon.colcon_core.package_identification:_identify(models/mujoco_menagerie/rethink_robotics_sawyer/assets) by extension 'ignore'
[0.237s] Level 1:colcon.colcon_core.package_identification:_identify(models/mujoco_menagerie/rethink_robotics_sawyer/assets) by extension 'ignore_ament_install'
[0.237s] Level 1:colcon.colcon_core.package_identification:_identify(models/mujoco_menagerie/rethink_robotics_sawyer/assets) by extensions ['colcon_pkg']
[0.237s] Level 1:colcon.colcon_core.package_identification:_identify(models/mujoco_menagerie/rethink_robotics_sawyer/assets) by extension 'colcon_pkg'
[0.237s] Level 1:colcon.colcon_core.package_identification:_identify(models/mujoco_menagerie/rethink_robotics_sawyer/assets) by extensions ['colcon_meta']
[0.237s] Level 1:colcon.colcon_core.package_identification:_identify(models/mujoco_menagerie/rethink_robotics_sawyer/assets) by extension 'colcon_meta'
[0.237s] Level 1:colcon.colcon_core.package_identification:_identify(models/mujoco_menagerie/rethink_robotics_sawyer/assets) by extensions ['ros']
[0.237s] Level 1:colcon.colcon_core.package_identification:_identify(models/mujoco_menagerie/rethink_robotics_sawyer/assets) by extension 'ros'
[0.237s] Level 1:colcon.colcon_core.package_identification:_identify(models/mujoco_menagerie/rethink_robotics_sawyer/assets) by extensions ['cmake', 'python']
[0.237s] Level 1:colcon.colcon_core.package_identification:_identify(models/mujoco_menagerie/rethink_robotics_sawyer/assets) by extension 'cmake'
[0.237s] Level 1:colcon.colcon_core.package_identification:_identify(models/mujoco_menagerie/rethink_robotics_sawyer/assets) by extension 'python'
[0.237s] Level 1:colcon.colcon_core.package_identification:_identify(models/mujoco_menagerie/rethink_robotics_sawyer/assets) by extensions ['python_setup_py']
[0.237s] Level 1:colcon.colcon_core.package_identification:_identify(models/mujoco_menagerie/rethink_robotics_sawyer/assets) by extension 'python_setup_py'
[0.237s] Level 1:colcon.colcon_core.package_identification:_identify(models/mujoco_menagerie/robot_soccer_kit) by extensions ['ignore', 'ignore_ament_install']
[0.238s] Level 1:colcon.colcon_core.package_identification:_identify(models/mujoco_menagerie/robot_soccer_kit) by extension 'ignore'
[0.238s] Level 1:colcon.colcon_core.package_identification:_identify(models/mujoco_menagerie/robot_soccer_kit) by extension 'ignore_ament_install'
[0.238s] Level 1:colcon.colcon_core.package_identification:_identify(models/mujoco_menagerie/robot_soccer_kit) by extensions ['colcon_pkg']
[0.238s] Level 1:colcon.colcon_core.package_identification:_identify(models/mujoco_menagerie/robot_soccer_kit) by extension 'colcon_pkg'
[0.238s] Level 1:colcon.colcon_core.package_identification:_identify(models/mujoco_menagerie/robot_soccer_kit) by extensions ['colcon_meta']
[0.238s] Level 1:colcon.colcon_core.package_identification:_identify(models/mujoco_menagerie/robot_soccer_kit) by extension 'colcon_meta'
[0.238s] Level 1:colcon.colcon_core.package_identification:_identify(models/mujoco_menagerie/robot_soccer_kit) by extensions ['ros']
[0.238s] Level 1:colcon.colcon_core.package_identification:_identify(models/mujoco_menagerie/robot_soccer_kit) by extension 'ros'
[0.238s] Level 1:colcon.colcon_core.package_identification:_identify(models/mujoco_menagerie/robot_soccer_kit) by extensions ['cmake', 'python']
[0.238s] Level 1:colcon.colcon_core.package_identification:_identify(models/mujoco_menagerie/robot_soccer_kit) by extension 'cmake'
[0.238s] Level 1:colcon.colcon_core.package_identification:_identify(models/mujoco_menagerie/robot_soccer_kit) by extension 'python'
[0.238s] Level 1:colcon.colcon_core.package_identification:_identify(models/mujoco_menagerie/robot_soccer_kit) by extensions ['python_setup_py']
[0.238s] Level 1:colcon.colcon_core.package_identification:_identify(models/mujoco_menagerie/robot_soccer_kit) by extension 'python_setup_py'
[0.238s] Level 1:colcon.colcon_core.package_identification:_identify(models/mujoco_menagerie/robot_soccer_kit/assets) by extensions ['ignore', 'ignore_ament_install']
[0.238s] Level 1:colcon.colcon_core.package_identification:_identify(models/mujoco_menagerie/robot_soccer_kit/assets) by extension 'ignore'
[0.238s] Level 1:colcon.colcon_core.package_identification:_identify(models/mujoco_menagerie/robot_soccer_kit/assets) by extension 'ignore_ament_install'
[0.238s] Level 1:colcon.colcon_core.package_identification:_identify(models/mujoco_menagerie/robot_soccer_kit/assets) by extensions ['colcon_pkg']
[0.238s] Level 1:colcon.colcon_core.package_identification:_identify(models/mujoco_menagerie/robot_soccer_kit/assets) by extension 'colcon_pkg'
[0.238s] Level 1:colcon.colcon_core.package_identification:_identify(models/mujoco_menagerie/robot_soccer_kit/assets) by extensions ['colcon_meta']
[0.238s] Level 1:colcon.colcon_core.package_identification:_identify(models/mujoco_menagerie/robot_soccer_kit/assets) by extension 'colcon_meta'
[0.238s] Level 1:colcon.colcon_core.package_identification:_identify(models/mujoco_menagerie/robot_soccer_kit/assets) by extensions ['ros']
[0.238s] Level 1:colcon.colcon_core.package_identification:_identify(models/mujoco_menagerie/robot_soccer_kit/assets) by extension 'ros'
[0.238s] Level 1:colcon.colcon_core.package_identification:_identify(models/mujoco_menagerie/robot_soccer_kit/assets) by extensions ['cmake', 'python']
[0.238s] Level 1:colcon.colcon_core.package_identification:_identify(models/mujoco_menagerie/robot_soccer_kit/assets) by extension 'cmake'
[0.238s] Level 1:colcon.colcon_core.package_identification:_identify(models/mujoco_menagerie/robot_soccer_kit/assets) by extension 'python'
[0.238s] Level 1:colcon.colcon_core.package_identification:_identify(models/mujoco_menagerie/robot_soccer_kit/assets) by extensions ['python_setup_py']
[0.238s] Level 1:colcon.colcon_core.package_identification:_identify(models/mujoco_menagerie/robot_soccer_kit/assets) by extension 'python_setup_py'
[0.238s] Level 1:colcon.colcon_core.package_identification:_identify(models/mujoco_menagerie/robotiq_2f85) by extensions ['ignore', 'ignore_ament_install']
[0.238s] Level 1:colcon.colcon_core.package_identification:_identify(models/mujoco_menagerie/robotiq_2f85) by extension 'ignore'
[0.239s] Level 1:colcon.colcon_core.package_identification:_identify(models/mujoco_menagerie/robotiq_2f85) by extension 'ignore_ament_install'
[0.239s] Level 1:colcon.colcon_core.package_identification:_identify(models/mujoco_menagerie/robotiq_2f85) by extensions ['colcon_pkg']
[0.239s] Level 1:colcon.colcon_core.package_identification:_identify(models/mujoco_menagerie/robotiq_2f85) by extension 'colcon_pkg'
[0.239s] Level 1:colcon.colcon_core.package_identification:_identify(models/mujoco_menagerie/robotiq_2f85) by extensions ['colcon_meta']
[0.239s] Level 1:colcon.colcon_core.package_identification:_identify(models/mujoco_menagerie/robotiq_2f85) by extension 'colcon_meta'
[0.239s] Level 1:colcon.colcon_core.package_identification:_identify(models/mujoco_menagerie/robotiq_2f85) by extensions ['ros']
[0.239s] Level 1:colcon.colcon_core.package_identification:_identify(models/mujoco_menagerie/robotiq_2f85) by extension 'ros'
[0.239s] Level 1:colcon.colcon_core.package_identification:_identify(models/mujoco_menagerie/robotiq_2f85) by extensions ['cmake', 'python']
[0.239s] Level 1:colcon.colcon_core.package_identification:_identify(models/mujoco_menagerie/robotiq_2f85) by extension 'cmake'
[0.239s] Level 1:colcon.colcon_core.package_identification:_identify(models/mujoco_menagerie/robotiq_2f85) by extension 'python'
[0.239s] Level 1:colcon.colcon_core.package_identification:_identify(models/mujoco_menagerie/robotiq_2f85) by extensions ['python_setup_py']
[0.239s] Level 1:colcon.colcon_core.package_identification:_identify(models/mujoco_menagerie/robotiq_2f85) by extension 'python_setup_py'
[0.239s] Level 1:colcon.colcon_core.package_identification:_identify(models/mujoco_menagerie/robotiq_2f85/assets) by extensions ['ignore', 'ignore_ament_install']
[0.239s] Level 1:colcon.colcon_core.package_identification:_identify(models/mujoco_menagerie/robotiq_2f85/assets) by extension 'ignore'
[0.239s] Level 1:colcon.colcon_core.package_identification:_identify(models/mujoco_menagerie/robotiq_2f85/assets) by extension 'ignore_ament_install'
[0.239s] Level 1:colcon.colcon_core.package_identification:_identify(models/mujoco_menagerie/robotiq_2f85/assets) by extensions ['colcon_pkg']
[0.239s] Level 1:colcon.colcon_core.package_identification:_identify(models/mujoco_menagerie/robotiq_2f85/assets) by extension 'colcon_pkg'
[0.239s] Level 1:colcon.colcon_core.package_identification:_identify(models/mujoco_menagerie/robotiq_2f85/assets) by extensions ['colcon_meta']
[0.239s] Level 1:colcon.colcon_core.package_identification:_identify(models/mujoco_menagerie/robotiq_2f85/assets) by extension 'colcon_meta'
[0.239s] Level 1:colcon.colcon_core.package_identification:_identify(models/mujoco_menagerie/robotiq_2f85/assets) by extensions ['ros']
[0.239s] Level 1:colcon.colcon_core.package_identification:_identify(models/mujoco_menagerie/robotiq_2f85/assets) by extension 'ros'
[0.239s] Level 1:colcon.colcon_core.package_identification:_identify(models/mujoco_menagerie/robotiq_2f85/assets) by extensions ['cmake', 'python']
[0.239s] Level 1:colcon.colcon_core.package_identification:_identify(models/mujoco_menagerie/robotiq_2f85/assets) by extension 'cmake'
[0.239s] Level 1:colcon.colcon_core.package_identification:_identify(models/mujoco_menagerie/robotiq_2f85/assets) by extension 'python'
[0.239s] Level 1:colcon.colcon_core.package_identification:_identify(models/mujoco_menagerie/robotiq_2f85/assets) by extensions ['python_setup_py']
[0.239s] Level 1:colcon.colcon_core.package_identification:_identify(models/mujoco_menagerie/robotiq_2f85/assets) by extension 'python_setup_py'
[0.239s] Level 1:colcon.colcon_core.package_identification:_identify(models/mujoco_menagerie/robotiq_2f85_v4) by extensions ['ignore', 'ignore_ament_install']
[0.239s] Level 1:colcon.colcon_core.package_identification:_identify(models/mujoco_menagerie/robotiq_2f85_v4) by extension 'ignore'
[0.240s] Level 1:colcon.colcon_core.package_identification:_identify(models/mujoco_menagerie/robotiq_2f85_v4) by extension 'ignore_ament_install'
[0.240s] Level 1:colcon.colcon_core.package_identification:_identify(models/mujoco_menagerie/robotiq_2f85_v4) by extensions ['colcon_pkg']
[0.240s] Level 1:colcon.colcon_core.package_identification:_identify(models/mujoco_menagerie/robotiq_2f85_v4) by extension 'colcon_pkg'
[0.240s] Level 1:colcon.colcon_core.package_identification:_identify(models/mujoco_menagerie/robotiq_2f85_v4) by extensions ['colcon_meta']
[0.240s] Level 1:colcon.colcon_core.package_identification:_identify(models/mujoco_menagerie/robotiq_2f85_v4) by extension 'colcon_meta'
[0.240s] Level 1:colcon.colcon_core.package_identification:_identify(models/mujoco_menagerie/robotiq_2f85_v4) by extensions ['ros']
[0.240s] Level 1:colcon.colcon_core.package_identification:_identify(models/mujoco_menagerie/robotiq_2f85_v4) by extension 'ros'
[0.240s] Level 1:colcon.colcon_core.package_identification:_identify(models/mujoco_menagerie/robotiq_2f85_v4) by extensions ['cmake', 'python']
[0.240s] Level 1:colcon.colcon_core.package_identification:_identify(models/mujoco_menagerie/robotiq_2f85_v4) by extension 'cmake'
[0.240s] Level 1:colcon.colcon_core.package_identification:_identify(models/mujoco_menagerie/robotiq_2f85_v4) by extension 'python'
[0.240s] Level 1:colcon.colcon_core.package_identification:_identify(models/mujoco_menagerie/robotiq_2f85_v4) by extensions ['python_setup_py']
[0.240s] Level 1:colcon.colcon_core.package_identification:_identify(models/mujoco_menagerie/robotiq_2f85_v4) by extension 'python_setup_py'
[0.240s] Level 1:colcon.colcon_core.package_identification:_identify(models/mujoco_menagerie/robotiq_2f85_v4/assets) by extensions ['ignore', 'ignore_ament_install']
[0.240s] Level 1:colcon.colcon_core.package_identification:_identify(models/mujoco_menagerie/robotiq_2f85_v4/assets) by extension 'ignore'
[0.240s] Level 1:colcon.colcon_core.package_identification:_identify(models/mujoco_menagerie/robotiq_2f85_v4/assets) by extension 'ignore_ament_install'
[0.240s] Level 1:colcon.colcon_core.package_identification:_identify(models/mujoco_menagerie/robotiq_2f85_v4/assets) by extensions ['colcon_pkg']
[0.240s] Level 1:colcon.colcon_core.package_identification:_identify(models/mujoco_menagerie/robotiq_2f85_v4/assets) by extension 'colcon_pkg'
[0.240s] Level 1:colcon.colcon_core.package_identification:_identify(models/mujoco_menagerie/robotiq_2f85_v4/assets) by extensions ['colcon_meta']
[0.240s] Level 1:colcon.colcon_core.package_identification:_identify(models/mujoco_menagerie/robotiq_2f85_v4/assets) by extension 'colcon_meta'
[0.240s] Level 1:colcon.colcon_core.package_identification:_identify(models/mujoco_menagerie/robotiq_2f85_v4/assets) by extensions ['ros']
[0.240s] Level 1:colcon.colcon_core.package_identification:_identify(models/mujoco_menagerie/robotiq_2f85_v4/assets) by extension 'ros'
[0.240s] Level 1:colcon.colcon_core.package_identification:_identify(models/mujoco_menagerie/robotiq_2f85_v4/assets) by extensions ['cmake', 'python']
[0.240s] Level 1:colcon.colcon_core.package_identification:_identify(models/mujoco_menagerie/robotiq_2f85_v4/assets) by extension 'cmake'
[0.240s] Level 1:colcon.colcon_core.package_identification:_identify(models/mujoco_menagerie/robotiq_2f85_v4/assets) by extension 'python'
[0.240s] Level 1:colcon.colcon_core.package_identification:_identify(models/mujoco_menagerie/robotiq_2f85_v4/assets) by extensions ['python_setup_py']
[0.240s] Level 1:colcon.colcon_core.package_identification:_identify(models/mujoco_menagerie/robotiq_2f85_v4/assets) by extension 'python_setup_py'
[0.240s] Level 1:colcon.colcon_core.package_identification:_identify(models/mujoco_menagerie/robotis_op3) by extensions ['ignore', 'ignore_ament_install']
[0.240s] Level 1:colcon.colcon_core.package_identification:_identify(models/mujoco_menagerie/robotis_op3) by extension 'ignore'
[0.240s] Level 1:colcon.colcon_core.package_identification:_identify(models/mujoco_menagerie/robotis_op3) by extension 'ignore_ament_install'
[0.241s] Level 1:colcon.colcon_core.package_identification:_identify(models/mujoco_menagerie/robotis_op3) by extensions ['colcon_pkg']
[0.241s] Level 1:colcon.colcon_core.package_identification:_identify(models/mujoco_menagerie/robotis_op3) by extension 'colcon_pkg'
[0.241s] Level 1:colcon.colcon_core.package_identification:_identify(models/mujoco_menagerie/robotis_op3) by extensions ['colcon_meta']
[0.241s] Level 1:colcon.colcon_core.package_identification:_identify(models/mujoco_menagerie/robotis_op3) by extension 'colcon_meta'
[0.241s] Level 1:colcon.colcon_core.package_identification:_identify(models/mujoco_menagerie/robotis_op3) by extensions ['ros']
[0.241s] Level 1:colcon.colcon_core.package_identification:_identify(models/mujoco_menagerie/robotis_op3) by extension 'ros'
[0.241s] Level 1:colcon.colcon_core.package_identification:_identify(models/mujoco_menagerie/robotis_op3) by extensions ['cmake', 'python']
[0.241s] Level 1:colcon.colcon_core.package_identification:_identify(models/mujoco_menagerie/robotis_op3) by extension 'cmake'
[0.241s] Level 1:colcon.colcon_core.package_identification:_identify(models/mujoco_menagerie/robotis_op3) by extension 'python'
[0.241s] Level 1:colcon.colcon_core.package_identification:_identify(models/mujoco_menagerie/robotis_op3) by extensions ['python_setup_py']
[0.241s] Level 1:colcon.colcon_core.package_identification:_identify(models/mujoco_menagerie/robotis_op3) by extension 'python_setup_py'
[0.241s] Level 1:colcon.colcon_core.package_identification:_identify(models/mujoco_menagerie/robotis_op3/assets) by extensions ['ignore', 'ignore_ament_install']
[0.241s] Level 1:colcon.colcon_core.package_identification:_identify(models/mujoco_menagerie/robotis_op3/assets) by extension 'ignore'
[0.241s] Level 1:colcon.colcon_core.package_identification:_identify(models/mujoco_menagerie/robotis_op3/assets) by extension 'ignore_ament_install'
[0.241s] Level 1:colcon.colcon_core.package_identification:_identify(models/mujoco_menagerie/robotis_op3/assets) by extensions ['colcon_pkg']
[0.241s] Level 1:colcon.colcon_core.package_identification:_identify(models/mujoco_menagerie/robotis_op3/assets) by extension 'colcon_pkg'
[0.241s] Level 1:colcon.colcon_core.package_identification:_identify(models/mujoco_menagerie/robotis_op3/assets) by extensions ['colcon_meta']
[0.241s] Level 1:colcon.colcon_core.package_identification:_identify(models/mujoco_menagerie/robotis_op3/assets) by extension 'colcon_meta'
[0.241s] Level 1:colcon.colcon_core.package_identification:_identify(models/mujoco_menagerie/robotis_op3/assets) by extensions ['ros']
[0.241s] Level 1:colcon.colcon_core.package_identification:_identify(models/mujoco_menagerie/robotis_op3/assets) by extension 'ros'
[0.241s] Level 1:colcon.colcon_core.package_identification:_identify(models/mujoco_menagerie/robotis_op3/assets) by extensions ['cmake', 'python']
[0.241s] Level 1:colcon.colcon_core.package_identification:_identify(models/mujoco_menagerie/robotis_op3/assets) by extension 'cmake'
[0.241s] Level 1:colcon.colcon_core.package_identification:_identify(models/mujoco_menagerie/robotis_op3/assets) by extension 'python'
[0.241s] Level 1:colcon.colcon_core.package_identification:_identify(models/mujoco_menagerie/robotis_op3/assets) by extensions ['python_setup_py']
[0.241s] Level 1:colcon.colcon_core.package_identification:_identify(models/mujoco_menagerie/robotis_op3/assets) by extension 'python_setup_py'
[0.241s] Level 1:colcon.colcon_core.package_identification:_identify(models/mujoco_menagerie/robotis_op3/assets/simplified_convex) by extensions ['ignore', 'ignore_ament_install']
[0.241s] Level 1:colcon.colcon_core.package_identification:_identify(models/mujoco_menagerie/robotis_op3/assets/simplified_convex) by extension 'ignore'
[0.241s] Level 1:colcon.colcon_core.package_identification:_identify(models/mujoco_menagerie/robotis_op3/assets/simplified_convex) by extension 'ignore_ament_install'
[0.242s] Level 1:colcon.colcon_core.package_identification:_identify(models/mujoco_menagerie/robotis_op3/assets/simplified_convex) by extensions ['colcon_pkg']
[0.242s] Level 1:colcon.colcon_core.package_identification:_identify(models/mujoco_menagerie/robotis_op3/assets/simplified_convex) by extension 'colcon_pkg'
[0.242s] Level 1:colcon.colcon_core.package_identification:_identify(models/mujoco_menagerie/robotis_op3/assets/simplified_convex) by extensions ['colcon_meta']
[0.242s] Level 1:colcon.colcon_core.package_identification:_identify(models/mujoco_menagerie/robotis_op3/assets/simplified_convex) by extension 'colcon_meta'
[0.242s] Level 1:colcon.colcon_core.package_identification:_identify(models/mujoco_menagerie/robotis_op3/assets/simplified_convex) by extensions ['ros']
[0.242s] Level 1:colcon.colcon_core.package_identification:_identify(models/mujoco_menagerie/robotis_op3/assets/simplified_convex) by extension 'ros'
[0.242s] Level 1:colcon.colcon_core.package_identification:_identify(models/mujoco_menagerie/robotis_op3/assets/simplified_convex) by extensions ['cmake', 'python']
[0.242s] Level 1:colcon.colcon_core.package_identification:_identify(models/mujoco_menagerie/robotis_op3/assets/simplified_convex) by extension 'cmake'
[0.242s] Level 1:colcon.colcon_core.package_identification:_identify(models/mujoco_menagerie/robotis_op3/assets/simplified_convex) by extension 'python'
[0.242s] Level 1:colcon.colcon_core.package_identification:_identify(models/mujoco_menagerie/robotis_op3/assets/simplified_convex) by extensions ['python_setup_py']
[0.242s] Level 1:colcon.colcon_core.package_identification:_identify(models/mujoco_menagerie/robotis_op3/assets/simplified_convex) by extension 'python_setup_py'
[0.242s] Level 1:colcon.colcon_core.package_identification:_identify(models/mujoco_menagerie/robotstudio_so101) by extensions ['ignore', 'ignore_ament_install']
[0.242s] Level 1:colcon.colcon_core.package_identification:_identify(models/mujoco_menagerie/robotstudio_so101) by extension 'ignore'
[0.242s] Level 1:colcon.colcon_core.package_identification:_identify(models/mujoco_menagerie/robotstudio_so101) by extension 'ignore_ament_install'
[0.242s] Level 1:colcon.colcon_core.package_identification:_identify(models/mujoco_menagerie/robotstudio_so101) by extensions ['colcon_pkg']
[0.242s] Level 1:colcon.colcon_core.package_identification:_identify(models/mujoco_menagerie/robotstudio_so101) by extension 'colcon_pkg'
[0.242s] Level 1:colcon.colcon_core.package_identification:_identify(models/mujoco_menagerie/robotstudio_so101) by extensions ['colcon_meta']
[0.242s] Level 1:colcon.colcon_core.package_identification:_identify(models/mujoco_menagerie/robotstudio_so101) by extension 'colcon_meta'
[0.242s] Level 1:colcon.colcon_core.package_identification:_identify(models/mujoco_menagerie/robotstudio_so101) by extensions ['ros']
[0.242s] Level 1:colcon.colcon_core.package_identification:_identify(models/mujoco_menagerie/robotstudio_so101) by extension 'ros'
[0.242s] Level 1:colcon.colcon_core.package_identification:_identify(models/mujoco_menagerie/robotstudio_so101) by extensions ['cmake', 'python']
[0.242s] Level 1:colcon.colcon_core.package_identification:_identify(models/mujoco_menagerie/robotstudio_so101) by extension 'cmake'
[0.242s] Level 1:colcon.colcon_core.package_identification:_identify(models/mujoco_menagerie/robotstudio_so101) by extension 'python'
[0.242s] Level 1:colcon.colcon_core.package_identification:_identify(models/mujoco_menagerie/robotstudio_so101) by extensions ['python_setup_py']
[0.242s] Level 1:colcon.colcon_core.package_identification:_identify(models/mujoco_menagerie/robotstudio_so101) by extension 'python_setup_py'
[0.242s] Level 1:colcon.colcon_core.package_identification:_identify(models/mujoco_menagerie/robotstudio_so101/assets) by extensions ['ignore', 'ignore_ament_install']
[0.242s] Level 1:colcon.colcon_core.package_identification:_identify(models/mujoco_menagerie/robotstudio_so101/assets) by extension 'ignore'
[0.242s] Level 1:colcon.colcon_core.package_identification:_identify(models/mujoco_menagerie/robotstudio_so101/assets) by extension 'ignore_ament_install'
[0.243s] Level 1:colcon.colcon_core.package_identification:_identify(models/mujoco_menagerie/robotstudio_so101/assets) by extensions ['colcon_pkg']
[0.243s] Level 1:colcon.colcon_core.package_identification:_identify(models/mujoco_menagerie/robotstudio_so101/assets) by extension 'colcon_pkg'
[0.243s] Level 1:colcon.colcon_core.package_identification:_identify(models/mujoco_menagerie/robotstudio_so101/assets) by extensions ['colcon_meta']
[0.243s] Level 1:colcon.colcon_core.package_identification:_identify(models/mujoco_menagerie/robotstudio_so101/assets) by extension 'colcon_meta'
[0.243s] Level 1:colcon.colcon_core.package_identification:_identify(models/mujoco_menagerie/robotstudio_so101/assets) by extensions ['ros']
[0.243s] Level 1:colcon.colcon_core.package_identification:_identify(models/mujoco_menagerie/robotstudio_so101/assets) by extension 'ros'
[0.243s] Level 1:colcon.colcon_core.package_identification:_identify(models/mujoco_menagerie/robotstudio_so101/assets) by extensions ['cmake', 'python']
[0.243s] Level 1:colcon.colcon_core.package_identification:_identify(models/mujoco_menagerie/robotstudio_so101/assets) by extension 'cmake'
[0.243s] Level 1:colcon.colcon_core.package_identification:_identify(models/mujoco_menagerie/robotstudio_so101/assets) by extension 'python'
[0.243s] Level 1:colcon.colcon_core.package_identification:_identify(models/mujoco_menagerie/robotstudio_so101/assets) by extensions ['python_setup_py']
[0.243s] Level 1:colcon.colcon_core.package_identification:_identify(models/mujoco_menagerie/robotstudio_so101/assets) by extension 'python_setup_py'
[0.243s] Level 1:colcon.colcon_core.package_identification:_identify(models/mujoco_menagerie/seeed_rebot_devarm) by extensions ['ignore', 'ignore_ament_install']
[0.243s] Level 1:colcon.colcon_core.package_identification:_identify(models/mujoco_menagerie/seeed_rebot_devarm) by extension 'ignore'
[0.243s] Level 1:colcon.colcon_core.package_identification:_identify(models/mujoco_menagerie/seeed_rebot_devarm) by extension 'ignore_ament_install'
[0.243s] Level 1:colcon.colcon_core.package_identification:_identify(models/mujoco_menagerie/seeed_rebot_devarm) by extensions ['colcon_pkg']
[0.243s] Level 1:colcon.colcon_core.package_identification:_identify(models/mujoco_menagerie/seeed_rebot_devarm) by extension 'colcon_pkg'
[0.243s] Level 1:colcon.colcon_core.package_identification:_identify(models/mujoco_menagerie/seeed_rebot_devarm) by extensions ['colcon_meta']
[0.243s] Level 1:colcon.colcon_core.package_identification:_identify(models/mujoco_menagerie/seeed_rebot_devarm) by extension 'colcon_meta'
[0.243s] Level 1:colcon.colcon_core.package_identification:_identify(models/mujoco_menagerie/seeed_rebot_devarm) by extensions ['ros']
[0.243s] Level 1:colcon.colcon_core.package_identification:_identify(models/mujoco_menagerie/seeed_rebot_devarm) by extension 'ros'
[0.243s] Level 1:colcon.colcon_core.package_identification:_identify(models/mujoco_menagerie/seeed_rebot_devarm) by extensions ['cmake', 'python']
[0.243s] Level 1:colcon.colcon_core.package_identification:_identify(models/mujoco_menagerie/seeed_rebot_devarm) by extension 'cmake'
[0.243s] Level 1:colcon.colcon_core.package_identification:_identify(models/mujoco_menagerie/seeed_rebot_devarm) by extension 'python'
[0.243s] Level 1:colcon.colcon_core.package_identification:_identify(models/mujoco_menagerie/seeed_rebot_devarm) by extensions ['python_setup_py']
[0.243s] Level 1:colcon.colcon_core.package_identification:_identify(models/mujoco_menagerie/seeed_rebot_devarm) by extension 'python_setup_py'
[0.243s] Level 1:colcon.colcon_core.package_identification:_identify(models/mujoco_menagerie/seeed_rebot_devarm/assets) by extensions ['ignore', 'ignore_ament_install']
[0.243s] Level 1:colcon.colcon_core.package_identification:_identify(models/mujoco_menagerie/seeed_rebot_devarm/assets) by extension 'ignore'
[0.244s] Level 1:colcon.colcon_core.package_identification:_identify(models/mujoco_menagerie/seeed_rebot_devarm/assets) by extension 'ignore_ament_install'
[0.244s] Level 1:colcon.colcon_core.package_identification:_identify(models/mujoco_menagerie/seeed_rebot_devarm/assets) by extensions ['colcon_pkg']
[0.244s] Level 1:colcon.colcon_core.package_identification:_identify(models/mujoco_menagerie/seeed_rebot_devarm/assets) by extension 'colcon_pkg'
[0.244s] Level 1:colcon.colcon_core.package_identification:_identify(models/mujoco_menagerie/seeed_rebot_devarm/assets) by extensions ['colcon_meta']
[0.244s] Level 1:colcon.colcon_core.package_identification:_identify(models/mujoco_menagerie/seeed_rebot_devarm/assets) by extension 'colcon_meta'
[0.244s] Level 1:colcon.colcon_core.package_identification:_identify(models/mujoco_menagerie/seeed_rebot_devarm/assets) by extensions ['ros']
[0.244s] Level 1:colcon.colcon_core.package_identification:_identify(models/mujoco_menagerie/seeed_rebot_devarm/assets) by extension 'ros'
[0.244s] Level 1:colcon.colcon_core.package_identification:_identify(models/mujoco_menagerie/seeed_rebot_devarm/assets) by extensions ['cmake', 'python']
[0.244s] Level 1:colcon.colcon_core.package_identification:_identify(models/mujoco_menagerie/seeed_rebot_devarm/assets) by extension 'cmake'
[0.244s] Level 1:colcon.colcon_core.package_identification:_identify(models/mujoco_menagerie/seeed_rebot_devarm/assets) by extension 'python'
[0.244s] Level 1:colcon.colcon_core.package_identification:_identify(models/mujoco_menagerie/seeed_rebot_devarm/assets) by extensions ['python_setup_py']
[0.244s] Level 1:colcon.colcon_core.package_identification:_identify(models/mujoco_menagerie/seeed_rebot_devarm/assets) by extension 'python_setup_py'
[0.244s] Level 1:colcon.colcon_core.package_identification:_identify(models/mujoco_menagerie/shadow_dexee) by extensions ['ignore', 'ignore_ament_install']
[0.244s] Level 1:colcon.colcon_core.package_identification:_identify(models/mujoco_menagerie/shadow_dexee) by extension 'ignore'
[0.244s] Level 1:colcon.colcon_core.package_identification:_identify(models/mujoco_menagerie/shadow_dexee) by extension 'ignore_ament_install'
[0.244s] Level 1:colcon.colcon_core.package_identification:_identify(models/mujoco_menagerie/shadow_dexee) by extensions ['colcon_pkg']
[0.244s] Level 1:colcon.colcon_core.package_identification:_identify(models/mujoco_menagerie/shadow_dexee) by extension 'colcon_pkg'
[0.244s] Level 1:colcon.colcon_core.package_identification:_identify(models/mujoco_menagerie/shadow_dexee) by extensions ['colcon_meta']
[0.244s] Level 1:colcon.colcon_core.package_identification:_identify(models/mujoco_menagerie/shadow_dexee) by extension 'colcon_meta'
[0.244s] Level 1:colcon.colcon_core.package_identification:_identify(models/mujoco_menagerie/shadow_dexee) by extensions ['ros']
[0.244s] Level 1:colcon.colcon_core.package_identification:_identify(models/mujoco_menagerie/shadow_dexee) by extension 'ros'
[0.244s] Level 1:colcon.colcon_core.package_identification:_identify(models/mujoco_menagerie/shadow_dexee) by extensions ['cmake', 'python']
[0.244s] Level 1:colcon.colcon_core.package_identification:_identify(models/mujoco_menagerie/shadow_dexee) by extension 'cmake'
[0.244s] Level 1:colcon.colcon_core.package_identification:_identify(models/mujoco_menagerie/shadow_dexee) by extension 'python'
[0.244s] Level 1:colcon.colcon_core.package_identification:_identify(models/mujoco_menagerie/shadow_dexee) by extensions ['python_setup_py']
[0.244s] Level 1:colcon.colcon_core.package_identification:_identify(models/mujoco_menagerie/shadow_dexee) by extension 'python_setup_py'
[0.244s] Level 1:colcon.colcon_core.package_identification:_identify(models/mujoco_menagerie/shadow_dexee/assets) by extensions ['ignore', 'ignore_ament_install']
[0.244s] Level 1:colcon.colcon_core.package_identification:_identify(models/mujoco_menagerie/shadow_dexee/assets) by extension 'ignore'
[0.244s] Level 1:colcon.colcon_core.package_identification:_identify(models/mujoco_menagerie/shadow_dexee/assets) by extension 'ignore_ament_install'
[0.245s] Level 1:colcon.colcon_core.package_identification:_identify(models/mujoco_menagerie/shadow_dexee/assets) by extensions ['colcon_pkg']
[0.245s] Level 1:colcon.colcon_core.package_identification:_identify(models/mujoco_menagerie/shadow_dexee/assets) by extension 'colcon_pkg'
[0.245s] Level 1:colcon.colcon_core.package_identification:_identify(models/mujoco_menagerie/shadow_dexee/assets) by extensions ['colcon_meta']
[0.245s] Level 1:colcon.colcon_core.package_identification:_identify(models/mujoco_menagerie/shadow_dexee/assets) by extension 'colcon_meta'
[0.245s] Level 1:colcon.colcon_core.package_identification:_identify(models/mujoco_menagerie/shadow_dexee/assets) by extensions ['ros']
[0.245s] Level 1:colcon.colcon_core.package_identification:_identify(models/mujoco_menagerie/shadow_dexee/assets) by extension 'ros'
[0.245s] Level 1:colcon.colcon_core.package_identification:_identify(models/mujoco_menagerie/shadow_dexee/assets) by extensions ['cmake', 'python']
[0.245s] Level 1:colcon.colcon_core.package_identification:_identify(models/mujoco_menagerie/shadow_dexee/assets) by extension 'cmake'
[0.245s] Level 1:colcon.colcon_core.package_identification:_identify(models/mujoco_menagerie/shadow_dexee/assets) by extension 'python'
[0.245s] Level 1:colcon.colcon_core.package_identification:_identify(models/mujoco_menagerie/shadow_dexee/assets) by extensions ['python_setup_py']
[0.245s] Level 1:colcon.colcon_core.package_identification:_identify(models/mujoco_menagerie/shadow_dexee/assets) by extension 'python_setup_py'
[0.245s] Level 1:colcon.colcon_core.package_identification:_identify(models/mujoco_menagerie/shadow_hand) by extensions ['ignore', 'ignore_ament_install']
[0.245s] Level 1:colcon.colcon_core.package_identification:_identify(models/mujoco_menagerie/shadow_hand) by extension 'ignore'
[0.245s] Level 1:colcon.colcon_core.package_identification:_identify(models/mujoco_menagerie/shadow_hand) by extension 'ignore_ament_install'
[0.245s] Level 1:colcon.colcon_core.package_identification:_identify(models/mujoco_menagerie/shadow_hand) by extensions ['colcon_pkg']
[0.245s] Level 1:colcon.colcon_core.package_identification:_identify(models/mujoco_menagerie/shadow_hand) by extension 'colcon_pkg'
[0.245s] Level 1:colcon.colcon_core.package_identification:_identify(models/mujoco_menagerie/shadow_hand) by extensions ['colcon_meta']
[0.245s] Level 1:colcon.colcon_core.package_identification:_identify(models/mujoco_menagerie/shadow_hand) by extension 'colcon_meta'
[0.245s] Level 1:colcon.colcon_core.package_identification:_identify(models/mujoco_menagerie/shadow_hand) by extensions ['ros']
[0.245s] Level 1:colcon.colcon_core.package_identification:_identify(models/mujoco_menagerie/shadow_hand) by extension 'ros'
[0.245s] Level 1:colcon.colcon_core.package_identification:_identify(models/mujoco_menagerie/shadow_hand) by extensions ['cmake', 'python']
[0.245s] Level 1:colcon.colcon_core.package_identification:_identify(models/mujoco_menagerie/shadow_hand) by extension 'cmake'
[0.245s] Level 1:colcon.colcon_core.package_identification:_identify(models/mujoco_menagerie/shadow_hand) by extension 'python'
[0.245s] Level 1:colcon.colcon_core.package_identification:_identify(models/mujoco_menagerie/shadow_hand) by extensions ['python_setup_py']
[0.245s] Level 1:colcon.colcon_core.package_identification:_identify(models/mujoco_menagerie/shadow_hand) by extension 'python_setup_py'
[0.245s] Level 1:colcon.colcon_core.package_identification:_identify(models/mujoco_menagerie/shadow_hand/assets) by extensions ['ignore', 'ignore_ament_install']
[0.245s] Level 1:colcon.colcon_core.package_identification:_identify(models/mujoco_menagerie/shadow_hand/assets) by extension 'ignore'
[0.245s] Level 1:colcon.colcon_core.package_identification:_identify(models/mujoco_menagerie/shadow_hand/assets) by extension 'ignore_ament_install'
[0.245s] Level 1:colcon.colcon_core.package_identification:_identify(models/mujoco_menagerie/shadow_hand/assets) by extensions ['colcon_pkg']
[0.246s] Level 1:colcon.colcon_core.package_identification:_identify(models/mujoco_menagerie/shadow_hand/assets) by extension 'colcon_pkg'
[0.246s] Level 1:colcon.colcon_core.package_identification:_identify(models/mujoco_menagerie/shadow_hand/assets) by extensions ['colcon_meta']
[0.246s] Level 1:colcon.colcon_core.package_identification:_identify(models/mujoco_menagerie/shadow_hand/assets) by extension 'colcon_meta'
[0.246s] Level 1:colcon.colcon_core.package_identification:_identify(models/mujoco_menagerie/shadow_hand/assets) by extensions ['ros']
[0.246s] Level 1:colcon.colcon_core.package_identification:_identify(models/mujoco_menagerie/shadow_hand/assets) by extension 'ros'
[0.246s] Level 1:colcon.colcon_core.package_identification:_identify(models/mujoco_menagerie/shadow_hand/assets) by extensions ['cmake', 'python']
[0.246s] Level 1:colcon.colcon_core.package_identification:_identify(models/mujoco_menagerie/shadow_hand/assets) by extension 'cmake'
[0.246s] Level 1:colcon.colcon_core.package_identification:_identify(models/mujoco_menagerie/shadow_hand/assets) by extension 'python'
[0.246s] Level 1:colcon.colcon_core.package_identification:_identify(models/mujoco_menagerie/shadow_hand/assets) by extensions ['python_setup_py']
[0.246s] Level 1:colcon.colcon_core.package_identification:_identify(models/mujoco_menagerie/shadow_hand/assets) by extension 'python_setup_py'
[0.246s] Level 1:colcon.colcon_core.package_identification:_identify(models/mujoco_menagerie/sharpa_wave) by extensions ['ignore', 'ignore_ament_install']
[0.246s] Level 1:colcon.colcon_core.package_identification:_identify(models/mujoco_menagerie/sharpa_wave) by extension 'ignore'
[0.246s] Level 1:colcon.colcon_core.package_identification:_identify(models/mujoco_menagerie/sharpa_wave) by extension 'ignore_ament_install'
[0.246s] Level 1:colcon.colcon_core.package_identification:_identify(models/mujoco_menagerie/sharpa_wave) by extensions ['colcon_pkg']
[0.246s] Level 1:colcon.colcon_core.package_identification:_identify(models/mujoco_menagerie/sharpa_wave) by extension 'colcon_pkg'
[0.246s] Level 1:colcon.colcon_core.package_identification:_identify(models/mujoco_menagerie/sharpa_wave) by extensions ['colcon_meta']
[0.246s] Level 1:colcon.colcon_core.package_identification:_identify(models/mujoco_menagerie/sharpa_wave) by extension 'colcon_meta'
[0.246s] Level 1:colcon.colcon_core.package_identification:_identify(models/mujoco_menagerie/sharpa_wave) by extensions ['ros']
[0.246s] Level 1:colcon.colcon_core.package_identification:_identify(models/mujoco_menagerie/sharpa_wave) by extension 'ros'
[0.246s] Level 1:colcon.colcon_core.package_identification:_identify(models/mujoco_menagerie/sharpa_wave) by extensions ['cmake', 'python']
[0.246s] Level 1:colcon.colcon_core.package_identification:_identify(models/mujoco_menagerie/sharpa_wave) by extension 'cmake'
[0.246s] Level 1:colcon.colcon_core.package_identification:_identify(models/mujoco_menagerie/sharpa_wave) by extension 'python'
[0.246s] Level 1:colcon.colcon_core.package_identification:_identify(models/mujoco_menagerie/sharpa_wave) by extensions ['python_setup_py']
[0.246s] Level 1:colcon.colcon_core.package_identification:_identify(models/mujoco_menagerie/sharpa_wave) by extension 'python_setup_py'
[0.246s] Level 1:colcon.colcon_core.package_identification:_identify(models/mujoco_menagerie/sharpa_wave/assets) by extensions ['ignore', 'ignore_ament_install']
[0.246s] Level 1:colcon.colcon_core.package_identification:_identify(models/mujoco_menagerie/sharpa_wave/assets) by extension 'ignore'
[0.246s] Level 1:colcon.colcon_core.package_identification:_identify(models/mujoco_menagerie/sharpa_wave/assets) by extension 'ignore_ament_install'
[0.246s] Level 1:colcon.colcon_core.package_identification:_identify(models/mujoco_menagerie/sharpa_wave/assets) by extensions ['colcon_pkg']
[0.247s] Level 1:colcon.colcon_core.package_identification:_identify(models/mujoco_menagerie/sharpa_wave/assets) by extension 'colcon_pkg'
[0.247s] Level 1:colcon.colcon_core.package_identification:_identify(models/mujoco_menagerie/sharpa_wave/assets) by extensions ['colcon_meta']
[0.247s] Level 1:colcon.colcon_core.package_identification:_identify(models/mujoco_menagerie/sharpa_wave/assets) by extension 'colcon_meta'
[0.247s] Level 1:colcon.colcon_core.package_identification:_identify(models/mujoco_menagerie/sharpa_wave/assets) by extensions ['ros']
[0.247s] Level 1:colcon.colcon_core.package_identification:_identify(models/mujoco_menagerie/sharpa_wave/assets) by extension 'ros'
[0.247s] Level 1:colcon.colcon_core.package_identification:_identify(models/mujoco_menagerie/sharpa_wave/assets) by extensions ['cmake', 'python']
[0.247s] Level 1:colcon.colcon_core.package_identification:_identify(models/mujoco_menagerie/sharpa_wave/assets) by extension 'cmake'
[0.247s] Level 1:colcon.colcon_core.package_identification:_identify(models/mujoco_menagerie/sharpa_wave/assets) by extension 'python'
[0.247s] Level 1:colcon.colcon_core.package_identification:_identify(models/mujoco_menagerie/sharpa_wave/assets) by extensions ['python_setup_py']
[0.247s] Level 1:colcon.colcon_core.package_identification:_identify(models/mujoco_menagerie/sharpa_wave/assets) by extension 'python_setup_py'
[0.247s] Level 1:colcon.colcon_core.package_identification:_identify(models/mujoco_menagerie/sharpa_wave/assets/left) by extensions ['ignore', 'ignore_ament_install']
[0.247s] Level 1:colcon.colcon_core.package_identification:_identify(models/mujoco_menagerie/sharpa_wave/assets/left) by extension 'ignore'
[0.247s] Level 1:colcon.colcon_core.package_identification:_identify(models/mujoco_menagerie/sharpa_wave/assets/left) by extension 'ignore_ament_install'
[0.247s] Level 1:colcon.colcon_core.package_identification:_identify(models/mujoco_menagerie/sharpa_wave/assets/left) by extensions ['colcon_pkg']
[0.247s] Level 1:colcon.colcon_core.package_identification:_identify(models/mujoco_menagerie/sharpa_wave/assets/left) by extension 'colcon_pkg'
[0.247s] Level 1:colcon.colcon_core.package_identification:_identify(models/mujoco_menagerie/sharpa_wave/assets/left) by extensions ['colcon_meta']
[0.247s] Level 1:colcon.colcon_core.package_identification:_identify(models/mujoco_menagerie/sharpa_wave/assets/left) by extension 'colcon_meta'
[0.247s] Level 1:colcon.colcon_core.package_identification:_identify(models/mujoco_menagerie/sharpa_wave/assets/left) by extensions ['ros']
[0.247s] Level 1:colcon.colcon_core.package_identification:_identify(models/mujoco_menagerie/sharpa_wave/assets/left) by extension 'ros'
[0.247s] Level 1:colcon.colcon_core.package_identification:_identify(models/mujoco_menagerie/sharpa_wave/assets/left) by extensions ['cmake', 'python']
[0.247s] Level 1:colcon.colcon_core.package_identification:_identify(models/mujoco_menagerie/sharpa_wave/assets/left) by extension 'cmake'
[0.247s] Level 1:colcon.colcon_core.package_identification:_identify(models/mujoco_menagerie/sharpa_wave/assets/left) by extension 'python'
[0.247s] Level 1:colcon.colcon_core.package_identification:_identify(models/mujoco_menagerie/sharpa_wave/assets/left) by extensions ['python_setup_py']
[0.247s] Level 1:colcon.colcon_core.package_identification:_identify(models/mujoco_menagerie/sharpa_wave/assets/left) by extension 'python_setup_py'
[0.247s] Level 1:colcon.colcon_core.package_identification:_identify(models/mujoco_menagerie/sharpa_wave/assets/left/palm) by extensions ['ignore', 'ignore_ament_install']
[0.247s] Level 1:colcon.colcon_core.package_identification:_identify(models/mujoco_menagerie/sharpa_wave/assets/left/palm) by extension 'ignore'
[0.247s] Level 1:colcon.colcon_core.package_identification:_identify(models/mujoco_menagerie/sharpa_wave/assets/left/palm) by extension 'ignore_ament_install'
[0.248s] Level 1:colcon.colcon_core.package_identification:_identify(models/mujoco_menagerie/sharpa_wave/assets/left/palm) by extensions ['colcon_pkg']
[0.248s] Level 1:colcon.colcon_core.package_identification:_identify(models/mujoco_menagerie/sharpa_wave/assets/left/palm) by extension 'colcon_pkg'
[0.248s] Level 1:colcon.colcon_core.package_identification:_identify(models/mujoco_menagerie/sharpa_wave/assets/left/palm) by extensions ['colcon_meta']
[0.248s] Level 1:colcon.colcon_core.package_identification:_identify(models/mujoco_menagerie/sharpa_wave/assets/left/palm) by extension 'colcon_meta'
[0.248s] Level 1:colcon.colcon_core.package_identification:_identify(models/mujoco_menagerie/sharpa_wave/assets/left/palm) by extensions ['ros']
[0.248s] Level 1:colcon.colcon_core.package_identification:_identify(models/mujoco_menagerie/sharpa_wave/assets/left/palm) by extension 'ros'
[0.248s] Level 1:colcon.colcon_core.package_identification:_identify(models/mujoco_menagerie/sharpa_wave/assets/left/palm) by extensions ['cmake', 'python']
[0.248s] Level 1:colcon.colcon_core.package_identification:_identify(models/mujoco_menagerie/sharpa_wave/assets/left/palm) by extension 'cmake'
[0.248s] Level 1:colcon.colcon_core.package_identification:_identify(models/mujoco_menagerie/sharpa_wave/assets/left/palm) by extension 'python'
[0.248s] Level 1:colcon.colcon_core.package_identification:_identify(models/mujoco_menagerie/sharpa_wave/assets/left/palm) by extensions ['python_setup_py']
[0.248s] Level 1:colcon.colcon_core.package_identification:_identify(models/mujoco_menagerie/sharpa_wave/assets/left/palm) by extension 'python_setup_py'
[0.248s] Level 1:colcon.colcon_core.package_identification:_identify(models/mujoco_menagerie/sharpa_wave/assets/right) by extensions ['ignore', 'ignore_ament_install']
[0.248s] Level 1:colcon.colcon_core.package_identification:_identify(models/mujoco_menagerie/sharpa_wave/assets/right) by extension 'ignore'
[0.248s] Level 1:colcon.colcon_core.package_identification:_identify(models/mujoco_menagerie/sharpa_wave/assets/right) by extension 'ignore_ament_install'
[0.248s] Level 1:colcon.colcon_core.package_identification:_identify(models/mujoco_menagerie/sharpa_wave/assets/right) by extensions ['colcon_pkg']
[0.248s] Level 1:colcon.colcon_core.package_identification:_identify(models/mujoco_menagerie/sharpa_wave/assets/right) by extension 'colcon_pkg'
[0.248s] Level 1:colcon.colcon_core.package_identification:_identify(models/mujoco_menagerie/sharpa_wave/assets/right) by extensions ['colcon_meta']
[0.248s] Level 1:colcon.colcon_core.package_identification:_identify(models/mujoco_menagerie/sharpa_wave/assets/right) by extension 'colcon_meta'
[0.248s] Level 1:colcon.colcon_core.package_identification:_identify(models/mujoco_menagerie/sharpa_wave/assets/right) by extensions ['ros']
[0.248s] Level 1:colcon.colcon_core.package_identification:_identify(models/mujoco_menagerie/sharpa_wave/assets/right) by extension 'ros'
[0.248s] Level 1:colcon.colcon_core.package_identification:_identify(models/mujoco_menagerie/sharpa_wave/assets/right) by extensions ['cmake', 'python']
[0.248s] Level 1:colcon.colcon_core.package_identification:_identify(models/mujoco_menagerie/sharpa_wave/assets/right) by extension 'cmake'
[0.248s] Level 1:colcon.colcon_core.package_identification:_identify(models/mujoco_menagerie/sharpa_wave/assets/right) by extension 'python'
[0.248s] Level 1:colcon.colcon_core.package_identification:_identify(models/mujoco_menagerie/sharpa_wave/assets/right) by extensions ['python_setup_py']
[0.248s] Level 1:colcon.colcon_core.package_identification:_identify(models/mujoco_menagerie/sharpa_wave/assets/right) by extension 'python_setup_py'
[0.248s] Level 1:colcon.colcon_core.package_identification:_identify(models/mujoco_menagerie/sharpa_wave/assets/right/palm) by extensions ['ignore', 'ignore_ament_install']
[0.248s] Level 1:colcon.colcon_core.package_identification:_identify(models/mujoco_menagerie/sharpa_wave/assets/right/palm) by extension 'ignore'
[0.248s] Level 1:colcon.colcon_core.package_identification:_identify(models/mujoco_menagerie/sharpa_wave/assets/right/palm) by extension 'ignore_ament_install'
[0.249s] Level 1:colcon.colcon_core.package_identification:_identify(models/mujoco_menagerie/sharpa_wave/assets/right/palm) by extensions ['colcon_pkg']
[0.249s] Level 1:colcon.colcon_core.package_identification:_identify(models/mujoco_menagerie/sharpa_wave/assets/right/palm) by extension 'colcon_pkg'
[0.249s] Level 1:colcon.colcon_core.package_identification:_identify(models/mujoco_menagerie/sharpa_wave/assets/right/palm) by extensions ['colcon_meta']
[0.249s] Level 1:colcon.colcon_core.package_identification:_identify(models/mujoco_menagerie/sharpa_wave/assets/right/palm) by extension 'colcon_meta'
[0.249s] Level 1:colcon.colcon_core.package_identification:_identify(models/mujoco_menagerie/sharpa_wave/assets/right/palm) by extensions ['ros']
[0.249s] Level 1:colcon.colcon_core.package_identification:_identify(models/mujoco_menagerie/sharpa_wave/assets/right/palm) by extension 'ros'
[0.249s] Level 1:colcon.colcon_core.package_identification:_identify(models/mujoco_menagerie/sharpa_wave/assets/right/palm) by extensions ['cmake', 'python']
[0.249s] Level 1:colcon.colcon_core.package_identification:_identify(models/mujoco_menagerie/sharpa_wave/assets/right/palm) by extension 'cmake'
[0.249s] Level 1:colcon.colcon_core.package_identification:_identify(models/mujoco_menagerie/sharpa_wave/assets/right/palm) by extension 'python'
[0.249s] Level 1:colcon.colcon_core.package_identification:_identify(models/mujoco_menagerie/sharpa_wave/assets/right/palm) by extensions ['python_setup_py']
[0.249s] Level 1:colcon.colcon_core.package_identification:_identify(models/mujoco_menagerie/sharpa_wave/assets/right/palm) by extension 'python_setup_py'
[0.249s] Level 1:colcon.colcon_core.package_identification:_identify(models/mujoco_menagerie/skydio_x2) by extensions ['ignore', 'ignore_ament_install']
[0.249s] Level 1:colcon.colcon_core.package_identification:_identify(models/mujoco_menagerie/skydio_x2) by extension 'ignore'
[0.249s] Level 1:colcon.colcon_core.package_identification:_identify(models/mujoco_menagerie/skydio_x2) by extension 'ignore_ament_install'
[0.249s] Level 1:colcon.colcon_core.package_identification:_identify(models/mujoco_menagerie/skydio_x2) by extensions ['colcon_pkg']
[0.249s] Level 1:colcon.colcon_core.package_identification:_identify(models/mujoco_menagerie/skydio_x2) by extension 'colcon_pkg'
[0.249s] Level 1:colcon.colcon_core.package_identification:_identify(models/mujoco_menagerie/skydio_x2) by extensions ['colcon_meta']
[0.249s] Level 1:colcon.colcon_core.package_identification:_identify(models/mujoco_menagerie/skydio_x2) by extension 'colcon_meta'
[0.249s] Level 1:colcon.colcon_core.package_identification:_identify(models/mujoco_menagerie/skydio_x2) by extensions ['ros']
[0.249s] Level 1:colcon.colcon_core.package_identification:_identify(models/mujoco_menagerie/skydio_x2) by extension 'ros'
[0.249s] Level 1:colcon.colcon_core.package_identification:_identify(models/mujoco_menagerie/skydio_x2) by extensions ['cmake', 'python']
[0.249s] Level 1:colcon.colcon_core.package_identification:_identify(models/mujoco_menagerie/skydio_x2) by extension 'cmake'
[0.249s] Level 1:colcon.colcon_core.package_identification:_identify(models/mujoco_menagerie/skydio_x2) by extension 'python'
[0.249s] Level 1:colcon.colcon_core.package_identification:_identify(models/mujoco_menagerie/skydio_x2) by extensions ['python_setup_py']
[0.249s] Level 1:colcon.colcon_core.package_identification:_identify(models/mujoco_menagerie/skydio_x2) by extension 'python_setup_py'
[0.249s] Level 1:colcon.colcon_core.package_identification:_identify(models/mujoco_menagerie/skydio_x2/assets) by extensions ['ignore', 'ignore_ament_install']
[0.249s] Level 1:colcon.colcon_core.package_identification:_identify(models/mujoco_menagerie/skydio_x2/assets) by extension 'ignore'
[0.249s] Level 1:colcon.colcon_core.package_identification:_identify(models/mujoco_menagerie/skydio_x2/assets) by extension 'ignore_ament_install'
[0.249s] Level 1:colcon.colcon_core.package_identification:_identify(models/mujoco_menagerie/skydio_x2/assets) by extensions ['colcon_pkg']
[0.250s] Level 1:colcon.colcon_core.package_identification:_identify(models/mujoco_menagerie/skydio_x2/assets) by extension 'colcon_pkg'
[0.250s] Level 1:colcon.colcon_core.package_identification:_identify(models/mujoco_menagerie/skydio_x2/assets) by extensions ['colcon_meta']
[0.250s] Level 1:colcon.colcon_core.package_identification:_identify(models/mujoco_menagerie/skydio_x2/assets) by extension 'colcon_meta'
[0.250s] Level 1:colcon.colcon_core.package_identification:_identify(models/mujoco_menagerie/skydio_x2/assets) by extensions ['ros']
[0.250s] Level 1:colcon.colcon_core.package_identification:_identify(models/mujoco_menagerie/skydio_x2/assets) by extension 'ros'
[0.250s] Level 1:colcon.colcon_core.package_identification:_identify(models/mujoco_menagerie/skydio_x2/assets) by extensions ['cmake', 'python']
[0.250s] Level 1:colcon.colcon_core.package_identification:_identify(models/mujoco_menagerie/skydio_x2/assets) by extension 'cmake'
[0.250s] Level 1:colcon.colcon_core.package_identification:_identify(models/mujoco_menagerie/skydio_x2/assets) by extension 'python'
[0.250s] Level 1:colcon.colcon_core.package_identification:_identify(models/mujoco_menagerie/skydio_x2/assets) by extensions ['python_setup_py']
[0.250s] Level 1:colcon.colcon_core.package_identification:_identify(models/mujoco_menagerie/skydio_x2/assets) by extension 'python_setup_py'
[0.250s] Level 1:colcon.colcon_core.package_identification:_identify(models/mujoco_menagerie/stanford_tidybot) by extensions ['ignore', 'ignore_ament_install']
[0.250s] Level 1:colcon.colcon_core.package_identification:_identify(models/mujoco_menagerie/stanford_tidybot) by extension 'ignore'
[0.250s] Level 1:colcon.colcon_core.package_identification:_identify(models/mujoco_menagerie/stanford_tidybot) by extension 'ignore_ament_install'
[0.250s] Level 1:colcon.colcon_core.package_identification:_identify(models/mujoco_menagerie/stanford_tidybot) by extensions ['colcon_pkg']
[0.250s] Level 1:colcon.colcon_core.package_identification:_identify(models/mujoco_menagerie/stanford_tidybot) by extension 'colcon_pkg'
[0.250s] Level 1:colcon.colcon_core.package_identification:_identify(models/mujoco_menagerie/stanford_tidybot) by extensions ['colcon_meta']
[0.250s] Level 1:colcon.colcon_core.package_identification:_identify(models/mujoco_menagerie/stanford_tidybot) by extension 'colcon_meta'
[0.250s] Level 1:colcon.colcon_core.package_identification:_identify(models/mujoco_menagerie/stanford_tidybot) by extensions ['ros']
[0.250s] Level 1:colcon.colcon_core.package_identification:_identify(models/mujoco_menagerie/stanford_tidybot) by extension 'ros'
[0.250s] Level 1:colcon.colcon_core.package_identification:_identify(models/mujoco_menagerie/stanford_tidybot) by extensions ['cmake', 'python']
[0.250s] Level 1:colcon.colcon_core.package_identification:_identify(models/mujoco_menagerie/stanford_tidybot) by extension 'cmake'
[0.250s] Level 1:colcon.colcon_core.package_identification:_identify(models/mujoco_menagerie/stanford_tidybot) by extension 'python'
[0.250s] Level 1:colcon.colcon_core.package_identification:_identify(models/mujoco_menagerie/stanford_tidybot) by extensions ['python_setup_py']
[0.250s] Level 1:colcon.colcon_core.package_identification:_identify(models/mujoco_menagerie/stanford_tidybot) by extension 'python_setup_py'
[0.250s] Level 1:colcon.colcon_core.package_identification:_identify(models/mujoco_menagerie/stanford_tidybot/assets) by extensions ['ignore', 'ignore_ament_install']
[0.250s] Level 1:colcon.colcon_core.package_identification:_identify(models/mujoco_menagerie/stanford_tidybot/assets) by extension 'ignore'
[0.250s] Level 1:colcon.colcon_core.package_identification:_identify(models/mujoco_menagerie/stanford_tidybot/assets) by extension 'ignore_ament_install'
[0.250s] Level 1:colcon.colcon_core.package_identification:_identify(models/mujoco_menagerie/stanford_tidybot/assets) by extensions ['colcon_pkg']
[0.250s] Level 1:colcon.colcon_core.package_identification:_identify(models/mujoco_menagerie/stanford_tidybot/assets) by extension 'colcon_pkg'
[0.250s] Level 1:colcon.colcon_core.package_identification:_identify(models/mujoco_menagerie/stanford_tidybot/assets) by extensions ['colcon_meta']
[0.250s] Level 1:colcon.colcon_core.package_identification:_identify(models/mujoco_menagerie/stanford_tidybot/assets) by extension 'colcon_meta'
[0.251s] Level 1:colcon.colcon_core.package_identification:_identify(models/mujoco_menagerie/stanford_tidybot/assets) by extensions ['ros']
[0.251s] Level 1:colcon.colcon_core.package_identification:_identify(models/mujoco_menagerie/stanford_tidybot/assets) by extension 'ros'
[0.251s] Level 1:colcon.colcon_core.package_identification:_identify(models/mujoco_menagerie/stanford_tidybot/assets) by extensions ['cmake', 'python']
[0.251s] Level 1:colcon.colcon_core.package_identification:_identify(models/mujoco_menagerie/stanford_tidybot/assets) by extension 'cmake'
[0.251s] Level 1:colcon.colcon_core.package_identification:_identify(models/mujoco_menagerie/stanford_tidybot/assets) by extension 'python'
[0.251s] Level 1:colcon.colcon_core.package_identification:_identify(models/mujoco_menagerie/stanford_tidybot/assets) by extensions ['python_setup_py']
[0.251s] Level 1:colcon.colcon_core.package_identification:_identify(models/mujoco_menagerie/stanford_tidybot/assets) by extension 'python_setup_py'
[0.251s] Level 1:colcon.colcon_core.package_identification:_identify(models/mujoco_menagerie/stanford_tidybot/assets/2f85) by extensions ['ignore', 'ignore_ament_install']
[0.251s] Level 1:colcon.colcon_core.package_identification:_identify(models/mujoco_menagerie/stanford_tidybot/assets/2f85) by extension 'ignore'
[0.251s] Level 1:colcon.colcon_core.package_identification:_identify(models/mujoco_menagerie/stanford_tidybot/assets/2f85) by extension 'ignore_ament_install'
[0.251s] Level 1:colcon.colcon_core.package_identification:_identify(models/mujoco_menagerie/stanford_tidybot/assets/2f85) by extensions ['colcon_pkg']
[0.251s] Level 1:colcon.colcon_core.package_identification:_identify(models/mujoco_menagerie/stanford_tidybot/assets/2f85) by extension 'colcon_pkg'
[0.251s] Level 1:colcon.colcon_core.package_identification:_identify(models/mujoco_menagerie/stanford_tidybot/assets/2f85) by extensions ['colcon_meta']
[0.251s] Level 1:colcon.colcon_core.package_identification:_identify(models/mujoco_menagerie/stanford_tidybot/assets/2f85) by extension 'colcon_meta'
[0.251s] Level 1:colcon.colcon_core.package_identification:_identify(models/mujoco_menagerie/stanford_tidybot/assets/2f85) by extensions ['ros']
[0.251s] Level 1:colcon.colcon_core.package_identification:_identify(models/mujoco_menagerie/stanford_tidybot/assets/2f85) by extension 'ros'
[0.251s] Level 1:colcon.colcon_core.package_identification:_identify(models/mujoco_menagerie/stanford_tidybot/assets/2f85) by extensions ['cmake', 'python']
[0.251s] Level 1:colcon.colcon_core.package_identification:_identify(models/mujoco_menagerie/stanford_tidybot/assets/2f85) by extension 'cmake'
[0.251s] Level 1:colcon.colcon_core.package_identification:_identify(models/mujoco_menagerie/stanford_tidybot/assets/2f85) by extension 'python'
[0.251s] Level 1:colcon.colcon_core.package_identification:_identify(models/mujoco_menagerie/stanford_tidybot/assets/2f85) by extensions ['python_setup_py']
[0.251s] Level 1:colcon.colcon_core.package_identification:_identify(models/mujoco_menagerie/stanford_tidybot/assets/2f85) by extension 'python_setup_py'
[0.251s] Level 1:colcon.colcon_core.package_identification:_identify(models/mujoco_menagerie/stanford_tidybot/assets/base) by extensions ['ignore', 'ignore_ament_install']
[0.251s] Level 1:colcon.colcon_core.package_identification:_identify(models/mujoco_menagerie/stanford_tidybot/assets/base) by extension 'ignore'
[0.251s] Level 1:colcon.colcon_core.package_identification:_identify(models/mujoco_menagerie/stanford_tidybot/assets/base) by extension 'ignore_ament_install'
[0.251s] Level 1:colcon.colcon_core.package_identification:_identify(models/mujoco_menagerie/stanford_tidybot/assets/base) by extensions ['colcon_pkg']
[0.251s] Level 1:colcon.colcon_core.package_identification:_identify(models/mujoco_menagerie/stanford_tidybot/assets/base) by extension 'colcon_pkg'
[0.251s] Level 1:colcon.colcon_core.package_identification:_identify(models/mujoco_menagerie/stanford_tidybot/assets/base) by extensions ['colcon_meta']
[0.251s] Level 1:colcon.colcon_core.package_identification:_identify(models/mujoco_menagerie/stanford_tidybot/assets/base) by extension 'colcon_meta'
[0.252s] Level 1:colcon.colcon_core.package_identification:_identify(models/mujoco_menagerie/stanford_tidybot/assets/base) by extensions ['ros']
[0.252s] Level 1:colcon.colcon_core.package_identification:_identify(models/mujoco_menagerie/stanford_tidybot/assets/base) by extension 'ros'
[0.252s] Level 1:colcon.colcon_core.package_identification:_identify(models/mujoco_menagerie/stanford_tidybot/assets/base) by extensions ['cmake', 'python']
[0.252s] Level 1:colcon.colcon_core.package_identification:_identify(models/mujoco_menagerie/stanford_tidybot/assets/base) by extension 'cmake'
[0.252s] Level 1:colcon.colcon_core.package_identification:_identify(models/mujoco_menagerie/stanford_tidybot/assets/base) by extension 'python'
[0.252s] Level 1:colcon.colcon_core.package_identification:_identify(models/mujoco_menagerie/stanford_tidybot/assets/base) by extensions ['python_setup_py']
[0.252s] Level 1:colcon.colcon_core.package_identification:_identify(models/mujoco_menagerie/stanford_tidybot/assets/base) by extension 'python_setup_py'
[0.252s] Level 1:colcon.colcon_core.package_identification:_identify(models/mujoco_menagerie/stanford_tidybot/assets/gen3) by extensions ['ignore', 'ignore_ament_install']
[0.252s] Level 1:colcon.colcon_core.package_identification:_identify(models/mujoco_menagerie/stanford_tidybot/assets/gen3) by extension 'ignore'
[0.252s] Level 1:colcon.colcon_core.package_identification:_identify(models/mujoco_menagerie/stanford_tidybot/assets/gen3) by extension 'ignore_ament_install'
[0.252s] Level 1:colcon.colcon_core.package_identification:_identify(models/mujoco_menagerie/stanford_tidybot/assets/gen3) by extensions ['colcon_pkg']
[0.252s] Level 1:colcon.colcon_core.package_identification:_identify(models/mujoco_menagerie/stanford_tidybot/assets/gen3) by extension 'colcon_pkg'
[0.252s] Level 1:colcon.colcon_core.package_identification:_identify(models/mujoco_menagerie/stanford_tidybot/assets/gen3) by extensions ['colcon_meta']
[0.252s] Level 1:colcon.colcon_core.package_identification:_identify(models/mujoco_menagerie/stanford_tidybot/assets/gen3) by extension 'colcon_meta'
[0.252s] Level 1:colcon.colcon_core.package_identification:_identify(models/mujoco_menagerie/stanford_tidybot/assets/gen3) by extensions ['ros']
[0.252s] Level 1:colcon.colcon_core.package_identification:_identify(models/mujoco_menagerie/stanford_tidybot/assets/gen3) by extension 'ros'
[0.252s] Level 1:colcon.colcon_core.package_identification:_identify(models/mujoco_menagerie/stanford_tidybot/assets/gen3) by extensions ['cmake', 'python']
[0.252s] Level 1:colcon.colcon_core.package_identification:_identify(models/mujoco_menagerie/stanford_tidybot/assets/gen3) by extension 'cmake'
[0.252s] Level 1:colcon.colcon_core.package_identification:_identify(models/mujoco_menagerie/stanford_tidybot/assets/gen3) by extension 'python'
[0.252s] Level 1:colcon.colcon_core.package_identification:_identify(models/mujoco_menagerie/stanford_tidybot/assets/gen3) by extensions ['python_setup_py']
[0.252s] Level 1:colcon.colcon_core.package_identification:_identify(models/mujoco_menagerie/stanford_tidybot/assets/gen3) by extension 'python_setup_py'
[0.252s] Level 1:colcon.colcon_core.package_identification:_identify(models/mujoco_menagerie/test) by extensions ['ignore', 'ignore_ament_install']
[0.252s] Level 1:colcon.colcon_core.package_identification:_identify(models/mujoco_menagerie/test) by extension 'ignore'
[0.252s] Level 1:colcon.colcon_core.package_identification:_identify(models/mujoco_menagerie/test) by extension 'ignore_ament_install'
[0.252s] Level 1:colcon.colcon_core.package_identification:_identify(models/mujoco_menagerie/test) by extensions ['colcon_pkg']
[0.252s] Level 1:colcon.colcon_core.package_identification:_identify(models/mujoco_menagerie/test) by extension 'colcon_pkg'
[0.252s] Level 1:colcon.colcon_core.package_identification:_identify(models/mujoco_menagerie/test) by extensions ['colcon_meta']
[0.252s] Level 1:colcon.colcon_core.package_identification:_identify(models/mujoco_menagerie/test) by extension 'colcon_meta'
[0.252s] Level 1:colcon.colcon_core.package_identification:_identify(models/mujoco_menagerie/test) by extensions ['ros']
[0.253s] Level 1:colcon.colcon_core.package_identification:_identify(models/mujoco_menagerie/test) by extension 'ros'
[0.253s] Level 1:colcon.colcon_core.package_identification:_identify(models/mujoco_menagerie/test) by extensions ['cmake', 'python']
[0.253s] Level 1:colcon.colcon_core.package_identification:_identify(models/mujoco_menagerie/test) by extension 'cmake'
[0.253s] Level 1:colcon.colcon_core.package_identification:_identify(models/mujoco_menagerie/test) by extension 'python'
[0.253s] Level 1:colcon.colcon_core.package_identification:_identify(models/mujoco_menagerie/test) by extensions ['python_setup_py']
[0.253s] Level 1:colcon.colcon_core.package_identification:_identify(models/mujoco_menagerie/test) by extension 'python_setup_py'
[0.253s] Level 1:colcon.colcon_core.package_identification:_identify(models/mujoco_menagerie/tetheria_aero_hand_open) by extensions ['ignore', 'ignore_ament_install']
[0.253s] Level 1:colcon.colcon_core.package_identification:_identify(models/mujoco_menagerie/tetheria_aero_hand_open) by extension 'ignore'
[0.253s] Level 1:colcon.colcon_core.package_identification:_identify(models/mujoco_menagerie/tetheria_aero_hand_open) by extension 'ignore_ament_install'
[0.253s] Level 1:colcon.colcon_core.package_identification:_identify(models/mujoco_menagerie/tetheria_aero_hand_open) by extensions ['colcon_pkg']
[0.253s] Level 1:colcon.colcon_core.package_identification:_identify(models/mujoco_menagerie/tetheria_aero_hand_open) by extension 'colcon_pkg'
[0.253s] Level 1:colcon.colcon_core.package_identification:_identify(models/mujoco_menagerie/tetheria_aero_hand_open) by extensions ['colcon_meta']
[0.253s] Level 1:colcon.colcon_core.package_identification:_identify(models/mujoco_menagerie/tetheria_aero_hand_open) by extension 'colcon_meta'
[0.253s] Level 1:colcon.colcon_core.package_identification:_identify(models/mujoco_menagerie/tetheria_aero_hand_open) by extensions ['ros']
[0.253s] Level 1:colcon.colcon_core.package_identification:_identify(models/mujoco_menagerie/tetheria_aero_hand_open) by extension 'ros'
[0.253s] Level 1:colcon.colcon_core.package_identification:_identify(models/mujoco_menagerie/tetheria_aero_hand_open) by extensions ['cmake', 'python']
[0.253s] Level 1:colcon.colcon_core.package_identification:_identify(models/mujoco_menagerie/tetheria_aero_hand_open) by extension 'cmake'
[0.253s] Level 1:colcon.colcon_core.package_identification:_identify(models/mujoco_menagerie/tetheria_aero_hand_open) by extension 'python'
[0.253s] Level 1:colcon.colcon_core.package_identification:_identify(models/mujoco_menagerie/tetheria_aero_hand_open) by extensions ['python_setup_py']
[0.253s] Level 1:colcon.colcon_core.package_identification:_identify(models/mujoco_menagerie/tetheria_aero_hand_open) by extension 'python_setup_py'
[0.253s] Level 1:colcon.colcon_core.package_identification:_identify(models/mujoco_menagerie/tetheria_aero_hand_open/assets) by extensions ['ignore', 'ignore_ament_install']
[0.253s] Level 1:colcon.colcon_core.package_identification:_identify(models/mujoco_menagerie/tetheria_aero_hand_open/assets) by extension 'ignore'
[0.253s] Level 1:colcon.colcon_core.package_identification:_identify(models/mujoco_menagerie/tetheria_aero_hand_open/assets) by extension 'ignore_ament_install'
[0.253s] Level 1:colcon.colcon_core.package_identification:_identify(models/mujoco_menagerie/tetheria_aero_hand_open/assets) by extensions ['colcon_pkg']
[0.254s] Level 1:colcon.colcon_core.package_identification:_identify(models/mujoco_menagerie/tetheria_aero_hand_open/assets) by extension 'colcon_pkg'
[0.254s] Level 1:colcon.colcon_core.package_identification:_identify(models/mujoco_menagerie/tetheria_aero_hand_open/assets) by extensions ['colcon_meta']
[0.254s] Level 1:colcon.colcon_core.package_identification:_identify(models/mujoco_menagerie/tetheria_aero_hand_open/assets) by extension 'colcon_meta'
[0.254s] Level 1:colcon.colcon_core.package_identification:_identify(models/mujoco_menagerie/tetheria_aero_hand_open/assets) by extensions ['ros']
[0.254s] Level 1:colcon.colcon_core.package_identification:_identify(models/mujoco_menagerie/tetheria_aero_hand_open/assets) by extension 'ros'
[0.254s] Level 1:colcon.colcon_core.package_identification:_identify(models/mujoco_menagerie/tetheria_aero_hand_open/assets) by extensions ['cmake', 'python']
[0.254s] Level 1:colcon.colcon_core.package_identification:_identify(models/mujoco_menagerie/tetheria_aero_hand_open/assets) by extension 'cmake'
[0.254s] Level 1:colcon.colcon_core.package_identification:_identify(models/mujoco_menagerie/tetheria_aero_hand_open/assets) by extension 'python'
[0.254s] Level 1:colcon.colcon_core.package_identification:_identify(models/mujoco_menagerie/tetheria_aero_hand_open/assets) by extensions ['python_setup_py']
[0.254s] Level 1:colcon.colcon_core.package_identification:_identify(models/mujoco_menagerie/tetheria_aero_hand_open/assets) by extension 'python_setup_py'
[0.254s] Level 1:colcon.colcon_core.package_identification:_identify(models/mujoco_menagerie/toddlerbot_2xc) by extensions ['ignore', 'ignore_ament_install']
[0.254s] Level 1:colcon.colcon_core.package_identification:_identify(models/mujoco_menagerie/toddlerbot_2xc) by extension 'ignore'
[0.254s] Level 1:colcon.colcon_core.package_identification:_identify(models/mujoco_menagerie/toddlerbot_2xc) by extension 'ignore_ament_install'
[0.254s] Level 1:colcon.colcon_core.package_identification:_identify(models/mujoco_menagerie/toddlerbot_2xc) by extensions ['colcon_pkg']
[0.254s] Level 1:colcon.colcon_core.package_identification:_identify(models/mujoco_menagerie/toddlerbot_2xc) by extension 'colcon_pkg'
[0.254s] Level 1:colcon.colcon_core.package_identification:_identify(models/mujoco_menagerie/toddlerbot_2xc) by extensions ['colcon_meta']
[0.254s] Level 1:colcon.colcon_core.package_identification:_identify(models/mujoco_menagerie/toddlerbot_2xc) by extension 'colcon_meta'
[0.254s] Level 1:colcon.colcon_core.package_identification:_identify(models/mujoco_menagerie/toddlerbot_2xc) by extensions ['ros']
[0.254s] Level 1:colcon.colcon_core.package_identification:_identify(models/mujoco_menagerie/toddlerbot_2xc) by extension 'ros'
[0.254s] Level 1:colcon.colcon_core.package_identification:_identify(models/mujoco_menagerie/toddlerbot_2xc) by extensions ['cmake', 'python']
[0.254s] Level 1:colcon.colcon_core.package_identification:_identify(models/mujoco_menagerie/toddlerbot_2xc) by extension 'cmake'
[0.254s] Level 1:colcon.colcon_core.package_identification:_identify(models/mujoco_menagerie/toddlerbot_2xc) by extension 'python'
[0.254s] Level 1:colcon.colcon_core.package_identification:_identify(models/mujoco_menagerie/toddlerbot_2xc) by extensions ['python_setup_py']
[0.254s] Level 1:colcon.colcon_core.package_identification:_identify(models/mujoco_menagerie/toddlerbot_2xc) by extension 'python_setup_py'
[0.254s] Level 1:colcon.colcon_core.package_identification:_identify(models/mujoco_menagerie/toddlerbot_2xc/assets) by extensions ['ignore', 'ignore_ament_install']
[0.254s] Level 1:colcon.colcon_core.package_identification:_identify(models/mujoco_menagerie/toddlerbot_2xc/assets) by extension 'ignore'
[0.254s] Level 1:colcon.colcon_core.package_identification:_identify(models/mujoco_menagerie/toddlerbot_2xc/assets) by extension 'ignore_ament_install'
[0.255s] Level 1:colcon.colcon_core.package_identification:_identify(models/mujoco_menagerie/toddlerbot_2xc/assets) by extensions ['colcon_pkg']
[0.255s] Level 1:colcon.colcon_core.package_identification:_identify(models/mujoco_menagerie/toddlerbot_2xc/assets) by extension 'colcon_pkg'
[0.255s] Level 1:colcon.colcon_core.package_identification:_identify(models/mujoco_menagerie/toddlerbot_2xc/assets) by extensions ['colcon_meta']
[0.255s] Level 1:colcon.colcon_core.package_identification:_identify(models/mujoco_menagerie/toddlerbot_2xc/assets) by extension 'colcon_meta'
[0.255s] Level 1:colcon.colcon_core.package_identification:_identify(models/mujoco_menagerie/toddlerbot_2xc/assets) by extensions ['ros']
[0.255s] Level 1:colcon.colcon_core.package_identification:_identify(models/mujoco_menagerie/toddlerbot_2xc/assets) by extension 'ros'
[0.255s] Level 1:colcon.colcon_core.package_identification:_identify(models/mujoco_menagerie/toddlerbot_2xc/assets) by extensions ['cmake', 'python']
[0.255s] Level 1:colcon.colcon_core.package_identification:_identify(models/mujoco_menagerie/toddlerbot_2xc/assets) by extension 'cmake'
[0.255s] Level 1:colcon.colcon_core.package_identification:_identify(models/mujoco_menagerie/toddlerbot_2xc/assets) by extension 'python'
[0.255s] Level 1:colcon.colcon_core.package_identification:_identify(models/mujoco_menagerie/toddlerbot_2xc/assets) by extensions ['python_setup_py']
[0.255s] Level 1:colcon.colcon_core.package_identification:_identify(models/mujoco_menagerie/toddlerbot_2xc/assets) by extension 'python_setup_py'
[0.255s] Level 1:colcon.colcon_core.package_identification:_identify(models/mujoco_menagerie/toddlerbot_2xm) by extensions ['ignore', 'ignore_ament_install']
[0.255s] Level 1:colcon.colcon_core.package_identification:_identify(models/mujoco_menagerie/toddlerbot_2xm) by extension 'ignore'
[0.255s] Level 1:colcon.colcon_core.package_identification:_identify(models/mujoco_menagerie/toddlerbot_2xm) by extension 'ignore_ament_install'
[0.255s] Level 1:colcon.colcon_core.package_identification:_identify(models/mujoco_menagerie/toddlerbot_2xm) by extensions ['colcon_pkg']
[0.255s] Level 1:colcon.colcon_core.package_identification:_identify(models/mujoco_menagerie/toddlerbot_2xm) by extension 'colcon_pkg'
[0.255s] Level 1:colcon.colcon_core.package_identification:_identify(models/mujoco_menagerie/toddlerbot_2xm) by extensions ['colcon_meta']
[0.255s] Level 1:colcon.colcon_core.package_identification:_identify(models/mujoco_menagerie/toddlerbot_2xm) by extension 'colcon_meta'
[0.255s] Level 1:colcon.colcon_core.package_identification:_identify(models/mujoco_menagerie/toddlerbot_2xm) by extensions ['ros']
[0.255s] Level 1:colcon.colcon_core.package_identification:_identify(models/mujoco_menagerie/toddlerbot_2xm) by extension 'ros'
[0.255s] Level 1:colcon.colcon_core.package_identification:_identify(models/mujoco_menagerie/toddlerbot_2xm) by extensions ['cmake', 'python']
[0.255s] Level 1:colcon.colcon_core.package_identification:_identify(models/mujoco_menagerie/toddlerbot_2xm) by extension 'cmake'
[0.255s] Level 1:colcon.colcon_core.package_identification:_identify(models/mujoco_menagerie/toddlerbot_2xm) by extension 'python'
[0.255s] Level 1:colcon.colcon_core.package_identification:_identify(models/mujoco_menagerie/toddlerbot_2xm) by extensions ['python_setup_py']
[0.255s] Level 1:colcon.colcon_core.package_identification:_identify(models/mujoco_menagerie/toddlerbot_2xm) by extension 'python_setup_py'
[0.255s] Level 1:colcon.colcon_core.package_identification:_identify(models/mujoco_menagerie/toddlerbot_2xm/assets) by extensions ['ignore', 'ignore_ament_install']
[0.255s] Level 1:colcon.colcon_core.package_identification:_identify(models/mujoco_menagerie/toddlerbot_2xm/assets) by extension 'ignore'
[0.255s] Level 1:colcon.colcon_core.package_identification:_identify(models/mujoco_menagerie/toddlerbot_2xm/assets) by extension 'ignore_ament_install'
[0.256s] Level 1:colcon.colcon_core.package_identification:_identify(models/mujoco_menagerie/toddlerbot_2xm/assets) by extensions ['colcon_pkg']
[0.256s] Level 1:colcon.colcon_core.package_identification:_identify(models/mujoco_menagerie/toddlerbot_2xm/assets) by extension 'colcon_pkg'
[0.256s] Level 1:colcon.colcon_core.package_identification:_identify(models/mujoco_menagerie/toddlerbot_2xm/assets) by extensions ['colcon_meta']
[0.256s] Level 1:colcon.colcon_core.package_identification:_identify(models/mujoco_menagerie/toddlerbot_2xm/assets) by extension 'colcon_meta'
[0.256s] Level 1:colcon.colcon_core.package_identification:_identify(models/mujoco_menagerie/toddlerbot_2xm/assets) by extensions ['ros']
[0.256s] Level 1:colcon.colcon_core.package_identification:_identify(models/mujoco_menagerie/toddlerbot_2xm/assets) by extension 'ros'
[0.256s] Level 1:colcon.colcon_core.package_identification:_identify(models/mujoco_menagerie/toddlerbot_2xm/assets) by extensions ['cmake', 'python']
[0.256s] Level 1:colcon.colcon_core.package_identification:_identify(models/mujoco_menagerie/toddlerbot_2xm/assets) by extension 'cmake'
[0.256s] Level 1:colcon.colcon_core.package_identification:_identify(models/mujoco_menagerie/toddlerbot_2xm/assets) by extension 'python'
[0.256s] Level 1:colcon.colcon_core.package_identification:_identify(models/mujoco_menagerie/toddlerbot_2xm/assets) by extensions ['python_setup_py']
[0.256s] Level 1:colcon.colcon_core.package_identification:_identify(models/mujoco_menagerie/toddlerbot_2xm/assets) by extension 'python_setup_py'
[0.256s] Level 1:colcon.colcon_core.package_identification:_identify(models/mujoco_menagerie/trossen_vx300s) by extensions ['ignore', 'ignore_ament_install']
[0.256s] Level 1:colcon.colcon_core.package_identification:_identify(models/mujoco_menagerie/trossen_vx300s) by extension 'ignore'
[0.256s] Level 1:colcon.colcon_core.package_identification:_identify(models/mujoco_menagerie/trossen_vx300s) by extension 'ignore_ament_install'
[0.256s] Level 1:colcon.colcon_core.package_identification:_identify(models/mujoco_menagerie/trossen_vx300s) by extensions ['colcon_pkg']
[0.256s] Level 1:colcon.colcon_core.package_identification:_identify(models/mujoco_menagerie/trossen_vx300s) by extension 'colcon_pkg'
[0.256s] Level 1:colcon.colcon_core.package_identification:_identify(models/mujoco_menagerie/trossen_vx300s) by extensions ['colcon_meta']
[0.256s] Level 1:colcon.colcon_core.package_identification:_identify(models/mujoco_menagerie/trossen_vx300s) by extension 'colcon_meta'
[0.256s] Level 1:colcon.colcon_core.package_identification:_identify(models/mujoco_menagerie/trossen_vx300s) by extensions ['ros']
[0.256s] Level 1:colcon.colcon_core.package_identification:_identify(models/mujoco_menagerie/trossen_vx300s) by extension 'ros'
[0.256s] Level 1:colcon.colcon_core.package_identification:_identify(models/mujoco_menagerie/trossen_vx300s) by extensions ['cmake', 'python']
[0.256s] Level 1:colcon.colcon_core.package_identification:_identify(models/mujoco_menagerie/trossen_vx300s) by extension 'cmake'
[0.256s] Level 1:colcon.colcon_core.package_identification:_identify(models/mujoco_menagerie/trossen_vx300s) by extension 'python'
[0.256s] Level 1:colcon.colcon_core.package_identification:_identify(models/mujoco_menagerie/trossen_vx300s) by extensions ['python_setup_py']
[0.256s] Level 1:colcon.colcon_core.package_identification:_identify(models/mujoco_menagerie/trossen_vx300s) by extension 'python_setup_py'
[0.256s] Level 1:colcon.colcon_core.package_identification:_identify(models/mujoco_menagerie/trossen_vx300s/assets) by extensions ['ignore', 'ignore_ament_install']
[0.256s] Level 1:colcon.colcon_core.package_identification:_identify(models/mujoco_menagerie/trossen_vx300s/assets) by extension 'ignore'
[0.256s] Level 1:colcon.colcon_core.package_identification:_identify(models/mujoco_menagerie/trossen_vx300s/assets) by extension 'ignore_ament_install'
[0.256s] Level 1:colcon.colcon_core.package_identification:_identify(models/mujoco_menagerie/trossen_vx300s/assets) by extensions ['colcon_pkg']
[0.256s] Level 1:colcon.colcon_core.package_identification:_identify(models/mujoco_menagerie/trossen_vx300s/assets) by extension 'colcon_pkg'
[0.257s] Level 1:colcon.colcon_core.package_identification:_identify(models/mujoco_menagerie/trossen_vx300s/assets) by extensions ['colcon_meta']
[0.257s] Level 1:colcon.colcon_core.package_identification:_identify(models/mujoco_menagerie/trossen_vx300s/assets) by extension 'colcon_meta'
[0.257s] Level 1:colcon.colcon_core.package_identification:_identify(models/mujoco_menagerie/trossen_vx300s/assets) by extensions ['ros']
[0.257s] Level 1:colcon.colcon_core.package_identification:_identify(models/mujoco_menagerie/trossen_vx300s/assets) by extension 'ros'
[0.257s] Level 1:colcon.colcon_core.package_identification:_identify(models/mujoco_menagerie/trossen_vx300s/assets) by extensions ['cmake', 'python']
[0.257s] Level 1:colcon.colcon_core.package_identification:_identify(models/mujoco_menagerie/trossen_vx300s/assets) by extension 'cmake'
[0.257s] Level 1:colcon.colcon_core.package_identification:_identify(models/mujoco_menagerie/trossen_vx300s/assets) by extension 'python'
[0.257s] Level 1:colcon.colcon_core.package_identification:_identify(models/mujoco_menagerie/trossen_vx300s/assets) by extensions ['python_setup_py']
[0.257s] Level 1:colcon.colcon_core.package_identification:_identify(models/mujoco_menagerie/trossen_vx300s/assets) by extension 'python_setup_py'
[0.257s] Level 1:colcon.colcon_core.package_identification:_identify(models/mujoco_menagerie/trossen_wx250s) by extensions ['ignore', 'ignore_ament_install']
[0.257s] Level 1:colcon.colcon_core.package_identification:_identify(models/mujoco_menagerie/trossen_wx250s) by extension 'ignore'
[0.257s] Level 1:colcon.colcon_core.package_identification:_identify(models/mujoco_menagerie/trossen_wx250s) by extension 'ignore_ament_install'
[0.257s] Level 1:colcon.colcon_core.package_identification:_identify(models/mujoco_menagerie/trossen_wx250s) by extensions ['colcon_pkg']
[0.257s] Level 1:colcon.colcon_core.package_identification:_identify(models/mujoco_menagerie/trossen_wx250s) by extension 'colcon_pkg'
[0.257s] Level 1:colcon.colcon_core.package_identification:_identify(models/mujoco_menagerie/trossen_wx250s) by extensions ['colcon_meta']
[0.257s] Level 1:colcon.colcon_core.package_identification:_identify(models/mujoco_menagerie/trossen_wx250s) by extension 'colcon_meta'
[0.257s] Level 1:colcon.colcon_core.package_identification:_identify(models/mujoco_menagerie/trossen_wx250s) by extensions ['ros']
[0.257s] Level 1:colcon.colcon_core.package_identification:_identify(models/mujoco_menagerie/trossen_wx250s) by extension 'ros'
[0.257s] Level 1:colcon.colcon_core.package_identification:_identify(models/mujoco_menagerie/trossen_wx250s) by extensions ['cmake', 'python']
[0.257s] Level 1:colcon.colcon_core.package_identification:_identify(models/mujoco_menagerie/trossen_wx250s) by extension 'cmake'
[0.257s] Level 1:colcon.colcon_core.package_identification:_identify(models/mujoco_menagerie/trossen_wx250s) by extension 'python'
[0.257s] Level 1:colcon.colcon_core.package_identification:_identify(models/mujoco_menagerie/trossen_wx250s) by extensions ['python_setup_py']
[0.257s] Level 1:colcon.colcon_core.package_identification:_identify(models/mujoco_menagerie/trossen_wx250s) by extension 'python_setup_py'
[0.257s] Level 1:colcon.colcon_core.package_identification:_identify(models/mujoco_menagerie/trossen_wx250s/assets) by extensions ['ignore', 'ignore_ament_install']
[0.257s] Level 1:colcon.colcon_core.package_identification:_identify(models/mujoco_menagerie/trossen_wx250s/assets) by extension 'ignore'
[0.257s] Level 1:colcon.colcon_core.package_identification:_identify(models/mujoco_menagerie/trossen_wx250s/assets) by extension 'ignore_ament_install'
[0.257s] Level 1:colcon.colcon_core.package_identification:_identify(models/mujoco_menagerie/trossen_wx250s/assets) by extensions ['colcon_pkg']
[0.257s] Level 1:colcon.colcon_core.package_identification:_identify(models/mujoco_menagerie/trossen_wx250s/assets) by extension 'colcon_pkg'
[0.257s] Level 1:colcon.colcon_core.package_identification:_identify(models/mujoco_menagerie/trossen_wx250s/assets) by extensions ['colcon_meta']
[0.257s] Level 1:colcon.colcon_core.package_identification:_identify(models/mujoco_menagerie/trossen_wx250s/assets) by extension 'colcon_meta'
[0.257s] Level 1:colcon.colcon_core.package_identification:_identify(models/mujoco_menagerie/trossen_wx250s/assets) by extensions ['ros']
[0.258s] Level 1:colcon.colcon_core.package_identification:_identify(models/mujoco_menagerie/trossen_wx250s/assets) by extension 'ros'
[0.258s] Level 1:colcon.colcon_core.package_identification:_identify(models/mujoco_menagerie/trossen_wx250s/assets) by extensions ['cmake', 'python']
[0.258s] Level 1:colcon.colcon_core.package_identification:_identify(models/mujoco_menagerie/trossen_wx250s/assets) by extension 'cmake'
[0.258s] Level 1:colcon.colcon_core.package_identification:_identify(models/mujoco_menagerie/trossen_wx250s/assets) by extension 'python'
[0.258s] Level 1:colcon.colcon_core.package_identification:_identify(models/mujoco_menagerie/trossen_wx250s/assets) by extensions ['python_setup_py']
[0.258s] Level 1:colcon.colcon_core.package_identification:_identify(models/mujoco_menagerie/trossen_wx250s/assets) by extension 'python_setup_py'
[0.258s] Level 1:colcon.colcon_core.package_identification:_identify(models/mujoco_menagerie/trossen_wxai) by extensions ['ignore', 'ignore_ament_install']
[0.258s] Level 1:colcon.colcon_core.package_identification:_identify(models/mujoco_menagerie/trossen_wxai) by extension 'ignore'
[0.258s] Level 1:colcon.colcon_core.package_identification:_identify(models/mujoco_menagerie/trossen_wxai) by extension 'ignore_ament_install'
[0.258s] Level 1:colcon.colcon_core.package_identification:_identify(models/mujoco_menagerie/trossen_wxai) by extensions ['colcon_pkg']
[0.258s] Level 1:colcon.colcon_core.package_identification:_identify(models/mujoco_menagerie/trossen_wxai) by extension 'colcon_pkg'
[0.258s] Level 1:colcon.colcon_core.package_identification:_identify(models/mujoco_menagerie/trossen_wxai) by extensions ['colcon_meta']
[0.258s] Level 1:colcon.colcon_core.package_identification:_identify(models/mujoco_menagerie/trossen_wxai) by extension 'colcon_meta'
[0.258s] Level 1:colcon.colcon_core.package_identification:_identify(models/mujoco_menagerie/trossen_wxai) by extensions ['ros']
[0.258s] Level 1:colcon.colcon_core.package_identification:_identify(models/mujoco_menagerie/trossen_wxai) by extension 'ros'
[0.258s] Level 1:colcon.colcon_core.package_identification:_identify(models/mujoco_menagerie/trossen_wxai) by extensions ['cmake', 'python']
[0.258s] Level 1:colcon.colcon_core.package_identification:_identify(models/mujoco_menagerie/trossen_wxai) by extension 'cmake'
[0.258s] Level 1:colcon.colcon_core.package_identification:_identify(models/mujoco_menagerie/trossen_wxai) by extension 'python'
[0.258s] Level 1:colcon.colcon_core.package_identification:_identify(models/mujoco_menagerie/trossen_wxai) by extensions ['python_setup_py']
[0.258s] Level 1:colcon.colcon_core.package_identification:_identify(models/mujoco_menagerie/trossen_wxai) by extension 'python_setup_py'
[0.258s] Level 1:colcon.colcon_core.package_identification:_identify(models/mujoco_menagerie/trossen_wxai/assets) by extensions ['ignore', 'ignore_ament_install']
[0.258s] Level 1:colcon.colcon_core.package_identification:_identify(models/mujoco_menagerie/trossen_wxai/assets) by extension 'ignore'
[0.258s] Level 1:colcon.colcon_core.package_identification:_identify(models/mujoco_menagerie/trossen_wxai/assets) by extension 'ignore_ament_install'
[0.258s] Level 1:colcon.colcon_core.package_identification:_identify(models/mujoco_menagerie/trossen_wxai/assets) by extensions ['colcon_pkg']
[0.258s] Level 1:colcon.colcon_core.package_identification:_identify(models/mujoco_menagerie/trossen_wxai/assets) by extension 'colcon_pkg'
[0.258s] Level 1:colcon.colcon_core.package_identification:_identify(models/mujoco_menagerie/trossen_wxai/assets) by extensions ['colcon_meta']
[0.258s] Level 1:colcon.colcon_core.package_identification:_identify(models/mujoco_menagerie/trossen_wxai/assets) by extension 'colcon_meta'
[0.258s] Level 1:colcon.colcon_core.package_identification:_identify(models/mujoco_menagerie/trossen_wxai/assets) by extensions ['ros']
[0.258s] Level 1:colcon.colcon_core.package_identification:_identify(models/mujoco_menagerie/trossen_wxai/assets) by extension 'ros'
[0.259s] Level 1:colcon.colcon_core.package_identification:_identify(models/mujoco_menagerie/trossen_wxai/assets) by extensions ['cmake', 'python']
[0.259s] Level 1:colcon.colcon_core.package_identification:_identify(models/mujoco_menagerie/trossen_wxai/assets) by extension 'cmake'
[0.259s] Level 1:colcon.colcon_core.package_identification:_identify(models/mujoco_menagerie/trossen_wxai/assets) by extension 'python'
[0.259s] Level 1:colcon.colcon_core.package_identification:_identify(models/mujoco_menagerie/trossen_wxai/assets) by extensions ['python_setup_py']
[0.259s] Level 1:colcon.colcon_core.package_identification:_identify(models/mujoco_menagerie/trossen_wxai/assets) by extension 'python_setup_py'
[0.259s] Level 1:colcon.colcon_core.package_identification:_identify(models/mujoco_menagerie/trossen_wxai/assets/materials) by extensions ['ignore', 'ignore_ament_install']
[0.259s] Level 1:colcon.colcon_core.package_identification:_identify(models/mujoco_menagerie/trossen_wxai/assets/materials) by extension 'ignore'
[0.259s] Level 1:colcon.colcon_core.package_identification:_identify(models/mujoco_menagerie/trossen_wxai/assets/materials) by extension 'ignore_ament_install'
[0.259s] Level 1:colcon.colcon_core.package_identification:_identify(models/mujoco_menagerie/trossen_wxai/assets/materials) by extensions ['colcon_pkg']
[0.259s] Level 1:colcon.colcon_core.package_identification:_identify(models/mujoco_menagerie/trossen_wxai/assets/materials) by extension 'colcon_pkg'
[0.259s] Level 1:colcon.colcon_core.package_identification:_identify(models/mujoco_menagerie/trossen_wxai/assets/materials) by extensions ['colcon_meta']
[0.259s] Level 1:colcon.colcon_core.package_identification:_identify(models/mujoco_menagerie/trossen_wxai/assets/materials) by extension 'colcon_meta'
[0.259s] Level 1:colcon.colcon_core.package_identification:_identify(models/mujoco_menagerie/trossen_wxai/assets/materials) by extensions ['ros']
[0.259s] Level 1:colcon.colcon_core.package_identification:_identify(models/mujoco_menagerie/trossen_wxai/assets/materials) by extension 'ros'
[0.259s] Level 1:colcon.colcon_core.package_identification:_identify(models/mujoco_menagerie/trossen_wxai/assets/materials) by extensions ['cmake', 'python']
[0.259s] Level 1:colcon.colcon_core.package_identification:_identify(models/mujoco_menagerie/trossen_wxai/assets/materials) by extension 'cmake'
[0.259s] Level 1:colcon.colcon_core.package_identification:_identify(models/mujoco_menagerie/trossen_wxai/assets/materials) by extension 'python'
[0.259s] Level 1:colcon.colcon_core.package_identification:_identify(models/mujoco_menagerie/trossen_wxai/assets/materials) by extensions ['python_setup_py']
[0.259s] Level 1:colcon.colcon_core.package_identification:_identify(models/mujoco_menagerie/trossen_wxai/assets/materials) by extension 'python_setup_py'
[0.259s] Level 1:colcon.colcon_core.package_identification:_identify(models/mujoco_menagerie/trossen_wxai/assets/materials/1k_textures) by extensions ['ignore', 'ignore_ament_install']
[0.259s] Level 1:colcon.colcon_core.package_identification:_identify(models/mujoco_menagerie/trossen_wxai/assets/materials/1k_textures) by extension 'ignore'
[0.259s] Level 1:colcon.colcon_core.package_identification:_identify(models/mujoco_menagerie/trossen_wxai/assets/materials/1k_textures) by extension 'ignore_ament_install'
[0.259s] Level 1:colcon.colcon_core.package_identification:_identify(models/mujoco_menagerie/trossen_wxai/assets/materials/1k_textures) by extensions ['colcon_pkg']
[0.259s] Level 1:colcon.colcon_core.package_identification:_identify(models/mujoco_menagerie/trossen_wxai/assets/materials/1k_textures) by extension 'colcon_pkg'
[0.259s] Level 1:colcon.colcon_core.package_identification:_identify(models/mujoco_menagerie/trossen_wxai/assets/materials/1k_textures) by extensions ['colcon_meta']
[0.259s] Level 1:colcon.colcon_core.package_identification:_identify(models/mujoco_menagerie/trossen_wxai/assets/materials/1k_textures) by extension 'colcon_meta'
[0.259s] Level 1:colcon.colcon_core.package_identification:_identify(models/mujoco_menagerie/trossen_wxai/assets/materials/1k_textures) by extensions ['ros']
[0.260s] Level 1:colcon.colcon_core.package_identification:_identify(models/mujoco_menagerie/trossen_wxai/assets/materials/1k_textures) by extension 'ros'
[0.260s] Level 1:colcon.colcon_core.package_identification:_identify(models/mujoco_menagerie/trossen_wxai/assets/materials/1k_textures) by extensions ['cmake', 'python']
[0.260s] Level 1:colcon.colcon_core.package_identification:_identify(models/mujoco_menagerie/trossen_wxai/assets/materials/1k_textures) by extension 'cmake'
[0.260s] Level 1:colcon.colcon_core.package_identification:_identify(models/mujoco_menagerie/trossen_wxai/assets/materials/1k_textures) by extension 'python'
[0.260s] Level 1:colcon.colcon_core.package_identification:_identify(models/mujoco_menagerie/trossen_wxai/assets/materials/1k_textures) by extensions ['python_setup_py']
[0.260s] Level 1:colcon.colcon_core.package_identification:_identify(models/mujoco_menagerie/trossen_wxai/assets/materials/1k_textures) by extension 'python_setup_py'
[0.260s] Level 1:colcon.colcon_core.package_identification:_identify(models/mujoco_menagerie/trossen_wxai/assets/meshes) by extensions ['ignore', 'ignore_ament_install']
[0.260s] Level 1:colcon.colcon_core.package_identification:_identify(models/mujoco_menagerie/trossen_wxai/assets/meshes) by extension 'ignore'
[0.260s] Level 1:colcon.colcon_core.package_identification:_identify(models/mujoco_menagerie/trossen_wxai/assets/meshes) by extension 'ignore_ament_install'
[0.260s] Level 1:colcon.colcon_core.package_identification:_identify(models/mujoco_menagerie/trossen_wxai/assets/meshes) by extensions ['colcon_pkg']
[0.260s] Level 1:colcon.colcon_core.package_identification:_identify(models/mujoco_menagerie/trossen_wxai/assets/meshes) by extension 'colcon_pkg'
[0.260s] Level 1:colcon.colcon_core.package_identification:_identify(models/mujoco_menagerie/trossen_wxai/assets/meshes) by extensions ['colcon_meta']
[0.260s] Level 1:colcon.colcon_core.package_identification:_identify(models/mujoco_menagerie/trossen_wxai/assets/meshes) by extension 'colcon_meta'
[0.260s] Level 1:colcon.colcon_core.package_identification:_identify(models/mujoco_menagerie/trossen_wxai/assets/meshes) by extensions ['ros']
[0.260s] Level 1:colcon.colcon_core.package_identification:_identify(models/mujoco_menagerie/trossen_wxai/assets/meshes) by extension 'ros'
[0.260s] Level 1:colcon.colcon_core.package_identification:_identify(models/mujoco_menagerie/trossen_wxai/assets/meshes) by extensions ['cmake', 'python']
[0.260s] Level 1:colcon.colcon_core.package_identification:_identify(models/mujoco_menagerie/trossen_wxai/assets/meshes) by extension 'cmake'
[0.260s] Level 1:colcon.colcon_core.package_identification:_identify(models/mujoco_menagerie/trossen_wxai/assets/meshes) by extension 'python'
[0.260s] Level 1:colcon.colcon_core.package_identification:_identify(models/mujoco_menagerie/trossen_wxai/assets/meshes) by extensions ['python_setup_py']
[0.260s] Level 1:colcon.colcon_core.package_identification:_identify(models/mujoco_menagerie/trossen_wxai/assets/meshes) by extension 'python_setup_py'
[0.260s] Level 1:colcon.colcon_core.package_identification:_identify(models/mujoco_menagerie/trossen_wxai/assets/meshes/d405) by extensions ['ignore', 'ignore_ament_install']
[0.260s] Level 1:colcon.colcon_core.package_identification:_identify(models/mujoco_menagerie/trossen_wxai/assets/meshes/d405) by extension 'ignore'
[0.260s] Level 1:colcon.colcon_core.package_identification:_identify(models/mujoco_menagerie/trossen_wxai/assets/meshes/d405) by extension 'ignore_ament_install'
[0.260s] Level 1:colcon.colcon_core.package_identification:_identify(models/mujoco_menagerie/trossen_wxai/assets/meshes/d405) by extensions ['colcon_pkg']
[0.260s] Level 1:colcon.colcon_core.package_identification:_identify(models/mujoco_menagerie/trossen_wxai/assets/meshes/d405) by extension 'colcon_pkg'
[0.260s] Level 1:colcon.colcon_core.package_identification:_identify(models/mujoco_menagerie/trossen_wxai/assets/meshes/d405) by extensions ['colcon_meta']
[0.260s] Level 1:colcon.colcon_core.package_identification:_identify(models/mujoco_menagerie/trossen_wxai/assets/meshes/d405) by extension 'colcon_meta'
[0.261s] Level 1:colcon.colcon_core.package_identification:_identify(models/mujoco_menagerie/trossen_wxai/assets/meshes/d405) by extensions ['ros']
[0.261s] Level 1:colcon.colcon_core.package_identification:_identify(models/mujoco_menagerie/trossen_wxai/assets/meshes/d405) by extension 'ros'
[0.261s] Level 1:colcon.colcon_core.package_identification:_identify(models/mujoco_menagerie/trossen_wxai/assets/meshes/d405) by extensions ['cmake', 'python']
[0.261s] Level 1:colcon.colcon_core.package_identification:_identify(models/mujoco_menagerie/trossen_wxai/assets/meshes/d405) by extension 'cmake'
[0.261s] Level 1:colcon.colcon_core.package_identification:_identify(models/mujoco_menagerie/trossen_wxai/assets/meshes/d405) by extension 'python'
[0.261s] Level 1:colcon.colcon_core.package_identification:_identify(models/mujoco_menagerie/trossen_wxai/assets/meshes/d405) by extensions ['python_setup_py']
[0.261s] Level 1:colcon.colcon_core.package_identification:_identify(models/mujoco_menagerie/trossen_wxai/assets/meshes/d405) by extension 'python_setup_py'
[0.261s] Level 1:colcon.colcon_core.package_identification:_identify(models/mujoco_menagerie/trossen_wxai/assets/meshes/table) by extensions ['ignore', 'ignore_ament_install']
[0.261s] Level 1:colcon.colcon_core.package_identification:_identify(models/mujoco_menagerie/trossen_wxai/assets/meshes/table) by extension 'ignore'
[0.261s] Level 1:colcon.colcon_core.package_identification:_identify(models/mujoco_menagerie/trossen_wxai/assets/meshes/table) by extension 'ignore_ament_install'
[0.261s] Level 1:colcon.colcon_core.package_identification:_identify(models/mujoco_menagerie/trossen_wxai/assets/meshes/table) by extensions ['colcon_pkg']
[0.261s] Level 1:colcon.colcon_core.package_identification:_identify(models/mujoco_menagerie/trossen_wxai/assets/meshes/table) by extension 'colcon_pkg'
[0.261s] Level 1:colcon.colcon_core.package_identification:_identify(models/mujoco_menagerie/trossen_wxai/assets/meshes/table) by extensions ['colcon_meta']
[0.261s] Level 1:colcon.colcon_core.package_identification:_identify(models/mujoco_menagerie/trossen_wxai/assets/meshes/table) by extension 'colcon_meta'
[0.261s] Level 1:colcon.colcon_core.package_identification:_identify(models/mujoco_menagerie/trossen_wxai/assets/meshes/table) by extensions ['ros']
[0.261s] Level 1:colcon.colcon_core.package_identification:_identify(models/mujoco_menagerie/trossen_wxai/assets/meshes/table) by extension 'ros'
[0.261s] Level 1:colcon.colcon_core.package_identification:_identify(models/mujoco_menagerie/trossen_wxai/assets/meshes/table) by extensions ['cmake', 'python']
[0.261s] Level 1:colcon.colcon_core.package_identification:_identify(models/mujoco_menagerie/trossen_wxai/assets/meshes/table) by extension 'cmake'
[0.261s] Level 1:colcon.colcon_core.package_identification:_identify(models/mujoco_menagerie/trossen_wxai/assets/meshes/table) by extension 'python'
[0.261s] Level 1:colcon.colcon_core.package_identification:_identify(models/mujoco_menagerie/trossen_wxai/assets/meshes/table) by extensions ['python_setup_py']
[0.261s] Level 1:colcon.colcon_core.package_identification:_identify(models/mujoco_menagerie/trossen_wxai/assets/meshes/table) by extension 'python_setup_py'
[0.261s] Level 1:colcon.colcon_core.package_identification:_identify(models/mujoco_menagerie/trossen_wxai/assets/meshes/wxai) by extensions ['ignore', 'ignore_ament_install']
[0.261s] Level 1:colcon.colcon_core.package_identification:_identify(models/mujoco_menagerie/trossen_wxai/assets/meshes/wxai) by extension 'ignore'
[0.261s] Level 1:colcon.colcon_core.package_identification:_identify(models/mujoco_menagerie/trossen_wxai/assets/meshes/wxai) by extension 'ignore_ament_install'
[0.261s] Level 1:colcon.colcon_core.package_identification:_identify(models/mujoco_menagerie/trossen_wxai/assets/meshes/wxai) by extensions ['colcon_pkg']
[0.261s] Level 1:colcon.colcon_core.package_identification:_identify(models/mujoco_menagerie/trossen_wxai/assets/meshes/wxai) by extension 'colcon_pkg'
[0.261s] Level 1:colcon.colcon_core.package_identification:_identify(models/mujoco_menagerie/trossen_wxai/assets/meshes/wxai) by extensions ['colcon_meta']
[0.262s] Level 1:colcon.colcon_core.package_identification:_identify(models/mujoco_menagerie/trossen_wxai/assets/meshes/wxai) by extension 'colcon_meta'
[0.262s] Level 1:colcon.colcon_core.package_identification:_identify(models/mujoco_menagerie/trossen_wxai/assets/meshes/wxai) by extensions ['ros']
[0.262s] Level 1:colcon.colcon_core.package_identification:_identify(models/mujoco_menagerie/trossen_wxai/assets/meshes/wxai) by extension 'ros'
[0.262s] Level 1:colcon.colcon_core.package_identification:_identify(models/mujoco_menagerie/trossen_wxai/assets/meshes/wxai) by extensions ['cmake', 'python']
[0.262s] Level 1:colcon.colcon_core.package_identification:_identify(models/mujoco_menagerie/trossen_wxai/assets/meshes/wxai) by extension 'cmake'
[0.262s] Level 1:colcon.colcon_core.package_identification:_identify(models/mujoco_menagerie/trossen_wxai/assets/meshes/wxai) by extension 'python'
[0.262s] Level 1:colcon.colcon_core.package_identification:_identify(models/mujoco_menagerie/trossen_wxai/assets/meshes/wxai) by extensions ['python_setup_py']
[0.262s] Level 1:colcon.colcon_core.package_identification:_identify(models/mujoco_menagerie/trossen_wxai/assets/meshes/wxai) by extension 'python_setup_py'
[0.262s] Level 1:colcon.colcon_core.package_identification:_identify(models/mujoco_menagerie/trs_so_arm100) by extensions ['ignore', 'ignore_ament_install']
[0.262s] Level 1:colcon.colcon_core.package_identification:_identify(models/mujoco_menagerie/trs_so_arm100) by extension 'ignore'
[0.262s] Level 1:colcon.colcon_core.package_identification:_identify(models/mujoco_menagerie/trs_so_arm100) by extension 'ignore_ament_install'
[0.262s] Level 1:colcon.colcon_core.package_identification:_identify(models/mujoco_menagerie/trs_so_arm100) by extensions ['colcon_pkg']
[0.262s] Level 1:colcon.colcon_core.package_identification:_identify(models/mujoco_menagerie/trs_so_arm100) by extension 'colcon_pkg'
[0.262s] Level 1:colcon.colcon_core.package_identification:_identify(models/mujoco_menagerie/trs_so_arm100) by extensions ['colcon_meta']
[0.262s] Level 1:colcon.colcon_core.package_identification:_identify(models/mujoco_menagerie/trs_so_arm100) by extension 'colcon_meta'
[0.262s] Level 1:colcon.colcon_core.package_identification:_identify(models/mujoco_menagerie/trs_so_arm100) by extensions ['ros']
[0.262s] Level 1:colcon.colcon_core.package_identification:_identify(models/mujoco_menagerie/trs_so_arm100) by extension 'ros'
[0.262s] Level 1:colcon.colcon_core.package_identification:_identify(models/mujoco_menagerie/trs_so_arm100) by extensions ['cmake', 'python']
[0.262s] Level 1:colcon.colcon_core.package_identification:_identify(models/mujoco_menagerie/trs_so_arm100) by extension 'cmake'
[0.262s] Level 1:colcon.colcon_core.package_identification:_identify(models/mujoco_menagerie/trs_so_arm100) by extension 'python'
[0.262s] Level 1:colcon.colcon_core.package_identification:_identify(models/mujoco_menagerie/trs_so_arm100) by extensions ['python_setup_py']
[0.262s] Level 1:colcon.colcon_core.package_identification:_identify(models/mujoco_menagerie/trs_so_arm100) by extension 'python_setup_py'
[0.262s] Level 1:colcon.colcon_core.package_identification:_identify(models/mujoco_menagerie/trs_so_arm100/assets) by extensions ['ignore', 'ignore_ament_install']
[0.262s] Level 1:colcon.colcon_core.package_identification:_identify(models/mujoco_menagerie/trs_so_arm100/assets) by extension 'ignore'
[0.262s] Level 1:colcon.colcon_core.package_identification:_identify(models/mujoco_menagerie/trs_so_arm100/assets) by extension 'ignore_ament_install'
[0.262s] Level 1:colcon.colcon_core.package_identification:_identify(models/mujoco_menagerie/trs_so_arm100/assets) by extensions ['colcon_pkg']
[0.262s] Level 1:colcon.colcon_core.package_identification:_identify(models/mujoco_menagerie/trs_so_arm100/assets) by extension 'colcon_pkg'
[0.262s] Level 1:colcon.colcon_core.package_identification:_identify(models/mujoco_menagerie/trs_so_arm100/assets) by extensions ['colcon_meta']
[0.262s] Level 1:colcon.colcon_core.package_identification:_identify(models/mujoco_menagerie/trs_so_arm100/assets) by extension 'colcon_meta'
[0.263s] Level 1:colcon.colcon_core.package_identification:_identify(models/mujoco_menagerie/trs_so_arm100/assets) by extensions ['ros']
[0.263s] Level 1:colcon.colcon_core.package_identification:_identify(models/mujoco_menagerie/trs_so_arm100/assets) by extension 'ros'
[0.263s] Level 1:colcon.colcon_core.package_identification:_identify(models/mujoco_menagerie/trs_so_arm100/assets) by extensions ['cmake', 'python']
[0.263s] Level 1:colcon.colcon_core.package_identification:_identify(models/mujoco_menagerie/trs_so_arm100/assets) by extension 'cmake'
[0.263s] Level 1:colcon.colcon_core.package_identification:_identify(models/mujoco_menagerie/trs_so_arm100/assets) by extension 'python'
[0.263s] Level 1:colcon.colcon_core.package_identification:_identify(models/mujoco_menagerie/trs_so_arm100/assets) by extensions ['python_setup_py']
[0.263s] Level 1:colcon.colcon_core.package_identification:_identify(models/mujoco_menagerie/trs_so_arm100/assets) by extension 'python_setup_py'
[0.263s] Level 1:colcon.colcon_core.package_identification:_identify(models/mujoco_menagerie/ufactory_lite6) by extensions ['ignore', 'ignore_ament_install']
[0.263s] Level 1:colcon.colcon_core.package_identification:_identify(models/mujoco_menagerie/ufactory_lite6) by extension 'ignore'
[0.263s] Level 1:colcon.colcon_core.package_identification:_identify(models/mujoco_menagerie/ufactory_lite6) by extension 'ignore_ament_install'
[0.263s] Level 1:colcon.colcon_core.package_identification:_identify(models/mujoco_menagerie/ufactory_lite6) by extensions ['colcon_pkg']
[0.263s] Level 1:colcon.colcon_core.package_identification:_identify(models/mujoco_menagerie/ufactory_lite6) by extension 'colcon_pkg'
[0.263s] Level 1:colcon.colcon_core.package_identification:_identify(models/mujoco_menagerie/ufactory_lite6) by extensions ['colcon_meta']
[0.263s] Level 1:colcon.colcon_core.package_identification:_identify(models/mujoco_menagerie/ufactory_lite6) by extension 'colcon_meta'
[0.263s] Level 1:colcon.colcon_core.package_identification:_identify(models/mujoco_menagerie/ufactory_lite6) by extensions ['ros']
[0.263s] Level 1:colcon.colcon_core.package_identification:_identify(models/mujoco_menagerie/ufactory_lite6) by extension 'ros'
[0.263s] Level 1:colcon.colcon_core.package_identification:_identify(models/mujoco_menagerie/ufactory_lite6) by extensions ['cmake', 'python']
[0.263s] Level 1:colcon.colcon_core.package_identification:_identify(models/mujoco_menagerie/ufactory_lite6) by extension 'cmake'
[0.263s] Level 1:colcon.colcon_core.package_identification:_identify(models/mujoco_menagerie/ufactory_lite6) by extension 'python'
[0.263s] Level 1:colcon.colcon_core.package_identification:_identify(models/mujoco_menagerie/ufactory_lite6) by extensions ['python_setup_py']
[0.263s] Level 1:colcon.colcon_core.package_identification:_identify(models/mujoco_menagerie/ufactory_lite6) by extension 'python_setup_py'
[0.263s] Level 1:colcon.colcon_core.package_identification:_identify(models/mujoco_menagerie/ufactory_lite6/assets) by extensions ['ignore', 'ignore_ament_install']
[0.263s] Level 1:colcon.colcon_core.package_identification:_identify(models/mujoco_menagerie/ufactory_lite6/assets) by extension 'ignore'
[0.263s] Level 1:colcon.colcon_core.package_identification:_identify(models/mujoco_menagerie/ufactory_lite6/assets) by extension 'ignore_ament_install'
[0.263s] Level 1:colcon.colcon_core.package_identification:_identify(models/mujoco_menagerie/ufactory_lite6/assets) by extensions ['colcon_pkg']
[0.263s] Level 1:colcon.colcon_core.package_identification:_identify(models/mujoco_menagerie/ufactory_lite6/assets) by extension 'colcon_pkg'
[0.263s] Level 1:colcon.colcon_core.package_identification:_identify(models/mujoco_menagerie/ufactory_lite6/assets) by extensions ['colcon_meta']
[0.263s] Level 1:colcon.colcon_core.package_identification:_identify(models/mujoco_menagerie/ufactory_lite6/assets) by extension 'colcon_meta'
[0.263s] Level 1:colcon.colcon_core.package_identification:_identify(models/mujoco_menagerie/ufactory_lite6/assets) by extensions ['ros']
[0.263s] Level 1:colcon.colcon_core.package_identification:_identify(models/mujoco_menagerie/ufactory_lite6/assets) by extension 'ros'
[0.264s] Level 1:colcon.colcon_core.package_identification:_identify(models/mujoco_menagerie/ufactory_lite6/assets) by extensions ['cmake', 'python']
[0.264s] Level 1:colcon.colcon_core.package_identification:_identify(models/mujoco_menagerie/ufactory_lite6/assets) by extension 'cmake'
[0.264s] Level 1:colcon.colcon_core.package_identification:_identify(models/mujoco_menagerie/ufactory_lite6/assets) by extension 'python'
[0.264s] Level 1:colcon.colcon_core.package_identification:_identify(models/mujoco_menagerie/ufactory_lite6/assets) by extensions ['python_setup_py']
[0.264s] Level 1:colcon.colcon_core.package_identification:_identify(models/mujoco_menagerie/ufactory_lite6/assets) by extension 'python_setup_py'
[0.264s] Level 1:colcon.colcon_core.package_identification:_identify(models/mujoco_menagerie/ufactory_lite6/assets/collision) by extensions ['ignore', 'ignore_ament_install']
[0.264s] Level 1:colcon.colcon_core.package_identification:_identify(models/mujoco_menagerie/ufactory_lite6/assets/collision) by extension 'ignore'
[0.264s] Level 1:colcon.colcon_core.package_identification:_identify(models/mujoco_menagerie/ufactory_lite6/assets/collision) by extension 'ignore_ament_install'
[0.264s] Level 1:colcon.colcon_core.package_identification:_identify(models/mujoco_menagerie/ufactory_lite6/assets/collision) by extensions ['colcon_pkg']
[0.264s] Level 1:colcon.colcon_core.package_identification:_identify(models/mujoco_menagerie/ufactory_lite6/assets/collision) by extension 'colcon_pkg'
[0.264s] Level 1:colcon.colcon_core.package_identification:_identify(models/mujoco_menagerie/ufactory_lite6/assets/collision) by extensions ['colcon_meta']
[0.264s] Level 1:colcon.colcon_core.package_identification:_identify(models/mujoco_menagerie/ufactory_lite6/assets/collision) by extension 'colcon_meta'
[0.264s] Level 1:colcon.colcon_core.package_identification:_identify(models/mujoco_menagerie/ufactory_lite6/assets/collision) by extensions ['ros']
[0.264s] Level 1:colcon.colcon_core.package_identification:_identify(models/mujoco_menagerie/ufactory_lite6/assets/collision) by extension 'ros'
[0.264s] Level 1:colcon.colcon_core.package_identification:_identify(models/mujoco_menagerie/ufactory_lite6/assets/collision) by extensions ['cmake', 'python']
[0.264s] Level 1:colcon.colcon_core.package_identification:_identify(models/mujoco_menagerie/ufactory_lite6/assets/collision) by extension 'cmake'
[0.264s] Level 1:colcon.colcon_core.package_identification:_identify(models/mujoco_menagerie/ufactory_lite6/assets/collision) by extension 'python'
[0.264s] Level 1:colcon.colcon_core.package_identification:_identify(models/mujoco_menagerie/ufactory_lite6/assets/collision) by extensions ['python_setup_py']
[0.264s] Level 1:colcon.colcon_core.package_identification:_identify(models/mujoco_menagerie/ufactory_lite6/assets/collision) by extension 'python_setup_py'
[0.264s] Level 1:colcon.colcon_core.package_identification:_identify(models/mujoco_menagerie/ufactory_lite6/assets/visual) by extensions ['ignore', 'ignore_ament_install']
[0.264s] Level 1:colcon.colcon_core.package_identification:_identify(models/mujoco_menagerie/ufactory_lite6/assets/visual) by extension 'ignore'
[0.264s] Level 1:colcon.colcon_core.package_identification:_identify(models/mujoco_menagerie/ufactory_lite6/assets/visual) by extension 'ignore_ament_install'
[0.264s] Level 1:colcon.colcon_core.package_identification:_identify(models/mujoco_menagerie/ufactory_lite6/assets/visual) by extensions ['colcon_pkg']
[0.264s] Level 1:colcon.colcon_core.package_identification:_identify(models/mujoco_menagerie/ufactory_lite6/assets/visual) by extension 'colcon_pkg'
[0.264s] Level 1:colcon.colcon_core.package_identification:_identify(models/mujoco_menagerie/ufactory_lite6/assets/visual) by extensions ['colcon_meta']
[0.264s] Level 1:colcon.colcon_core.package_identification:_identify(models/mujoco_menagerie/ufactory_lite6/assets/visual) by extension 'colcon_meta'
[0.264s] Level 1:colcon.colcon_core.package_identification:_identify(models/mujoco_menagerie/ufactory_lite6/assets/visual) by extensions ['ros']
[0.264s] Level 1:colcon.colcon_core.package_identification:_identify(models/mujoco_menagerie/ufactory_lite6/assets/visual) by extension 'ros'
[0.265s] Level 1:colcon.colcon_core.package_identification:_identify(models/mujoco_menagerie/ufactory_lite6/assets/visual) by extensions ['cmake', 'python']
[0.265s] Level 1:colcon.colcon_core.package_identification:_identify(models/mujoco_menagerie/ufactory_lite6/assets/visual) by extension 'cmake'
[0.265s] Level 1:colcon.colcon_core.package_identification:_identify(models/mujoco_menagerie/ufactory_lite6/assets/visual) by extension 'python'
[0.265s] Level 1:colcon.colcon_core.package_identification:_identify(models/mujoco_menagerie/ufactory_lite6/assets/visual) by extensions ['python_setup_py']
[0.265s] Level 1:colcon.colcon_core.package_identification:_identify(models/mujoco_menagerie/ufactory_lite6/assets/visual) by extension 'python_setup_py'
[0.265s] Level 1:colcon.colcon_core.package_identification:_identify(models/mujoco_menagerie/ufactory_xarm7) by extensions ['ignore', 'ignore_ament_install']
[0.265s] Level 1:colcon.colcon_core.package_identification:_identify(models/mujoco_menagerie/ufactory_xarm7) by extension 'ignore'
[0.265s] Level 1:colcon.colcon_core.package_identification:_identify(models/mujoco_menagerie/ufactory_xarm7) by extension 'ignore_ament_install'
[0.265s] Level 1:colcon.colcon_core.package_identification:_identify(models/mujoco_menagerie/ufactory_xarm7) by extensions ['colcon_pkg']
[0.265s] Level 1:colcon.colcon_core.package_identification:_identify(models/mujoco_menagerie/ufactory_xarm7) by extension 'colcon_pkg'
[0.265s] Level 1:colcon.colcon_core.package_identification:_identify(models/mujoco_menagerie/ufactory_xarm7) by extensions ['colcon_meta']
[0.265s] Level 1:colcon.colcon_core.package_identification:_identify(models/mujoco_menagerie/ufactory_xarm7) by extension 'colcon_meta'
[0.265s] Level 1:colcon.colcon_core.package_identification:_identify(models/mujoco_menagerie/ufactory_xarm7) by extensions ['ros']
[0.265s] Level 1:colcon.colcon_core.package_identification:_identify(models/mujoco_menagerie/ufactory_xarm7) by extension 'ros'
[0.265s] Level 1:colcon.colcon_core.package_identification:_identify(models/mujoco_menagerie/ufactory_xarm7) by extensions ['cmake', 'python']
[0.265s] Level 1:colcon.colcon_core.package_identification:_identify(models/mujoco_menagerie/ufactory_xarm7) by extension 'cmake'
[0.265s] Level 1:colcon.colcon_core.package_identification:_identify(models/mujoco_menagerie/ufactory_xarm7) by extension 'python'
[0.265s] Level 1:colcon.colcon_core.package_identification:_identify(models/mujoco_menagerie/ufactory_xarm7) by extensions ['python_setup_py']
[0.265s] Level 1:colcon.colcon_core.package_identification:_identify(models/mujoco_menagerie/ufactory_xarm7) by extension 'python_setup_py'
[0.265s] Level 1:colcon.colcon_core.package_identification:_identify(models/mujoco_menagerie/ufactory_xarm7/assets) by extensions ['ignore', 'ignore_ament_install']
[0.265s] Level 1:colcon.colcon_core.package_identification:_identify(models/mujoco_menagerie/ufactory_xarm7/assets) by extension 'ignore'
[0.265s] Level 1:colcon.colcon_core.package_identification:_identify(models/mujoco_menagerie/ufactory_xarm7/assets) by extension 'ignore_ament_install'
[0.265s] Level 1:colcon.colcon_core.package_identification:_identify(models/mujoco_menagerie/ufactory_xarm7/assets) by extensions ['colcon_pkg']
[0.265s] Level 1:colcon.colcon_core.package_identification:_identify(models/mujoco_menagerie/ufactory_xarm7/assets) by extension 'colcon_pkg'
[0.265s] Level 1:colcon.colcon_core.package_identification:_identify(models/mujoco_menagerie/ufactory_xarm7/assets) by extensions ['colcon_meta']
[0.265s] Level 1:colcon.colcon_core.package_identification:_identify(models/mujoco_menagerie/ufactory_xarm7/assets) by extension 'colcon_meta'
[0.265s] Level 1:colcon.colcon_core.package_identification:_identify(models/mujoco_menagerie/ufactory_xarm7/assets) by extensions ['ros']
[0.265s] Level 1:colcon.colcon_core.package_identification:_identify(models/mujoco_menagerie/ufactory_xarm7/assets) by extension 'ros'
[0.265s] Level 1:colcon.colcon_core.package_identification:_identify(models/mujoco_menagerie/ufactory_xarm7/assets) by extensions ['cmake', 'python']
[0.266s] Level 1:colcon.colcon_core.package_identification:_identify(models/mujoco_menagerie/ufactory_xarm7/assets) by extension 'cmake'
[0.266s] Level 1:colcon.colcon_core.package_identification:_identify(models/mujoco_menagerie/ufactory_xarm7/assets) by extension 'python'
[0.266s] Level 1:colcon.colcon_core.package_identification:_identify(models/mujoco_menagerie/ufactory_xarm7/assets) by extensions ['python_setup_py']
[0.266s] Level 1:colcon.colcon_core.package_identification:_identify(models/mujoco_menagerie/ufactory_xarm7/assets) by extension 'python_setup_py'
[0.266s] Level 1:colcon.colcon_core.package_identification:_identify(models/mujoco_menagerie/umi_gripper) by extensions ['ignore', 'ignore_ament_install']
[0.266s] Level 1:colcon.colcon_core.package_identification:_identify(models/mujoco_menagerie/umi_gripper) by extension 'ignore'
[0.266s] Level 1:colcon.colcon_core.package_identification:_identify(models/mujoco_menagerie/umi_gripper) by extension 'ignore_ament_install'
[0.266s] Level 1:colcon.colcon_core.package_identification:_identify(models/mujoco_menagerie/umi_gripper) by extensions ['colcon_pkg']
[0.266s] Level 1:colcon.colcon_core.package_identification:_identify(models/mujoco_menagerie/umi_gripper) by extension 'colcon_pkg'
[0.266s] Level 1:colcon.colcon_core.package_identification:_identify(models/mujoco_menagerie/umi_gripper) by extensions ['colcon_meta']
[0.266s] Level 1:colcon.colcon_core.package_identification:_identify(models/mujoco_menagerie/umi_gripper) by extension 'colcon_meta'
[0.266s] Level 1:colcon.colcon_core.package_identification:_identify(models/mujoco_menagerie/umi_gripper) by extensions ['ros']
[0.266s] Level 1:colcon.colcon_core.package_identification:_identify(models/mujoco_menagerie/umi_gripper) by extension 'ros'
[0.266s] Level 1:colcon.colcon_core.package_identification:_identify(models/mujoco_menagerie/umi_gripper) by extensions ['cmake', 'python']
[0.266s] Level 1:colcon.colcon_core.package_identification:_identify(models/mujoco_menagerie/umi_gripper) by extension 'cmake'
[0.266s] Level 1:colcon.colcon_core.package_identification:_identify(models/mujoco_menagerie/umi_gripper) by extension 'python'
[0.266s] Level 1:colcon.colcon_core.package_identification:_identify(models/mujoco_menagerie/umi_gripper) by extensions ['python_setup_py']
[0.266s] Level 1:colcon.colcon_core.package_identification:_identify(models/mujoco_menagerie/umi_gripper) by extension 'python_setup_py'
[0.266s] Level 1:colcon.colcon_core.package_identification:_identify(models/mujoco_menagerie/umi_gripper/assets) by extensions ['ignore', 'ignore_ament_install']
[0.266s] Level 1:colcon.colcon_core.package_identification:_identify(models/mujoco_menagerie/umi_gripper/assets) by extension 'ignore'
[0.266s] Level 1:colcon.colcon_core.package_identification:_identify(models/mujoco_menagerie/umi_gripper/assets) by extension 'ignore_ament_install'
[0.266s] Level 1:colcon.colcon_core.package_identification:_identify(models/mujoco_menagerie/umi_gripper/assets) by extensions ['colcon_pkg']
[0.266s] Level 1:colcon.colcon_core.package_identification:_identify(models/mujoco_menagerie/umi_gripper/assets) by extension 'colcon_pkg'
[0.266s] Level 1:colcon.colcon_core.package_identification:_identify(models/mujoco_menagerie/umi_gripper/assets) by extensions ['colcon_meta']
[0.266s] Level 1:colcon.colcon_core.package_identification:_identify(models/mujoco_menagerie/umi_gripper/assets) by extension 'colcon_meta'
[0.266s] Level 1:colcon.colcon_core.package_identification:_identify(models/mujoco_menagerie/umi_gripper/assets) by extensions ['ros']
[0.266s] Level 1:colcon.colcon_core.package_identification:_identify(models/mujoco_menagerie/umi_gripper/assets) by extension 'ros'
[0.266s] Level 1:colcon.colcon_core.package_identification:_identify(models/mujoco_menagerie/umi_gripper/assets) by extensions ['cmake', 'python']
[0.267s] Level 1:colcon.colcon_core.package_identification:_identify(models/mujoco_menagerie/umi_gripper/assets) by extension 'cmake'
[0.267s] Level 1:colcon.colcon_core.package_identification:_identify(models/mujoco_menagerie/umi_gripper/assets) by extension 'python'
[0.267s] Level 1:colcon.colcon_core.package_identification:_identify(models/mujoco_menagerie/umi_gripper/assets) by extensions ['python_setup_py']
[0.267s] Level 1:colcon.colcon_core.package_identification:_identify(models/mujoco_menagerie/umi_gripper/assets) by extension 'python_setup_py'
[0.267s] Level 1:colcon.colcon_core.package_identification:_identify(models/mujoco_menagerie/unitree_a1) by extensions ['ignore', 'ignore_ament_install']
[0.267s] Level 1:colcon.colcon_core.package_identification:_identify(models/mujoco_menagerie/unitree_a1) by extension 'ignore'
[0.267s] Level 1:colcon.colcon_core.package_identification:_identify(models/mujoco_menagerie/unitree_a1) by extension 'ignore_ament_install'
[0.267s] Level 1:colcon.colcon_core.package_identification:_identify(models/mujoco_menagerie/unitree_a1) by extensions ['colcon_pkg']
[0.267s] Level 1:colcon.colcon_core.package_identification:_identify(models/mujoco_menagerie/unitree_a1) by extension 'colcon_pkg'
[0.267s] Level 1:colcon.colcon_core.package_identification:_identify(models/mujoco_menagerie/unitree_a1) by extensions ['colcon_meta']
[0.267s] Level 1:colcon.colcon_core.package_identification:_identify(models/mujoco_menagerie/unitree_a1) by extension 'colcon_meta'
[0.267s] Level 1:colcon.colcon_core.package_identification:_identify(models/mujoco_menagerie/unitree_a1) by extensions ['ros']
[0.267s] Level 1:colcon.colcon_core.package_identification:_identify(models/mujoco_menagerie/unitree_a1) by extension 'ros'
[0.267s] Level 1:colcon.colcon_core.package_identification:_identify(models/mujoco_menagerie/unitree_a1) by extensions ['cmake', 'python']
[0.267s] Level 1:colcon.colcon_core.package_identification:_identify(models/mujoco_menagerie/unitree_a1) by extension 'cmake'
[0.267s] Level 1:colcon.colcon_core.package_identification:_identify(models/mujoco_menagerie/unitree_a1) by extension 'python'
[0.267s] Level 1:colcon.colcon_core.package_identification:_identify(models/mujoco_menagerie/unitree_a1) by extensions ['python_setup_py']
[0.267s] Level 1:colcon.colcon_core.package_identification:_identify(models/mujoco_menagerie/unitree_a1) by extension 'python_setup_py'
[0.267s] Level 1:colcon.colcon_core.package_identification:_identify(models/mujoco_menagerie/unitree_a1/assets) by extensions ['ignore', 'ignore_ament_install']
[0.267s] Level 1:colcon.colcon_core.package_identification:_identify(models/mujoco_menagerie/unitree_a1/assets) by extension 'ignore'
[0.267s] Level 1:colcon.colcon_core.package_identification:_identify(models/mujoco_menagerie/unitree_a1/assets) by extension 'ignore_ament_install'
[0.267s] Level 1:colcon.colcon_core.package_identification:_identify(models/mujoco_menagerie/unitree_a1/assets) by extensions ['colcon_pkg']
[0.267s] Level 1:colcon.colcon_core.package_identification:_identify(models/mujoco_menagerie/unitree_a1/assets) by extension 'colcon_pkg'
[0.267s] Level 1:colcon.colcon_core.package_identification:_identify(models/mujoco_menagerie/unitree_a1/assets) by extensions ['colcon_meta']
[0.267s] Level 1:colcon.colcon_core.package_identification:_identify(models/mujoco_menagerie/unitree_a1/assets) by extension 'colcon_meta'
[0.267s] Level 1:colcon.colcon_core.package_identification:_identify(models/mujoco_menagerie/unitree_a1/assets) by extensions ['ros']
[0.267s] Level 1:colcon.colcon_core.package_identification:_identify(models/mujoco_menagerie/unitree_a1/assets) by extension 'ros'
[0.267s] Level 1:colcon.colcon_core.package_identification:_identify(models/mujoco_menagerie/unitree_a1/assets) by extensions ['cmake', 'python']
[0.267s] Level 1:colcon.colcon_core.package_identification:_identify(models/mujoco_menagerie/unitree_a1/assets) by extension 'cmake'
[0.267s] Level 1:colcon.colcon_core.package_identification:_identify(models/mujoco_menagerie/unitree_a1/assets) by extension 'python'
[0.268s] Level 1:colcon.colcon_core.package_identification:_identify(models/mujoco_menagerie/unitree_a1/assets) by extensions ['python_setup_py']
[0.268s] Level 1:colcon.colcon_core.package_identification:_identify(models/mujoco_menagerie/unitree_a1/assets) by extension 'python_setup_py'
[0.268s] Level 1:colcon.colcon_core.package_identification:_identify(models/mujoco_menagerie/unitree_g1) by extensions ['ignore', 'ignore_ament_install']
[0.268s] Level 1:colcon.colcon_core.package_identification:_identify(models/mujoco_menagerie/unitree_g1) by extension 'ignore'
[0.268s] Level 1:colcon.colcon_core.package_identification:_identify(models/mujoco_menagerie/unitree_g1) by extension 'ignore_ament_install'
[0.268s] Level 1:colcon.colcon_core.package_identification:_identify(models/mujoco_menagerie/unitree_g1) by extensions ['colcon_pkg']
[0.268s] Level 1:colcon.colcon_core.package_identification:_identify(models/mujoco_menagerie/unitree_g1) by extension 'colcon_pkg'
[0.268s] Level 1:colcon.colcon_core.package_identification:_identify(models/mujoco_menagerie/unitree_g1) by extensions ['colcon_meta']
[0.268s] Level 1:colcon.colcon_core.package_identification:_identify(models/mujoco_menagerie/unitree_g1) by extension 'colcon_meta'
[0.268s] Level 1:colcon.colcon_core.package_identification:_identify(models/mujoco_menagerie/unitree_g1) by extensions ['ros']
[0.268s] Level 1:colcon.colcon_core.package_identification:_identify(models/mujoco_menagerie/unitree_g1) by extension 'ros'
[0.268s] Level 1:colcon.colcon_core.package_identification:_identify(models/mujoco_menagerie/unitree_g1) by extensions ['cmake', 'python']
[0.268s] Level 1:colcon.colcon_core.package_identification:_identify(models/mujoco_menagerie/unitree_g1) by extension 'cmake'
[0.268s] Level 1:colcon.colcon_core.package_identification:_identify(models/mujoco_menagerie/unitree_g1) by extension 'python'
[0.268s] Level 1:colcon.colcon_core.package_identification:_identify(models/mujoco_menagerie/unitree_g1) by extensions ['python_setup_py']
[0.268s] Level 1:colcon.colcon_core.package_identification:_identify(models/mujoco_menagerie/unitree_g1) by extension 'python_setup_py'
[0.268s] Level 1:colcon.colcon_core.package_identification:_identify(models/mujoco_menagerie/unitree_g1/assets) by extensions ['ignore', 'ignore_ament_install']
[0.268s] Level 1:colcon.colcon_core.package_identification:_identify(models/mujoco_menagerie/unitree_g1/assets) by extension 'ignore'
[0.268s] Level 1:colcon.colcon_core.package_identification:_identify(models/mujoco_menagerie/unitree_g1/assets) by extension 'ignore_ament_install'
[0.268s] Level 1:colcon.colcon_core.package_identification:_identify(models/mujoco_menagerie/unitree_g1/assets) by extensions ['colcon_pkg']
[0.268s] Level 1:colcon.colcon_core.package_identification:_identify(models/mujoco_menagerie/unitree_g1/assets) by extension 'colcon_pkg'
[0.268s] Level 1:colcon.colcon_core.package_identification:_identify(models/mujoco_menagerie/unitree_g1/assets) by extensions ['colcon_meta']
[0.268s] Level 1:colcon.colcon_core.package_identification:_identify(models/mujoco_menagerie/unitree_g1/assets) by extension 'colcon_meta'
[0.268s] Level 1:colcon.colcon_core.package_identification:_identify(models/mujoco_menagerie/unitree_g1/assets) by extensions ['ros']
[0.268s] Level 1:colcon.colcon_core.package_identification:_identify(models/mujoco_menagerie/unitree_g1/assets) by extension 'ros'
[0.268s] Level 1:colcon.colcon_core.package_identification:_identify(models/mujoco_menagerie/unitree_g1/assets) by extensions ['cmake', 'python']
[0.268s] Level 1:colcon.colcon_core.package_identification:_identify(models/mujoco_menagerie/unitree_g1/assets) by extension 'cmake'
[0.268s] Level 1:colcon.colcon_core.package_identification:_identify(models/mujoco_menagerie/unitree_g1/assets) by extension 'python'
[0.268s] Level 1:colcon.colcon_core.package_identification:_identify(models/mujoco_menagerie/unitree_g1/assets) by extensions ['python_setup_py']
[0.268s] Level 1:colcon.colcon_core.package_identification:_identify(models/mujoco_menagerie/unitree_g1/assets) by extension 'python_setup_py'
[0.269s] Level 1:colcon.colcon_core.package_identification:_identify(models/mujoco_menagerie/unitree_go1) by extensions ['ignore', 'ignore_ament_install']
[0.269s] Level 1:colcon.colcon_core.package_identification:_identify(models/mujoco_menagerie/unitree_go1) by extension 'ignore'
[0.269s] Level 1:colcon.colcon_core.package_identification:_identify(models/mujoco_menagerie/unitree_go1) by extension 'ignore_ament_install'
[0.269s] Level 1:colcon.colcon_core.package_identification:_identify(models/mujoco_menagerie/unitree_go1) by extensions ['colcon_pkg']
[0.269s] Level 1:colcon.colcon_core.package_identification:_identify(models/mujoco_menagerie/unitree_go1) by extension 'colcon_pkg'
[0.269s] Level 1:colcon.colcon_core.package_identification:_identify(models/mujoco_menagerie/unitree_go1) by extensions ['colcon_meta']
[0.269s] Level 1:colcon.colcon_core.package_identification:_identify(models/mujoco_menagerie/unitree_go1) by extension 'colcon_meta'
[0.269s] Level 1:colcon.colcon_core.package_identification:_identify(models/mujoco_menagerie/unitree_go1) by extensions ['ros']
[0.269s] Level 1:colcon.colcon_core.package_identification:_identify(models/mujoco_menagerie/unitree_go1) by extension 'ros'
[0.269s] Level 1:colcon.colcon_core.package_identification:_identify(models/mujoco_menagerie/unitree_go1) by extensions ['cmake', 'python']
[0.269s] Level 1:colcon.colcon_core.package_identification:_identify(models/mujoco_menagerie/unitree_go1) by extension 'cmake'
[0.269s] Level 1:colcon.colcon_core.package_identification:_identify(models/mujoco_menagerie/unitree_go1) by extension 'python'
[0.269s] Level 1:colcon.colcon_core.package_identification:_identify(models/mujoco_menagerie/unitree_go1) by extensions ['python_setup_py']
[0.269s] Level 1:colcon.colcon_core.package_identification:_identify(models/mujoco_menagerie/unitree_go1) by extension 'python_setup_py'
[0.269s] Level 1:colcon.colcon_core.package_identification:_identify(models/mujoco_menagerie/unitree_go1/assets) by extensions ['ignore', 'ignore_ament_install']
[0.269s] Level 1:colcon.colcon_core.package_identification:_identify(models/mujoco_menagerie/unitree_go1/assets) by extension 'ignore'
[0.269s] Level 1:colcon.colcon_core.package_identification:_identify(models/mujoco_menagerie/unitree_go1/assets) by extension 'ignore_ament_install'
[0.269s] Level 1:colcon.colcon_core.package_identification:_identify(models/mujoco_menagerie/unitree_go1/assets) by extensions ['colcon_pkg']
[0.269s] Level 1:colcon.colcon_core.package_identification:_identify(models/mujoco_menagerie/unitree_go1/assets) by extension 'colcon_pkg'
[0.269s] Level 1:colcon.colcon_core.package_identification:_identify(models/mujoco_menagerie/unitree_go1/assets) by extensions ['colcon_meta']
[0.269s] Level 1:colcon.colcon_core.package_identification:_identify(models/mujoco_menagerie/unitree_go1/assets) by extension 'colcon_meta'
[0.269s] Level 1:colcon.colcon_core.package_identification:_identify(models/mujoco_menagerie/unitree_go1/assets) by extensions ['ros']
[0.269s] Level 1:colcon.colcon_core.package_identification:_identify(models/mujoco_menagerie/unitree_go1/assets) by extension 'ros'
[0.269s] Level 1:colcon.colcon_core.package_identification:_identify(models/mujoco_menagerie/unitree_go1/assets) by extensions ['cmake', 'python']
[0.269s] Level 1:colcon.colcon_core.package_identification:_identify(models/mujoco_menagerie/unitree_go1/assets) by extension 'cmake'
[0.269s] Level 1:colcon.colcon_core.package_identification:_identify(models/mujoco_menagerie/unitree_go1/assets) by extension 'python'
[0.269s] Level 1:colcon.colcon_core.package_identification:_identify(models/mujoco_menagerie/unitree_go1/assets) by extensions ['python_setup_py']
[0.269s] Level 1:colcon.colcon_core.package_identification:_identify(models/mujoco_menagerie/unitree_go1/assets) by extension 'python_setup_py'
[0.269s] Level 1:colcon.colcon_core.package_identification:_identify(models/mujoco_menagerie/unitree_go2) by extensions ['ignore', 'ignore_ament_install']
[0.270s] Level 1:colcon.colcon_core.package_identification:_identify(models/mujoco_menagerie/unitree_go2) by extension 'ignore'
[0.270s] Level 1:colcon.colcon_core.package_identification:_identify(models/mujoco_menagerie/unitree_go2) by extension 'ignore_ament_install'
[0.270s] Level 1:colcon.colcon_core.package_identification:_identify(models/mujoco_menagerie/unitree_go2) by extensions ['colcon_pkg']
[0.270s] Level 1:colcon.colcon_core.package_identification:_identify(models/mujoco_menagerie/unitree_go2) by extension 'colcon_pkg'
[0.270s] Level 1:colcon.colcon_core.package_identification:_identify(models/mujoco_menagerie/unitree_go2) by extensions ['colcon_meta']
[0.270s] Level 1:colcon.colcon_core.package_identification:_identify(models/mujoco_menagerie/unitree_go2) by extension 'colcon_meta'
[0.270s] Level 1:colcon.colcon_core.package_identification:_identify(models/mujoco_menagerie/unitree_go2) by extensions ['ros']
[0.270s] Level 1:colcon.colcon_core.package_identification:_identify(models/mujoco_menagerie/unitree_go2) by extension 'ros'
[0.270s] Level 1:colcon.colcon_core.package_identification:_identify(models/mujoco_menagerie/unitree_go2) by extensions ['cmake', 'python']
[0.270s] Level 1:colcon.colcon_core.package_identification:_identify(models/mujoco_menagerie/unitree_go2) by extension 'cmake'
[0.270s] Level 1:colcon.colcon_core.package_identification:_identify(models/mujoco_menagerie/unitree_go2) by extension 'python'
[0.270s] Level 1:colcon.colcon_core.package_identification:_identify(models/mujoco_menagerie/unitree_go2) by extensions ['python_setup_py']
[0.270s] Level 1:colcon.colcon_core.package_identification:_identify(models/mujoco_menagerie/unitree_go2) by extension 'python_setup_py'
[0.270s] Level 1:colcon.colcon_core.package_identification:_identify(models/mujoco_menagerie/unitree_go2/assets) by extensions ['ignore', 'ignore_ament_install']
[0.270s] Level 1:colcon.colcon_core.package_identification:_identify(models/mujoco_menagerie/unitree_go2/assets) by extension 'ignore'
[0.270s] Level 1:colcon.colcon_core.package_identification:_identify(models/mujoco_menagerie/unitree_go2/assets) by extension 'ignore_ament_install'
[0.270s] Level 1:colcon.colcon_core.package_identification:_identify(models/mujoco_menagerie/unitree_go2/assets) by extensions ['colcon_pkg']
[0.270s] Level 1:colcon.colcon_core.package_identification:_identify(models/mujoco_menagerie/unitree_go2/assets) by extension 'colcon_pkg'
[0.270s] Level 1:colcon.colcon_core.package_identification:_identify(models/mujoco_menagerie/unitree_go2/assets) by extensions ['colcon_meta']
[0.270s] Level 1:colcon.colcon_core.package_identification:_identify(models/mujoco_menagerie/unitree_go2/assets) by extension 'colcon_meta'
[0.270s] Level 1:colcon.colcon_core.package_identification:_identify(models/mujoco_menagerie/unitree_go2/assets) by extensions ['ros']
[0.270s] Level 1:colcon.colcon_core.package_identification:_identify(models/mujoco_menagerie/unitree_go2/assets) by extension 'ros'
[0.270s] Level 1:colcon.colcon_core.package_identification:_identify(models/mujoco_menagerie/unitree_go2/assets) by extensions ['cmake', 'python']
[0.270s] Level 1:colcon.colcon_core.package_identification:_identify(models/mujoco_menagerie/unitree_go2/assets) by extension 'cmake'
[0.270s] Level 1:colcon.colcon_core.package_identification:_identify(models/mujoco_menagerie/unitree_go2/assets) by extension 'python'
[0.270s] Level 1:colcon.colcon_core.package_identification:_identify(models/mujoco_menagerie/unitree_go2/assets) by extensions ['python_setup_py']
[0.270s] Level 1:colcon.colcon_core.package_identification:_identify(models/mujoco_menagerie/unitree_go2/assets) by extension 'python_setup_py'
[0.270s] Level 1:colcon.colcon_core.package_identification:_identify(models/mujoco_menagerie/unitree_h1) by extensions ['ignore', 'ignore_ament_install']
[0.270s] Level 1:colcon.colcon_core.package_identification:_identify(models/mujoco_menagerie/unitree_h1) by extension 'ignore'
[0.271s] Level 1:colcon.colcon_core.package_identification:_identify(models/mujoco_menagerie/unitree_h1) by extension 'ignore_ament_install'
[0.271s] Level 1:colcon.colcon_core.package_identification:_identify(models/mujoco_menagerie/unitree_h1) by extensions ['colcon_pkg']
[0.271s] Level 1:colcon.colcon_core.package_identification:_identify(models/mujoco_menagerie/unitree_h1) by extension 'colcon_pkg'
[0.271s] Level 1:colcon.colcon_core.package_identification:_identify(models/mujoco_menagerie/unitree_h1) by extensions ['colcon_meta']
[0.271s] Level 1:colcon.colcon_core.package_identification:_identify(models/mujoco_menagerie/unitree_h1) by extension 'colcon_meta'
[0.271s] Level 1:colcon.colcon_core.package_identification:_identify(models/mujoco_menagerie/unitree_h1) by extensions ['ros']
[0.271s] Level 1:colcon.colcon_core.package_identification:_identify(models/mujoco_menagerie/unitree_h1) by extension 'ros'
[0.271s] Level 1:colcon.colcon_core.package_identification:_identify(models/mujoco_menagerie/unitree_h1) by extensions ['cmake', 'python']
[0.271s] Level 1:colcon.colcon_core.package_identification:_identify(models/mujoco_menagerie/unitree_h1) by extension 'cmake'
[0.271s] Level 1:colcon.colcon_core.package_identification:_identify(models/mujoco_menagerie/unitree_h1) by extension 'python'
[0.271s] Level 1:colcon.colcon_core.package_identification:_identify(models/mujoco_menagerie/unitree_h1) by extensions ['python_setup_py']
[0.271s] Level 1:colcon.colcon_core.package_identification:_identify(models/mujoco_menagerie/unitree_h1) by extension 'python_setup_py'
[0.271s] Level 1:colcon.colcon_core.package_identification:_identify(models/mujoco_menagerie/unitree_h1/assets) by extensions ['ignore', 'ignore_ament_install']
[0.271s] Level 1:colcon.colcon_core.package_identification:_identify(models/mujoco_menagerie/unitree_h1/assets) by extension 'ignore'
[0.271s] Level 1:colcon.colcon_core.package_identification:_identify(models/mujoco_menagerie/unitree_h1/assets) by extension 'ignore_ament_install'
[0.271s] Level 1:colcon.colcon_core.package_identification:_identify(models/mujoco_menagerie/unitree_h1/assets) by extensions ['colcon_pkg']
[0.271s] Level 1:colcon.colcon_core.package_identification:_identify(models/mujoco_menagerie/unitree_h1/assets) by extension 'colcon_pkg'
[0.271s] Level 1:colcon.colcon_core.package_identification:_identify(models/mujoco_menagerie/unitree_h1/assets) by extensions ['colcon_meta']
[0.271s] Level 1:colcon.colcon_core.package_identification:_identify(models/mujoco_menagerie/unitree_h1/assets) by extension 'colcon_meta'
[0.271s] Level 1:colcon.colcon_core.package_identification:_identify(models/mujoco_menagerie/unitree_h1/assets) by extensions ['ros']
[0.271s] Level 1:colcon.colcon_core.package_identification:_identify(models/mujoco_menagerie/unitree_h1/assets) by extension 'ros'
[0.271s] Level 1:colcon.colcon_core.package_identification:_identify(models/mujoco_menagerie/unitree_h1/assets) by extensions ['cmake', 'python']
[0.271s] Level 1:colcon.colcon_core.package_identification:_identify(models/mujoco_menagerie/unitree_h1/assets) by extension 'cmake'
[0.271s] Level 1:colcon.colcon_core.package_identification:_identify(models/mujoco_menagerie/unitree_h1/assets) by extension 'python'
[0.271s] Level 1:colcon.colcon_core.package_identification:_identify(models/mujoco_menagerie/unitree_h1/assets) by extensions ['python_setup_py']
[0.271s] Level 1:colcon.colcon_core.package_identification:_identify(models/mujoco_menagerie/unitree_h1/assets) by extension 'python_setup_py'
[0.271s] Level 1:colcon.colcon_core.package_identification:_identify(models/mujoco_menagerie/unitree_z1) by extensions ['ignore', 'ignore_ament_install']
[0.271s] Level 1:colcon.colcon_core.package_identification:_identify(models/mujoco_menagerie/unitree_z1) by extension 'ignore'
[0.271s] Level 1:colcon.colcon_core.package_identification:_identify(models/mujoco_menagerie/unitree_z1) by extension 'ignore_ament_install'
[0.272s] Level 1:colcon.colcon_core.package_identification:_identify(models/mujoco_menagerie/unitree_z1) by extensions ['colcon_pkg']
[0.272s] Level 1:colcon.colcon_core.package_identification:_identify(models/mujoco_menagerie/unitree_z1) by extension 'colcon_pkg'
[0.272s] Level 1:colcon.colcon_core.package_identification:_identify(models/mujoco_menagerie/unitree_z1) by extensions ['colcon_meta']
[0.272s] Level 1:colcon.colcon_core.package_identification:_identify(models/mujoco_menagerie/unitree_z1) by extension 'colcon_meta'
[0.272s] Level 1:colcon.colcon_core.package_identification:_identify(models/mujoco_menagerie/unitree_z1) by extensions ['ros']
[0.272s] Level 1:colcon.colcon_core.package_identification:_identify(models/mujoco_menagerie/unitree_z1) by extension 'ros'
[0.272s] Level 1:colcon.colcon_core.package_identification:_identify(models/mujoco_menagerie/unitree_z1) by extensions ['cmake', 'python']
[0.272s] Level 1:colcon.colcon_core.package_identification:_identify(models/mujoco_menagerie/unitree_z1) by extension 'cmake'
[0.272s] Level 1:colcon.colcon_core.package_identification:_identify(models/mujoco_menagerie/unitree_z1) by extension 'python'
[0.272s] Level 1:colcon.colcon_core.package_identification:_identify(models/mujoco_menagerie/unitree_z1) by extensions ['python_setup_py']
[0.272s] Level 1:colcon.colcon_core.package_identification:_identify(models/mujoco_menagerie/unitree_z1) by extension 'python_setup_py'
[0.272s] Level 1:colcon.colcon_core.package_identification:_identify(models/mujoco_menagerie/unitree_z1/assets) by extensions ['ignore', 'ignore_ament_install']
[0.272s] Level 1:colcon.colcon_core.package_identification:_identify(models/mujoco_menagerie/unitree_z1/assets) by extension 'ignore'
[0.272s] Level 1:colcon.colcon_core.package_identification:_identify(models/mujoco_menagerie/unitree_z1/assets) by extension 'ignore_ament_install'
[0.272s] Level 1:colcon.colcon_core.package_identification:_identify(models/mujoco_menagerie/unitree_z1/assets) by extensions ['colcon_pkg']
[0.272s] Level 1:colcon.colcon_core.package_identification:_identify(models/mujoco_menagerie/unitree_z1/assets) by extension 'colcon_pkg'
[0.272s] Level 1:colcon.colcon_core.package_identification:_identify(models/mujoco_menagerie/unitree_z1/assets) by extensions ['colcon_meta']
[0.272s] Level 1:colcon.colcon_core.package_identification:_identify(models/mujoco_menagerie/unitree_z1/assets) by extension 'colcon_meta'
[0.272s] Level 1:colcon.colcon_core.package_identification:_identify(models/mujoco_menagerie/unitree_z1/assets) by extensions ['ros']
[0.272s] Level 1:colcon.colcon_core.package_identification:_identify(models/mujoco_menagerie/unitree_z1/assets) by extension 'ros'
[0.272s] Level 1:colcon.colcon_core.package_identification:_identify(models/mujoco_menagerie/unitree_z1/assets) by extensions ['cmake', 'python']
[0.272s] Level 1:colcon.colcon_core.package_identification:_identify(models/mujoco_menagerie/unitree_z1/assets) by extension 'cmake'
[0.272s] Level 1:colcon.colcon_core.package_identification:_identify(models/mujoco_menagerie/unitree_z1/assets) by extension 'python'
[0.272s] Level 1:colcon.colcon_core.package_identification:_identify(models/mujoco_menagerie/unitree_z1/assets) by extensions ['python_setup_py']
[0.272s] Level 1:colcon.colcon_core.package_identification:_identify(models/mujoco_menagerie/unitree_z1/assets) by extension 'python_setup_py'
[0.272s] Level 1:colcon.colcon_core.package_identification:_identify(models/mujoco_menagerie/universal_robots_ur10e) by extensions ['ignore', 'ignore_ament_install']
[0.272s] Level 1:colcon.colcon_core.package_identification:_identify(models/mujoco_menagerie/universal_robots_ur10e) by extension 'ignore'
[0.272s] Level 1:colcon.colcon_core.package_identification:_identify(models/mujoco_menagerie/universal_robots_ur10e) by extension 'ignore_ament_install'
[0.272s] Level 1:colcon.colcon_core.package_identification:_identify(models/mujoco_menagerie/universal_robots_ur10e) by extensions ['colcon_pkg']
[0.272s] Level 1:colcon.colcon_core.package_identification:_identify(models/mujoco_menagerie/universal_robots_ur10e) by extension 'colcon_pkg'
[0.272s] Level 1:colcon.colcon_core.package_identification:_identify(models/mujoco_menagerie/universal_robots_ur10e) by extensions ['colcon_meta']
[0.273s] Level 1:colcon.colcon_core.package_identification:_identify(models/mujoco_menagerie/universal_robots_ur10e) by extension 'colcon_meta'
[0.273s] Level 1:colcon.colcon_core.package_identification:_identify(models/mujoco_menagerie/universal_robots_ur10e) by extensions ['ros']
[0.273s] Level 1:colcon.colcon_core.package_identification:_identify(models/mujoco_menagerie/universal_robots_ur10e) by extension 'ros'
[0.273s] Level 1:colcon.colcon_core.package_identification:_identify(models/mujoco_menagerie/universal_robots_ur10e) by extensions ['cmake', 'python']
[0.273s] Level 1:colcon.colcon_core.package_identification:_identify(models/mujoco_menagerie/universal_robots_ur10e) by extension 'cmake'
[0.273s] Level 1:colcon.colcon_core.package_identification:_identify(models/mujoco_menagerie/universal_robots_ur10e) by extension 'python'
[0.273s] Level 1:colcon.colcon_core.package_identification:_identify(models/mujoco_menagerie/universal_robots_ur10e) by extensions ['python_setup_py']
[0.273s] Level 1:colcon.colcon_core.package_identification:_identify(models/mujoco_menagerie/universal_robots_ur10e) by extension 'python_setup_py'
[0.273s] Level 1:colcon.colcon_core.package_identification:_identify(models/mujoco_menagerie/universal_robots_ur10e/assets) by extensions ['ignore', 'ignore_ament_install']
[0.273s] Level 1:colcon.colcon_core.package_identification:_identify(models/mujoco_menagerie/universal_robots_ur10e/assets) by extension 'ignore'
[0.273s] Level 1:colcon.colcon_core.package_identification:_identify(models/mujoco_menagerie/universal_robots_ur10e/assets) by extension 'ignore_ament_install'
[0.273s] Level 1:colcon.colcon_core.package_identification:_identify(models/mujoco_menagerie/universal_robots_ur10e/assets) by extensions ['colcon_pkg']
[0.273s] Level 1:colcon.colcon_core.package_identification:_identify(models/mujoco_menagerie/universal_robots_ur10e/assets) by extension 'colcon_pkg'
[0.273s] Level 1:colcon.colcon_core.package_identification:_identify(models/mujoco_menagerie/universal_robots_ur10e/assets) by extensions ['colcon_meta']
[0.273s] Level 1:colcon.colcon_core.package_identification:_identify(models/mujoco_menagerie/universal_robots_ur10e/assets) by extension 'colcon_meta'
[0.273s] Level 1:colcon.colcon_core.package_identification:_identify(models/mujoco_menagerie/universal_robots_ur10e/assets) by extensions ['ros']
[0.273s] Level 1:colcon.colcon_core.package_identification:_identify(models/mujoco_menagerie/universal_robots_ur10e/assets) by extension 'ros'
[0.273s] Level 1:colcon.colcon_core.package_identification:_identify(models/mujoco_menagerie/universal_robots_ur10e/assets) by extensions ['cmake', 'python']
[0.273s] Level 1:colcon.colcon_core.package_identification:_identify(models/mujoco_menagerie/universal_robots_ur10e/assets) by extension 'cmake'
[0.273s] Level 1:colcon.colcon_core.package_identification:_identify(models/mujoco_menagerie/universal_robots_ur10e/assets) by extension 'python'
[0.273s] Level 1:colcon.colcon_core.package_identification:_identify(models/mujoco_menagerie/universal_robots_ur10e/assets) by extensions ['python_setup_py']
[0.273s] Level 1:colcon.colcon_core.package_identification:_identify(models/mujoco_menagerie/universal_robots_ur10e/assets) by extension 'python_setup_py'
[0.273s] Level 1:colcon.colcon_core.package_identification:_identify(models/mujoco_menagerie/universal_robots_ur5e) by extensions ['ignore', 'ignore_ament_install']
[0.273s] Level 1:colcon.colcon_core.package_identification:_identify(models/mujoco_menagerie/universal_robots_ur5e) by extension 'ignore'
[0.273s] Level 1:colcon.colcon_core.package_identification:_identify(models/mujoco_menagerie/universal_robots_ur5e) by extension 'ignore_ament_install'
[0.273s] Level 1:colcon.colcon_core.package_identification:_identify(models/mujoco_menagerie/universal_robots_ur5e) by extensions ['colcon_pkg']
[0.273s] Level 1:colcon.colcon_core.package_identification:_identify(models/mujoco_menagerie/universal_robots_ur5e) by extension 'colcon_pkg'
[0.274s] Level 1:colcon.colcon_core.package_identification:_identify(models/mujoco_menagerie/universal_robots_ur5e) by extensions ['colcon_meta']
[0.274s] Level 1:colcon.colcon_core.package_identification:_identify(models/mujoco_menagerie/universal_robots_ur5e) by extension 'colcon_meta'
[0.274s] Level 1:colcon.colcon_core.package_identification:_identify(models/mujoco_menagerie/universal_robots_ur5e) by extensions ['ros']
[0.274s] Level 1:colcon.colcon_core.package_identification:_identify(models/mujoco_menagerie/universal_robots_ur5e) by extension 'ros'
[0.274s] Level 1:colcon.colcon_core.package_identification:_identify(models/mujoco_menagerie/universal_robots_ur5e) by extensions ['cmake', 'python']
[0.274s] Level 1:colcon.colcon_core.package_identification:_identify(models/mujoco_menagerie/universal_robots_ur5e) by extension 'cmake'
[0.274s] Level 1:colcon.colcon_core.package_identification:_identify(models/mujoco_menagerie/universal_robots_ur5e) by extension 'python'
[0.274s] Level 1:colcon.colcon_core.package_identification:_identify(models/mujoco_menagerie/universal_robots_ur5e) by extensions ['python_setup_py']
[0.274s] Level 1:colcon.colcon_core.package_identification:_identify(models/mujoco_menagerie/universal_robots_ur5e) by extension 'python_setup_py'
[0.274s] Level 1:colcon.colcon_core.package_identification:_identify(models/mujoco_menagerie/universal_robots_ur5e/assets) by extensions ['ignore', 'ignore_ament_install']
[0.274s] Level 1:colcon.colcon_core.package_identification:_identify(models/mujoco_menagerie/universal_robots_ur5e/assets) by extension 'ignore'
[0.274s] Level 1:colcon.colcon_core.package_identification:_identify(models/mujoco_menagerie/universal_robots_ur5e/assets) by extension 'ignore_ament_install'
[0.274s] Level 1:colcon.colcon_core.package_identification:_identify(models/mujoco_menagerie/universal_robots_ur5e/assets) by extensions ['colcon_pkg']
[0.274s] Level 1:colcon.colcon_core.package_identification:_identify(models/mujoco_menagerie/universal_robots_ur5e/assets) by extension 'colcon_pkg'
[0.274s] Level 1:colcon.colcon_core.package_identification:_identify(models/mujoco_menagerie/universal_robots_ur5e/assets) by extensions ['colcon_meta']
[0.274s] Level 1:colcon.colcon_core.package_identification:_identify(models/mujoco_menagerie/universal_robots_ur5e/assets) by extension 'colcon_meta'
[0.274s] Level 1:colcon.colcon_core.package_identification:_identify(models/mujoco_menagerie/universal_robots_ur5e/assets) by extensions ['ros']
[0.274s] Level 1:colcon.colcon_core.package_identification:_identify(models/mujoco_menagerie/universal_robots_ur5e/assets) by extension 'ros'
[0.274s] Level 1:colcon.colcon_core.package_identification:_identify(models/mujoco_menagerie/universal_robots_ur5e/assets) by extensions ['cmake', 'python']
[0.274s] Level 1:colcon.colcon_core.package_identification:_identify(models/mujoco_menagerie/universal_robots_ur5e/assets) by extension 'cmake'
[0.274s] Level 1:colcon.colcon_core.package_identification:_identify(models/mujoco_menagerie/universal_robots_ur5e/assets) by extension 'python'
[0.274s] Level 1:colcon.colcon_core.package_identification:_identify(models/mujoco_menagerie/universal_robots_ur5e/assets) by extensions ['python_setup_py']
[0.274s] Level 1:colcon.colcon_core.package_identification:_identify(models/mujoco_menagerie/universal_robots_ur5e/assets) by extension 'python_setup_py'
[0.274s] Level 1:colcon.colcon_core.package_identification:_identify(models/mujoco_menagerie/wonik_allegro) by extensions ['ignore', 'ignore_ament_install']
[0.274s] Level 1:colcon.colcon_core.package_identification:_identify(models/mujoco_menagerie/wonik_allegro) by extension 'ignore'
[0.274s] Level 1:colcon.colcon_core.package_identification:_identify(models/mujoco_menagerie/wonik_allegro) by extension 'ignore_ament_install'
[0.274s] Level 1:colcon.colcon_core.package_identification:_identify(models/mujoco_menagerie/wonik_allegro) by extensions ['colcon_pkg']
[0.275s] Level 1:colcon.colcon_core.package_identification:_identify(models/mujoco_menagerie/wonik_allegro) by extension 'colcon_pkg'
[0.275s] Level 1:colcon.colcon_core.package_identification:_identify(models/mujoco_menagerie/wonik_allegro) by extensions ['colcon_meta']
[0.275s] Level 1:colcon.colcon_core.package_identification:_identify(models/mujoco_menagerie/wonik_allegro) by extension 'colcon_meta'
[0.275s] Level 1:colcon.colcon_core.package_identification:_identify(models/mujoco_menagerie/wonik_allegro) by extensions ['ros']
[0.275s] Level 1:colcon.colcon_core.package_identification:_identify(models/mujoco_menagerie/wonik_allegro) by extension 'ros'
[0.275s] Level 1:colcon.colcon_core.package_identification:_identify(models/mujoco_menagerie/wonik_allegro) by extensions ['cmake', 'python']
[0.275s] Level 1:colcon.colcon_core.package_identification:_identify(models/mujoco_menagerie/wonik_allegro) by extension 'cmake'
[0.275s] Level 1:colcon.colcon_core.package_identification:_identify(models/mujoco_menagerie/wonik_allegro) by extension 'python'
[0.275s] Level 1:colcon.colcon_core.package_identification:_identify(models/mujoco_menagerie/wonik_allegro) by extensions ['python_setup_py']
[0.275s] Level 1:colcon.colcon_core.package_identification:_identify(models/mujoco_menagerie/wonik_allegro) by extension 'python_setup_py'
[0.275s] Level 1:colcon.colcon_core.package_identification:_identify(models/mujoco_menagerie/wonik_allegro/assets) by extensions ['ignore', 'ignore_ament_install']
[0.275s] Level 1:colcon.colcon_core.package_identification:_identify(models/mujoco_menagerie/wonik_allegro/assets) by extension 'ignore'
[0.275s] Level 1:colcon.colcon_core.package_identification:_identify(models/mujoco_menagerie/wonik_allegro/assets) by extension 'ignore_ament_install'
[0.275s] Level 1:colcon.colcon_core.package_identification:_identify(models/mujoco_menagerie/wonik_allegro/assets) by extensions ['colcon_pkg']
[0.275s] Level 1:colcon.colcon_core.package_identification:_identify(models/mujoco_menagerie/wonik_allegro/assets) by extension 'colcon_pkg'
[0.275s] Level 1:colcon.colcon_core.package_identification:_identify(models/mujoco_menagerie/wonik_allegro/assets) by extensions ['colcon_meta']
[0.275s] Level 1:colcon.colcon_core.package_identification:_identify(models/mujoco_menagerie/wonik_allegro/assets) by extension 'colcon_meta'
[0.275s] Level 1:colcon.colcon_core.package_identification:_identify(models/mujoco_menagerie/wonik_allegro/assets) by extensions ['ros']
[0.275s] Level 1:colcon.colcon_core.package_identification:_identify(models/mujoco_menagerie/wonik_allegro/assets) by extension 'ros'
[0.275s] Level 1:colcon.colcon_core.package_identification:_identify(models/mujoco_menagerie/wonik_allegro/assets) by extensions ['cmake', 'python']
[0.275s] Level 1:colcon.colcon_core.package_identification:_identify(models/mujoco_menagerie/wonik_allegro/assets) by extension 'cmake'
[0.275s] Level 1:colcon.colcon_core.package_identification:_identify(models/mujoco_menagerie/wonik_allegro/assets) by extension 'python'
[0.275s] Level 1:colcon.colcon_core.package_identification:_identify(models/mujoco_menagerie/wonik_allegro/assets) by extensions ['python_setup_py']
[0.275s] Level 1:colcon.colcon_core.package_identification:_identify(models/mujoco_menagerie/wonik_allegro/assets) by extension 'python_setup_py'
[0.275s] Level 1:colcon.colcon_core.package_identification:_identify(mujoco-3.13.0) by extensions ['ignore', 'ignore_ament_install']
[0.275s] Level 1:colcon.colcon_core.package_identification:_identify(mujoco-3.13.0) by extension 'ignore'
[0.275s] Level 1:colcon.colcon_core.package_identification:_identify(mujoco-3.13.0) by extension 'ignore_ament_install'
[0.276s] Level 1:colcon.colcon_core.package_identification:_identify(mujoco-3.13.0) by extensions ['colcon_pkg']
[0.276s] Level 1:colcon.colcon_core.package_identification:_identify(mujoco-3.13.0) by extension 'colcon_pkg'
[0.276s] Level 1:colcon.colcon_core.package_identification:_identify(mujoco-3.13.0) by extensions ['colcon_meta']
[0.276s] Level 1:colcon.colcon_core.package_identification:_identify(mujoco-3.13.0) by extension 'colcon_meta'
[0.276s] Level 1:colcon.colcon_core.package_identification:_identify(mujoco-3.13.0) by extensions ['ros']
[0.276s] Level 1:colcon.colcon_core.package_identification:_identify(mujoco-3.13.0) by extension 'ros'
[0.276s] Level 1:colcon.colcon_core.package_identification:_identify(mujoco-3.13.0) by extensions ['cmake', 'python']
[0.276s] Level 1:colcon.colcon_core.package_identification:_identify(mujoco-3.13.0) by extension 'cmake'
[0.276s] Level 1:colcon.colcon_core.package_identification:_identify(mujoco-3.13.0) by extension 'python'
[0.276s] Level 1:colcon.colcon_core.package_identification:_identify(mujoco-3.13.0) by extensions ['python_setup_py']
[0.276s] Level 1:colcon.colcon_core.package_identification:_identify(mujoco-3.13.0) by extension 'python_setup_py'
[0.276s] Level 1:colcon.colcon_core.package_identification:_identify(mujoco-3.13.0/bin) by extensions ['ignore', 'ignore_ament_install']
[0.276s] Level 1:colcon.colcon_core.package_identification:_identify(mujoco-3.13.0/bin) by extension 'ignore'
[0.276s] Level 1:colcon.colcon_core.package_identification:_identify(mujoco-3.13.0/bin) by extension 'ignore_ament_install'
[0.276s] Level 1:colcon.colcon_core.package_identification:_identify(mujoco-3.13.0/bin) by extensions ['colcon_pkg']
[0.276s] Level 1:colcon.colcon_core.package_identification:_identify(mujoco-3.13.0/bin) by extension 'colcon_pkg'
[0.276s] Level 1:colcon.colcon_core.package_identification:_identify(mujoco-3.13.0/bin) by extensions ['colcon_meta']
[0.276s] Level 1:colcon.colcon_core.package_identification:_identify(mujoco-3.13.0/bin) by extension 'colcon_meta'
[0.276s] Level 1:colcon.colcon_core.package_identification:_identify(mujoco-3.13.0/bin) by extensions ['ros']
[0.276s] Level 1:colcon.colcon_core.package_identification:_identify(mujoco-3.13.0/bin) by extension 'ros'
[0.276s] Level 1:colcon.colcon_core.package_identification:_identify(mujoco-3.13.0/bin) by extensions ['cmake', 'python']
[0.276s] Level 1:colcon.colcon_core.package_identification:_identify(mujoco-3.13.0/bin) by extension 'cmake'
[0.276s] Level 1:colcon.colcon_core.package_identification:_identify(mujoco-3.13.0/bin) by extension 'python'
[0.276s] Level 1:colcon.colcon_core.package_identification:_identify(mujoco-3.13.0/bin) by extensions ['python_setup_py']
[0.276s] Level 1:colcon.colcon_core.package_identification:_identify(mujoco-3.13.0/bin) by extension 'python_setup_py'
[0.276s] Level 1:colcon.colcon_core.package_identification:_identify(mujoco-3.13.0/bin/assets) by extensions ['ignore', 'ignore_ament_install']
[0.276s] Level 1:colcon.colcon_core.package_identification:_identify(mujoco-3.13.0/bin/assets) by extension 'ignore'
[0.276s] Level 1:colcon.colcon_core.package_identification:_identify(mujoco-3.13.0/bin/assets) by extension 'ignore_ament_install'
[0.276s] Level 1:colcon.colcon_core.package_identification:_identify(mujoco-3.13.0/bin/assets) by extensions ['colcon_pkg']
[0.276s] Level 1:colcon.colcon_core.package_identification:_identify(mujoco-3.13.0/bin/assets) by extension 'colcon_pkg'
[0.276s] Level 1:colcon.colcon_core.package_identification:_identify(mujoco-3.13.0/bin/assets) by extensions ['colcon_meta']
[0.276s] Level 1:colcon.colcon_core.package_identification:_identify(mujoco-3.13.0/bin/assets) by extension 'colcon_meta'
[0.277s] Level 1:colcon.colcon_core.package_identification:_identify(mujoco-3.13.0/bin/assets) by extensions ['ros']
[0.277s] Level 1:colcon.colcon_core.package_identification:_identify(mujoco-3.13.0/bin/assets) by extension 'ros'
[0.277s] Level 1:colcon.colcon_core.package_identification:_identify(mujoco-3.13.0/bin/assets) by extensions ['cmake', 'python']
[0.277s] Level 1:colcon.colcon_core.package_identification:_identify(mujoco-3.13.0/bin/assets) by extension 'cmake'
[0.277s] Level 1:colcon.colcon_core.package_identification:_identify(mujoco-3.13.0/bin/assets) by extension 'python'
[0.277s] Level 1:colcon.colcon_core.package_identification:_identify(mujoco-3.13.0/bin/assets) by extensions ['python_setup_py']
[0.277s] Level 1:colcon.colcon_core.package_identification:_identify(mujoco-3.13.0/bin/assets) by extension 'python_setup_py'
[0.277s] Level 1:colcon.colcon_core.package_identification:_identify(mujoco-3.13.0/bin/mujoco_plugin) by extensions ['ignore', 'ignore_ament_install']
[0.277s] Level 1:colcon.colcon_core.package_identification:_identify(mujoco-3.13.0/bin/mujoco_plugin) by extension 'ignore'
[0.277s] Level 1:colcon.colcon_core.package_identification:_identify(mujoco-3.13.0/bin/mujoco_plugin) by extension 'ignore_ament_install'
[0.277s] Level 1:colcon.colcon_core.package_identification:_identify(mujoco-3.13.0/bin/mujoco_plugin) by extensions ['colcon_pkg']
[0.277s] Level 1:colcon.colcon_core.package_identification:_identify(mujoco-3.13.0/bin/mujoco_plugin) by extension 'colcon_pkg'
[0.277s] Level 1:colcon.colcon_core.package_identification:_identify(mujoco-3.13.0/bin/mujoco_plugin) by extensions ['colcon_meta']
[0.277s] Level 1:colcon.colcon_core.package_identification:_identify(mujoco-3.13.0/bin/mujoco_plugin) by extension 'colcon_meta'
[0.277s] Level 1:colcon.colcon_core.package_identification:_identify(mujoco-3.13.0/bin/mujoco_plugin) by extensions ['ros']
[0.277s] Level 1:colcon.colcon_core.package_identification:_identify(mujoco-3.13.0/bin/mujoco_plugin) by extension 'ros'
[0.277s] Level 1:colcon.colcon_core.package_identification:_identify(mujoco-3.13.0/bin/mujoco_plugin) by extensions ['cmake', 'python']
[0.277s] Level 1:colcon.colcon_core.package_identification:_identify(mujoco-3.13.0/bin/mujoco_plugin) by extension 'cmake'
[0.277s] Level 1:colcon.colcon_core.package_identification:_identify(mujoco-3.13.0/bin/mujoco_plugin) by extension 'python'
[0.277s] Level 1:colcon.colcon_core.package_identification:_identify(mujoco-3.13.0/bin/mujoco_plugin) by extensions ['python_setup_py']
[0.277s] Level 1:colcon.colcon_core.package_identification:_identify(mujoco-3.13.0/bin/mujoco_plugin) by extension 'python_setup_py'
[0.277s] Level 1:colcon.colcon_core.package_identification:_identify(mujoco-3.13.0/include) by extensions ['ignore', 'ignore_ament_install']
[0.277s] Level 1:colcon.colcon_core.package_identification:_identify(mujoco-3.13.0/include) by extension 'ignore'
[0.277s] Level 1:colcon.colcon_core.package_identification:_identify(mujoco-3.13.0/include) by extension 'ignore_ament_install'
[0.277s] Level 1:colcon.colcon_core.package_identification:_identify(mujoco-3.13.0/include) by extensions ['colcon_pkg']
[0.277s] Level 1:colcon.colcon_core.package_identification:_identify(mujoco-3.13.0/include) by extension 'colcon_pkg'
[0.277s] Level 1:colcon.colcon_core.package_identification:_identify(mujoco-3.13.0/include) by extensions ['colcon_meta']
[0.277s] Level 1:colcon.colcon_core.package_identification:_identify(mujoco-3.13.0/include) by extension 'colcon_meta'
[0.277s] Level 1:colcon.colcon_core.package_identification:_identify(mujoco-3.13.0/include) by extensions ['ros']
[0.277s] Level 1:colcon.colcon_core.package_identification:_identify(mujoco-3.13.0/include) by extension 'ros'
[0.277s] Level 1:colcon.colcon_core.package_identification:_identify(mujoco-3.13.0/include) by extensions ['cmake', 'python']
[0.277s] Level 1:colcon.colcon_core.package_identification:_identify(mujoco-3.13.0/include) by extension 'cmake'
[0.278s] Level 1:colcon.colcon_core.package_identification:_identify(mujoco-3.13.0/include) by extension 'python'
[0.278s] Level 1:colcon.colcon_core.package_identification:_identify(mujoco-3.13.0/include) by extensions ['python_setup_py']
[0.278s] Level 1:colcon.colcon_core.package_identification:_identify(mujoco-3.13.0/include) by extension 'python_setup_py'
[0.278s] Level 1:colcon.colcon_core.package_identification:_identify(mujoco-3.13.0/include/SDL2) by extensions ['ignore', 'ignore_ament_install']
[0.278s] Level 1:colcon.colcon_core.package_identification:_identify(mujoco-3.13.0/include/SDL2) by extension 'ignore'
[0.278s] Level 1:colcon.colcon_core.package_identification:_identify(mujoco-3.13.0/include/SDL2) by extension 'ignore_ament_install'
[0.278s] Level 1:colcon.colcon_core.package_identification:_identify(mujoco-3.13.0/include/SDL2) by extensions ['colcon_pkg']
[0.278s] Level 1:colcon.colcon_core.package_identification:_identify(mujoco-3.13.0/include/SDL2) by extension 'colcon_pkg'
[0.278s] Level 1:colcon.colcon_core.package_identification:_identify(mujoco-3.13.0/include/SDL2) by extensions ['colcon_meta']
[0.278s] Level 1:colcon.colcon_core.package_identification:_identify(mujoco-3.13.0/include/SDL2) by extension 'colcon_meta'
[0.278s] Level 1:colcon.colcon_core.package_identification:_identify(mujoco-3.13.0/include/SDL2) by extensions ['ros']
[0.278s] Level 1:colcon.colcon_core.package_identification:_identify(mujoco-3.13.0/include/SDL2) by extension 'ros'
[0.278s] Level 1:colcon.colcon_core.package_identification:_identify(mujoco-3.13.0/include/SDL2) by extensions ['cmake', 'python']
[0.278s] Level 1:colcon.colcon_core.package_identification:_identify(mujoco-3.13.0/include/SDL2) by extension 'cmake'
[0.278s] Level 1:colcon.colcon_core.package_identification:_identify(mujoco-3.13.0/include/SDL2) by extension 'python'
[0.278s] Level 1:colcon.colcon_core.package_identification:_identify(mujoco-3.13.0/include/SDL2) by extensions ['python_setup_py']
[0.278s] Level 1:colcon.colcon_core.package_identification:_identify(mujoco-3.13.0/include/SDL2) by extension 'python_setup_py'
[0.278s] Level 1:colcon.colcon_core.package_identification:_identify(mujoco-3.13.0/include/math) by extensions ['ignore', 'ignore_ament_install']
[0.278s] Level 1:colcon.colcon_core.package_identification:_identify(mujoco-3.13.0/include/math) by extension 'ignore'
[0.278s] Level 1:colcon.colcon_core.package_identification:_identify(mujoco-3.13.0/include/math) by extension 'ignore_ament_install'
[0.278s] Level 1:colcon.colcon_core.package_identification:_identify(mujoco-3.13.0/include/math) by extensions ['colcon_pkg']
[0.278s] Level 1:colcon.colcon_core.package_identification:_identify(mujoco-3.13.0/include/math) by extension 'colcon_pkg'
[0.278s] Level 1:colcon.colcon_core.package_identification:_identify(mujoco-3.13.0/include/math) by extensions ['colcon_meta']
[0.278s] Level 1:colcon.colcon_core.package_identification:_identify(mujoco-3.13.0/include/math) by extension 'colcon_meta'
[0.278s] Level 1:colcon.colcon_core.package_identification:_identify(mujoco-3.13.0/include/math) by extensions ['ros']
[0.278s] Level 1:colcon.colcon_core.package_identification:_identify(mujoco-3.13.0/include/math) by extension 'ros'
[0.278s] Level 1:colcon.colcon_core.package_identification:_identify(mujoco-3.13.0/include/math) by extensions ['cmake', 'python']
[0.278s] Level 1:colcon.colcon_core.package_identification:_identify(mujoco-3.13.0/include/math) by extension 'cmake'
[0.278s] Level 1:colcon.colcon_core.package_identification:_identify(mujoco-3.13.0/include/math) by extension 'python'
[0.278s] Level 1:colcon.colcon_core.package_identification:_identify(mujoco-3.13.0/include/math) by extensions ['python_setup_py']
[0.278s] Level 1:colcon.colcon_core.package_identification:_identify(mujoco-3.13.0/include/math) by extension 'python_setup_py'
[0.279s] Level 1:colcon.colcon_core.package_identification:_identify(mujoco-3.13.0/include/misc) by extensions ['ignore', 'ignore_ament_install']
[0.279s] Level 1:colcon.colcon_core.package_identification:_identify(mujoco-3.13.0/include/misc) by extension 'ignore'
[0.279s] Level 1:colcon.colcon_core.package_identification:_identify(mujoco-3.13.0/include/misc) by extension 'ignore_ament_install'
[0.279s] Level 1:colcon.colcon_core.package_identification:_identify(mujoco-3.13.0/include/misc) by extensions ['colcon_pkg']
[0.279s] Level 1:colcon.colcon_core.package_identification:_identify(mujoco-3.13.0/include/misc) by extension 'colcon_pkg'
[0.279s] Level 1:colcon.colcon_core.package_identification:_identify(mujoco-3.13.0/include/misc) by extensions ['colcon_meta']
[0.279s] Level 1:colcon.colcon_core.package_identification:_identify(mujoco-3.13.0/include/misc) by extension 'colcon_meta'
[0.279s] Level 1:colcon.colcon_core.package_identification:_identify(mujoco-3.13.0/include/misc) by extensions ['ros']
[0.279s] Level 1:colcon.colcon_core.package_identification:_identify(mujoco-3.13.0/include/misc) by extension 'ros'
[0.279s] Level 1:colcon.colcon_core.package_identification:_identify(mujoco-3.13.0/include/misc) by extensions ['cmake', 'python']
[0.279s] Level 1:colcon.colcon_core.package_identification:_identify(mujoco-3.13.0/include/misc) by extension 'cmake'
[0.279s] Level 1:colcon.colcon_core.package_identification:_identify(mujoco-3.13.0/include/misc) by extension 'python'
[0.279s] Level 1:colcon.colcon_core.package_identification:_identify(mujoco-3.13.0/include/misc) by extensions ['python_setup_py']
[0.279s] Level 1:colcon.colcon_core.package_identification:_identify(mujoco-3.13.0/include/misc) by extension 'python_setup_py'
[0.279s] Level 1:colcon.colcon_core.package_identification:_identify(mujoco-3.13.0/include/misc/cpp) by extensions ['ignore', 'ignore_ament_install']
[0.279s] Level 1:colcon.colcon_core.package_identification:_identify(mujoco-3.13.0/include/misc/cpp) by extension 'ignore'
[0.279s] Level 1:colcon.colcon_core.package_identification:_identify(mujoco-3.13.0/include/misc/cpp) by extension 'ignore_ament_install'
[0.279s] Level 1:colcon.colcon_core.package_identification:_identify(mujoco-3.13.0/include/misc/cpp) by extensions ['colcon_pkg']
[0.279s] Level 1:colcon.colcon_core.package_identification:_identify(mujoco-3.13.0/include/misc/cpp) by extension 'colcon_pkg'
[0.279s] Level 1:colcon.colcon_core.package_identification:_identify(mujoco-3.13.0/include/misc/cpp) by extensions ['colcon_meta']
[0.279s] Level 1:colcon.colcon_core.package_identification:_identify(mujoco-3.13.0/include/misc/cpp) by extension 'colcon_meta'
[0.279s] Level 1:colcon.colcon_core.package_identification:_identify(mujoco-3.13.0/include/misc/cpp) by extensions ['ros']
[0.279s] Level 1:colcon.colcon_core.package_identification:_identify(mujoco-3.13.0/include/misc/cpp) by extension 'ros'
[0.279s] Level 1:colcon.colcon_core.package_identification:_identify(mujoco-3.13.0/include/misc/cpp) by extensions ['cmake', 'python']
[0.279s] Level 1:colcon.colcon_core.package_identification:_identify(mujoco-3.13.0/include/misc/cpp) by extension 'cmake'
[0.279s] Level 1:colcon.colcon_core.package_identification:_identify(mujoco-3.13.0/include/misc/cpp) by extension 'python'
[0.279s] Level 1:colcon.colcon_core.package_identification:_identify(mujoco-3.13.0/include/misc/cpp) by extensions ['python_setup_py']
[0.279s] Level 1:colcon.colcon_core.package_identification:_identify(mujoco-3.13.0/include/misc/cpp) by extension 'python_setup_py'
[0.279s] Level 1:colcon.colcon_core.package_identification:_identify(mujoco-3.13.0/include/mujoco) by extensions ['ignore', 'ignore_ament_install']
[0.279s] Level 1:colcon.colcon_core.package_identification:_identify(mujoco-3.13.0/include/mujoco) by extension 'ignore'
[0.280s] Level 1:colcon.colcon_core.package_identification:_identify(mujoco-3.13.0/include/mujoco) by extension 'ignore_ament_install'
[0.280s] Level 1:colcon.colcon_core.package_identification:_identify(mujoco-3.13.0/include/mujoco) by extensions ['colcon_pkg']
[0.280s] Level 1:colcon.colcon_core.package_identification:_identify(mujoco-3.13.0/include/mujoco) by extension 'colcon_pkg'
[0.280s] Level 1:colcon.colcon_core.package_identification:_identify(mujoco-3.13.0/include/mujoco) by extensions ['colcon_meta']
[0.280s] Level 1:colcon.colcon_core.package_identification:_identify(mujoco-3.13.0/include/mujoco) by extension 'colcon_meta'
[0.280s] Level 1:colcon.colcon_core.package_identification:_identify(mujoco-3.13.0/include/mujoco) by extensions ['ros']
[0.280s] Level 1:colcon.colcon_core.package_identification:_identify(mujoco-3.13.0/include/mujoco) by extension 'ros'
[0.280s] Level 1:colcon.colcon_core.package_identification:_identify(mujoco-3.13.0/include/mujoco) by extensions ['cmake', 'python']
[0.280s] Level 1:colcon.colcon_core.package_identification:_identify(mujoco-3.13.0/include/mujoco) by extension 'cmake'
[0.280s] Level 1:colcon.colcon_core.package_identification:_identify(mujoco-3.13.0/include/mujoco) by extension 'python'
[0.280s] Level 1:colcon.colcon_core.package_identification:_identify(mujoco-3.13.0/include/mujoco) by extensions ['python_setup_py']
[0.280s] Level 1:colcon.colcon_core.package_identification:_identify(mujoco-3.13.0/include/mujoco) by extension 'python_setup_py'
[0.280s] Level 1:colcon.colcon_core.package_identification:_identify(mujoco-3.13.0/include/mujoco/experimental) by extensions ['ignore', 'ignore_ament_install']
[0.280s] Level 1:colcon.colcon_core.package_identification:_identify(mujoco-3.13.0/include/mujoco/experimental) by extension 'ignore'
[0.280s] Level 1:colcon.colcon_core.package_identification:_identify(mujoco-3.13.0/include/mujoco/experimental) by extension 'ignore_ament_install'
[0.280s] Level 1:colcon.colcon_core.package_identification:_identify(mujoco-3.13.0/include/mujoco/experimental) by extensions ['colcon_pkg']
[0.280s] Level 1:colcon.colcon_core.package_identification:_identify(mujoco-3.13.0/include/mujoco/experimental) by extension 'colcon_pkg'
[0.280s] Level 1:colcon.colcon_core.package_identification:_identify(mujoco-3.13.0/include/mujoco/experimental) by extensions ['colcon_meta']
[0.280s] Level 1:colcon.colcon_core.package_identification:_identify(mujoco-3.13.0/include/mujoco/experimental) by extension 'colcon_meta'
[0.280s] Level 1:colcon.colcon_core.package_identification:_identify(mujoco-3.13.0/include/mujoco/experimental) by extensions ['ros']
[0.280s] Level 1:colcon.colcon_core.package_identification:_identify(mujoco-3.13.0/include/mujoco/experimental) by extension 'ros'
[0.280s] Level 1:colcon.colcon_core.package_identification:_identify(mujoco-3.13.0/include/mujoco/experimental) by extensions ['cmake', 'python']
[0.280s] Level 1:colcon.colcon_core.package_identification:_identify(mujoco-3.13.0/include/mujoco/experimental) by extension 'cmake'
[0.280s] Level 1:colcon.colcon_core.package_identification:_identify(mujoco-3.13.0/include/mujoco/experimental) by extension 'python'
[0.280s] Level 1:colcon.colcon_core.package_identification:_identify(mujoco-3.13.0/include/mujoco/experimental) by extensions ['python_setup_py']
[0.280s] Level 1:colcon.colcon_core.package_identification:_identify(mujoco-3.13.0/include/mujoco/experimental) by extension 'python_setup_py'
[0.280s] Level 1:colcon.colcon_core.package_identification:_identify(mujoco-3.13.0/include/mujoco/experimental/filament) by extensions ['ignore', 'ignore_ament_install']
[0.280s] Level 1:colcon.colcon_core.package_identification:_identify(mujoco-3.13.0/include/mujoco/experimental/filament) by extension 'ignore'
[0.280s] Level 1:colcon.colcon_core.package_identification:_identify(mujoco-3.13.0/include/mujoco/experimental/filament) by extension 'ignore_ament_install'
[0.280s] Level 1:colcon.colcon_core.package_identification:_identify(mujoco-3.13.0/include/mujoco/experimental/filament) by extensions ['colcon_pkg']
[0.280s] Level 1:colcon.colcon_core.package_identification:_identify(mujoco-3.13.0/include/mujoco/experimental/filament) by extension 'colcon_pkg'
[0.280s] Level 1:colcon.colcon_core.package_identification:_identify(mujoco-3.13.0/include/mujoco/experimental/filament) by extensions ['colcon_meta']
[0.281s] Level 1:colcon.colcon_core.package_identification:_identify(mujoco-3.13.0/include/mujoco/experimental/filament) by extension 'colcon_meta'
[0.281s] Level 1:colcon.colcon_core.package_identification:_identify(mujoco-3.13.0/include/mujoco/experimental/filament) by extensions ['ros']
[0.281s] Level 1:colcon.colcon_core.package_identification:_identify(mujoco-3.13.0/include/mujoco/experimental/filament) by extension 'ros'
[0.281s] Level 1:colcon.colcon_core.package_identification:_identify(mujoco-3.13.0/include/mujoco/experimental/filament) by extensions ['cmake', 'python']
[0.281s] Level 1:colcon.colcon_core.package_identification:_identify(mujoco-3.13.0/include/mujoco/experimental/filament) by extension 'cmake'
[0.281s] Level 1:colcon.colcon_core.package_identification:_identify(mujoco-3.13.0/include/mujoco/experimental/filament) by extension 'python'
[0.281s] Level 1:colcon.colcon_core.package_identification:_identify(mujoco-3.13.0/include/mujoco/experimental/filament) by extensions ['python_setup_py']
[0.281s] Level 1:colcon.colcon_core.package_identification:_identify(mujoco-3.13.0/include/mujoco/experimental/filament) by extension 'python_setup_py'
[0.281s] Level 1:colcon.colcon_core.package_identification:_identify(mujoco-3.13.0/include/mujoco/experimental/filament/compat) by extensions ['ignore', 'ignore_ament_install']
[0.281s] Level 1:colcon.colcon_core.package_identification:_identify(mujoco-3.13.0/include/mujoco/experimental/filament/compat) by extension 'ignore'
[0.281s] Level 1:colcon.colcon_core.package_identification:_identify(mujoco-3.13.0/include/mujoco/experimental/filament/compat) by extension 'ignore_ament_install'
[0.281s] Level 1:colcon.colcon_core.package_identification:_identify(mujoco-3.13.0/include/mujoco/experimental/filament/compat) by extensions ['colcon_pkg']
[0.281s] Level 1:colcon.colcon_core.package_identification:_identify(mujoco-3.13.0/include/mujoco/experimental/filament/compat) by extension 'colcon_pkg'
[0.281s] Level 1:colcon.colcon_core.package_identification:_identify(mujoco-3.13.0/include/mujoco/experimental/filament/compat) by extensions ['colcon_meta']
[0.281s] Level 1:colcon.colcon_core.package_identification:_identify(mujoco-3.13.0/include/mujoco/experimental/filament/compat) by extension 'colcon_meta'
[0.281s] Level 1:colcon.colcon_core.package_identification:_identify(mujoco-3.13.0/include/mujoco/experimental/filament/compat) by extensions ['ros']
[0.281s] Level 1:colcon.colcon_core.package_identification:_identify(mujoco-3.13.0/include/mujoco/experimental/filament/compat) by extension 'ros'
[0.281s] Level 1:colcon.colcon_core.package_identification:_identify(mujoco-3.13.0/include/mujoco/experimental/filament/compat) by extensions ['cmake', 'python']
[0.281s] Level 1:colcon.colcon_core.package_identification:_identify(mujoco-3.13.0/include/mujoco/experimental/filament/compat) by extension 'cmake'
[0.281s] Level 1:colcon.colcon_core.package_identification:_identify(mujoco-3.13.0/include/mujoco/experimental/filament/compat) by extension 'python'
[0.281s] Level 1:colcon.colcon_core.package_identification:_identify(mujoco-3.13.0/include/mujoco/experimental/filament/compat) by extensions ['python_setup_py']
[0.281s] Level 1:colcon.colcon_core.package_identification:_identify(mujoco-3.13.0/include/mujoco/experimental/filament/compat) by extension 'python_setup_py'
[0.281s] Level 1:colcon.colcon_core.package_identification:_identify(mujoco-3.13.0/include/mujoco/experimental/studio) by extensions ['ignore', 'ignore_ament_install']
[0.281s] Level 1:colcon.colcon_core.package_identification:_identify(mujoco-3.13.0/include/mujoco/experimental/studio) by extension 'ignore'
[0.281s] Level 1:colcon.colcon_core.package_identification:_identify(mujoco-3.13.0/include/mujoco/experimental/studio) by extension 'ignore_ament_install'
[0.281s] Level 1:colcon.colcon_core.package_identification:_identify(mujoco-3.13.0/include/mujoco/experimental/studio) by extensions ['colcon_pkg']
[0.281s] Level 1:colcon.colcon_core.package_identification:_identify(mujoco-3.13.0/include/mujoco/experimental/studio) by extension 'colcon_pkg'
[0.281s] Level 1:colcon.colcon_core.package_identification:_identify(mujoco-3.13.0/include/mujoco/experimental/studio) by extensions ['colcon_meta']
[0.281s] Level 1:colcon.colcon_core.package_identification:_identify(mujoco-3.13.0/include/mujoco/experimental/studio) by extension 'colcon_meta'
[0.281s] Level 1:colcon.colcon_core.package_identification:_identify(mujoco-3.13.0/include/mujoco/experimental/studio) by extensions ['ros']
[0.281s] Level 1:colcon.colcon_core.package_identification:_identify(mujoco-3.13.0/include/mujoco/experimental/studio) by extension 'ros'
[0.282s] Level 1:colcon.colcon_core.package_identification:_identify(mujoco-3.13.0/include/mujoco/experimental/studio) by extensions ['cmake', 'python']
[0.282s] Level 1:colcon.colcon_core.package_identification:_identify(mujoco-3.13.0/include/mujoco/experimental/studio) by extension 'cmake'
[0.282s] Level 1:colcon.colcon_core.package_identification:_identify(mujoco-3.13.0/include/mujoco/experimental/studio) by extension 'python'
[0.282s] Level 1:colcon.colcon_core.package_identification:_identify(mujoco-3.13.0/include/mujoco/experimental/studio) by extensions ['python_setup_py']
[0.282s] Level 1:colcon.colcon_core.package_identification:_identify(mujoco-3.13.0/include/mujoco/experimental/studio) by extension 'python_setup_py'
[0.282s] Level 1:colcon.colcon_core.package_identification:_identify(mujoco-3.13.0/include/mujoco/experimental/studio/hal) by extensions ['ignore', 'ignore_ament_install']
[0.282s] Level 1:colcon.colcon_core.package_identification:_identify(mujoco-3.13.0/include/mujoco/experimental/studio/hal) by extension 'ignore'
[0.282s] Level 1:colcon.colcon_core.package_identification:_identify(mujoco-3.13.0/include/mujoco/experimental/studio/hal) by extension 'ignore_ament_install'
[0.282s] Level 1:colcon.colcon_core.package_identification:_identify(mujoco-3.13.0/include/mujoco/experimental/studio/hal) by extensions ['colcon_pkg']
[0.282s] Level 1:colcon.colcon_core.package_identification:_identify(mujoco-3.13.0/include/mujoco/experimental/studio/hal) by extension 'colcon_pkg'
[0.282s] Level 1:colcon.colcon_core.package_identification:_identify(mujoco-3.13.0/include/mujoco/experimental/studio/hal) by extensions ['colcon_meta']
[0.282s] Level 1:colcon.colcon_core.package_identification:_identify(mujoco-3.13.0/include/mujoco/experimental/studio/hal) by extension 'colcon_meta'
[0.282s] Level 1:colcon.colcon_core.package_identification:_identify(mujoco-3.13.0/include/mujoco/experimental/studio/hal) by extensions ['ros']
[0.282s] Level 1:colcon.colcon_core.package_identification:_identify(mujoco-3.13.0/include/mujoco/experimental/studio/hal) by extension 'ros'
[0.282s] Level 1:colcon.colcon_core.package_identification:_identify(mujoco-3.13.0/include/mujoco/experimental/studio/hal) by extensions ['cmake', 'python']
[0.282s] Level 1:colcon.colcon_core.package_identification:_identify(mujoco-3.13.0/include/mujoco/experimental/studio/hal) by extension 'cmake'
[0.282s] Level 1:colcon.colcon_core.package_identification:_identify(mujoco-3.13.0/include/mujoco/experimental/studio/hal) by extension 'python'
[0.282s] Level 1:colcon.colcon_core.package_identification:_identify(mujoco-3.13.0/include/mujoco/experimental/studio/hal) by extensions ['python_setup_py']
[0.282s] Level 1:colcon.colcon_core.package_identification:_identify(mujoco-3.13.0/include/mujoco/experimental/studio/hal) by extension 'python_setup_py'
[0.282s] Level 1:colcon.colcon_core.package_identification:_identify(mujoco-3.13.0/include/mujoco/experimental/studio/io) by extensions ['ignore', 'ignore_ament_install']
[0.282s] Level 1:colcon.colcon_core.package_identification:_identify(mujoco-3.13.0/include/mujoco/experimental/studio/io) by extension 'ignore'
[0.282s] Level 1:colcon.colcon_core.package_identification:_identify(mujoco-3.13.0/include/mujoco/experimental/studio/io) by extension 'ignore_ament_install'
[0.282s] Level 1:colcon.colcon_core.package_identification:_identify(mujoco-3.13.0/include/mujoco/experimental/studio/io) by extensions ['colcon_pkg']
[0.282s] Level 1:colcon.colcon_core.package_identification:_identify(mujoco-3.13.0/include/mujoco/experimental/studio/io) by extension 'colcon_pkg'
[0.282s] Level 1:colcon.colcon_core.package_identification:_identify(mujoco-3.13.0/include/mujoco/experimental/studio/io) by extensions ['colcon_meta']
[0.282s] Level 1:colcon.colcon_core.package_identification:_identify(mujoco-3.13.0/include/mujoco/experimental/studio/io) by extension 'colcon_meta'
[0.283s] Level 1:colcon.colcon_core.package_identification:_identify(mujoco-3.13.0/include/mujoco/experimental/studio/io) by extensions ['ros']
[0.283s] Level 1:colcon.colcon_core.package_identification:_identify(mujoco-3.13.0/include/mujoco/experimental/studio/io) by extension 'ros'
[0.283s] Level 1:colcon.colcon_core.package_identification:_identify(mujoco-3.13.0/include/mujoco/experimental/studio/io) by extensions ['cmake', 'python']
[0.283s] Level 1:colcon.colcon_core.package_identification:_identify(mujoco-3.13.0/include/mujoco/experimental/studio/io) by extension 'cmake'
[0.283s] Level 1:colcon.colcon_core.package_identification:_identify(mujoco-3.13.0/include/mujoco/experimental/studio/io) by extension 'python'
[0.283s] Level 1:colcon.colcon_core.package_identification:_identify(mujoco-3.13.0/include/mujoco/experimental/studio/io) by extensions ['python_setup_py']
[0.283s] Level 1:colcon.colcon_core.package_identification:_identify(mujoco-3.13.0/include/mujoco/experimental/studio/io) by extension 'python_setup_py'
[0.283s] Level 1:colcon.colcon_core.package_identification:_identify(mujoco-3.13.0/include/mujoco/experimental/studio/sim) by extensions ['ignore', 'ignore_ament_install']
[0.283s] Level 1:colcon.colcon_core.package_identification:_identify(mujoco-3.13.0/include/mujoco/experimental/studio/sim) by extension 'ignore'
[0.283s] Level 1:colcon.colcon_core.package_identification:_identify(mujoco-3.13.0/include/mujoco/experimental/studio/sim) by extension 'ignore_ament_install'
[0.283s] Level 1:colcon.colcon_core.package_identification:_identify(mujoco-3.13.0/include/mujoco/experimental/studio/sim) by extensions ['colcon_pkg']
[0.283s] Level 1:colcon.colcon_core.package_identification:_identify(mujoco-3.13.0/include/mujoco/experimental/studio/sim) by extension 'colcon_pkg'
[0.283s] Level 1:colcon.colcon_core.package_identification:_identify(mujoco-3.13.0/include/mujoco/experimental/studio/sim) by extensions ['colcon_meta']
[0.283s] Level 1:colcon.colcon_core.package_identification:_identify(mujoco-3.13.0/include/mujoco/experimental/studio/sim) by extension 'colcon_meta'
[0.283s] Level 1:colcon.colcon_core.package_identification:_identify(mujoco-3.13.0/include/mujoco/experimental/studio/sim) by extensions ['ros']
[0.283s] Level 1:colcon.colcon_core.package_identification:_identify(mujoco-3.13.0/include/mujoco/experimental/studio/sim) by extension 'ros'
[0.283s] Level 1:colcon.colcon_core.package_identification:_identify(mujoco-3.13.0/include/mujoco/experimental/studio/sim) by extensions ['cmake', 'python']
[0.283s] Level 1:colcon.colcon_core.package_identification:_identify(mujoco-3.13.0/include/mujoco/experimental/studio/sim) by extension 'cmake'
[0.283s] Level 1:colcon.colcon_core.package_identification:_identify(mujoco-3.13.0/include/mujoco/experimental/studio/sim) by extension 'python'
[0.283s] Level 1:colcon.colcon_core.package_identification:_identify(mujoco-3.13.0/include/mujoco/experimental/studio/sim) by extensions ['python_setup_py']
[0.283s] Level 1:colcon.colcon_core.package_identification:_identify(mujoco-3.13.0/include/mujoco/experimental/studio/sim) by extension 'python_setup_py'
[0.283s] Level 1:colcon.colcon_core.package_identification:_identify(mujoco-3.13.0/include/mujoco/experimental/studio/ux) by extensions ['ignore', 'ignore_ament_install']
[0.283s] Level 1:colcon.colcon_core.package_identification:_identify(mujoco-3.13.0/include/mujoco/experimental/studio/ux) by extension 'ignore'
[0.283s] Level 1:colcon.colcon_core.package_identification:_identify(mujoco-3.13.0/include/mujoco/experimental/studio/ux) by extension 'ignore_ament_install'
[0.283s] Level 1:colcon.colcon_core.package_identification:_identify(mujoco-3.13.0/include/mujoco/experimental/studio/ux) by extensions ['colcon_pkg']
[0.283s] Level 1:colcon.colcon_core.package_identification:_identify(mujoco-3.13.0/include/mujoco/experimental/studio/ux) by extension 'colcon_pkg'
[0.283s] Level 1:colcon.colcon_core.package_identification:_identify(mujoco-3.13.0/include/mujoco/experimental/studio/ux) by extensions ['colcon_meta']
[0.283s] Level 1:colcon.colcon_core.package_identification:_identify(mujoco-3.13.0/include/mujoco/experimental/studio/ux) by extension 'colcon_meta'
[0.284s] Level 1:colcon.colcon_core.package_identification:_identify(mujoco-3.13.0/include/mujoco/experimental/studio/ux) by extensions ['ros']
[0.284s] Level 1:colcon.colcon_core.package_identification:_identify(mujoco-3.13.0/include/mujoco/experimental/studio/ux) by extension 'ros'
[0.284s] Level 1:colcon.colcon_core.package_identification:_identify(mujoco-3.13.0/include/mujoco/experimental/studio/ux) by extensions ['cmake', 'python']
[0.284s] Level 1:colcon.colcon_core.package_identification:_identify(mujoco-3.13.0/include/mujoco/experimental/studio/ux) by extension 'cmake'
[0.284s] Level 1:colcon.colcon_core.package_identification:_identify(mujoco-3.13.0/include/mujoco/experimental/studio/ux) by extension 'python'
[0.284s] Level 1:colcon.colcon_core.package_identification:_identify(mujoco-3.13.0/include/mujoco/experimental/studio/ux) by extensions ['python_setup_py']
[0.284s] Level 1:colcon.colcon_core.package_identification:_identify(mujoco-3.13.0/include/mujoco/experimental/studio/ux) by extension 'python_setup_py'
[0.284s] Level 1:colcon.colcon_core.package_identification:_identify(mujoco-3.13.0/include/mujoco/experimental/usd) by extensions ['ignore', 'ignore_ament_install']
[0.284s] Level 1:colcon.colcon_core.package_identification:_identify(mujoco-3.13.0/include/mujoco/experimental/usd) by extension 'ignore'
[0.284s] Level 1:colcon.colcon_core.package_identification:_identify(mujoco-3.13.0/include/mujoco/experimental/usd) by extension 'ignore_ament_install'
[0.284s] Level 1:colcon.colcon_core.package_identification:_identify(mujoco-3.13.0/include/mujoco/experimental/usd) by extensions ['colcon_pkg']
[0.284s] Level 1:colcon.colcon_core.package_identification:_identify(mujoco-3.13.0/include/mujoco/experimental/usd) by extension 'colcon_pkg'
[0.284s] Level 1:colcon.colcon_core.package_identification:_identify(mujoco-3.13.0/include/mujoco/experimental/usd) by extensions ['colcon_meta']
[0.284s] Level 1:colcon.colcon_core.package_identification:_identify(mujoco-3.13.0/include/mujoco/experimental/usd) by extension 'colcon_meta'
[0.284s] Level 1:colcon.colcon_core.package_identification:_identify(mujoco-3.13.0/include/mujoco/experimental/usd) by extensions ['ros']
[0.284s] Level 1:colcon.colcon_core.package_identification:_identify(mujoco-3.13.0/include/mujoco/experimental/usd) by extension 'ros'
[0.284s] Level 1:colcon.colcon_core.package_identification:_identify(mujoco-3.13.0/include/mujoco/experimental/usd) by extensions ['cmake', 'python']
[0.284s] Level 1:colcon.colcon_core.package_identification:_identify(mujoco-3.13.0/include/mujoco/experimental/usd) by extension 'cmake'
[0.284s] Level 1:colcon.colcon_core.package_identification:_identify(mujoco-3.13.0/include/mujoco/experimental/usd) by extension 'python'
[0.284s] Level 1:colcon.colcon_core.package_identification:_identify(mujoco-3.13.0/include/mujoco/experimental/usd) by extensions ['python_setup_py']
[0.284s] Level 1:colcon.colcon_core.package_identification:_identify(mujoco-3.13.0/include/mujoco/experimental/usd) by extension 'python_setup_py'
[0.284s] Level 1:colcon.colcon_core.package_identification:_identify(mujoco-3.13.0/include/mujoco/experimental/usd/mjcPhysics) by extensions ['ignore', 'ignore_ament_install']
[0.284s] Level 1:colcon.colcon_core.package_identification:_identify(mujoco-3.13.0/include/mujoco/experimental/usd/mjcPhysics) by extension 'ignore'
[0.284s] Level 1:colcon.colcon_core.package_identification:_identify(mujoco-3.13.0/include/mujoco/experimental/usd/mjcPhysics) by extension 'ignore_ament_install'
[0.284s] Level 1:colcon.colcon_core.package_identification:_identify(mujoco-3.13.0/include/mujoco/experimental/usd/mjcPhysics) by extensions ['colcon_pkg']
[0.284s] Level 1:colcon.colcon_core.package_identification:_identify(mujoco-3.13.0/include/mujoco/experimental/usd/mjcPhysics) by extension 'colcon_pkg'
[0.284s] Level 1:colcon.colcon_core.package_identification:_identify(mujoco-3.13.0/include/mujoco/experimental/usd/mjcPhysics) by extensions ['colcon_meta']
[0.284s] Level 1:colcon.colcon_core.package_identification:_identify(mujoco-3.13.0/include/mujoco/experimental/usd/mjcPhysics) by extension 'colcon_meta'
[0.285s] Level 1:colcon.colcon_core.package_identification:_identify(mujoco-3.13.0/include/mujoco/experimental/usd/mjcPhysics) by extensions ['ros']
[0.285s] Level 1:colcon.colcon_core.package_identification:_identify(mujoco-3.13.0/include/mujoco/experimental/usd/mjcPhysics) by extension 'ros'
[0.285s] Level 1:colcon.colcon_core.package_identification:_identify(mujoco-3.13.0/include/mujoco/experimental/usd/mjcPhysics) by extensions ['cmake', 'python']
[0.285s] Level 1:colcon.colcon_core.package_identification:_identify(mujoco-3.13.0/include/mujoco/experimental/usd/mjcPhysics) by extension 'cmake'
[0.285s] Level 1:colcon.colcon_core.package_identification:_identify(mujoco-3.13.0/include/mujoco/experimental/usd/mjcPhysics) by extension 'python'
[0.285s] Level 1:colcon.colcon_core.package_identification:_identify(mujoco-3.13.0/include/mujoco/experimental/usd/mjcPhysics) by extensions ['python_setup_py']
[0.285s] Level 1:colcon.colcon_core.package_identification:_identify(mujoco-3.13.0/include/mujoco/experimental/usd/mjcPhysics) by extension 'python_setup_py'
[0.285s] Level 1:colcon.colcon_core.package_identification:_identify(mujoco-3.13.0/include/mujoco/experimental/usd/plugins) by extensions ['ignore', 'ignore_ament_install']
[0.285s] Level 1:colcon.colcon_core.package_identification:_identify(mujoco-3.13.0/include/mujoco/experimental/usd/plugins) by extension 'ignore'
[0.285s] Level 1:colcon.colcon_core.package_identification:_identify(mujoco-3.13.0/include/mujoco/experimental/usd/plugins) by extension 'ignore_ament_install'
[0.285s] Level 1:colcon.colcon_core.package_identification:_identify(mujoco-3.13.0/include/mujoco/experimental/usd/plugins) by extensions ['colcon_pkg']
[0.285s] Level 1:colcon.colcon_core.package_identification:_identify(mujoco-3.13.0/include/mujoco/experimental/usd/plugins) by extension 'colcon_pkg'
[0.285s] Level 1:colcon.colcon_core.package_identification:_identify(mujoco-3.13.0/include/mujoco/experimental/usd/plugins) by extensions ['colcon_meta']
[0.285s] Level 1:colcon.colcon_core.package_identification:_identify(mujoco-3.13.0/include/mujoco/experimental/usd/plugins) by extension 'colcon_meta'
[0.285s] Level 1:colcon.colcon_core.package_identification:_identify(mujoco-3.13.0/include/mujoco/experimental/usd/plugins) by extensions ['ros']
[0.285s] Level 1:colcon.colcon_core.package_identification:_identify(mujoco-3.13.0/include/mujoco/experimental/usd/plugins) by extension 'ros'
[0.285s] Level 1:colcon.colcon_core.package_identification:_identify(mujoco-3.13.0/include/mujoco/experimental/usd/plugins) by extensions ['cmake', 'python']
[0.285s] Level 1:colcon.colcon_core.package_identification:_identify(mujoco-3.13.0/include/mujoco/experimental/usd/plugins) by extension 'cmake'
[0.285s] Level 1:colcon.colcon_core.package_identification:_identify(mujoco-3.13.0/include/mujoco/experimental/usd/plugins) by extension 'python'
[0.285s] Level 1:colcon.colcon_core.package_identification:_identify(mujoco-3.13.0/include/mujoco/experimental/usd/plugins) by extensions ['python_setup_py']
[0.285s] Level 1:colcon.colcon_core.package_identification:_identify(mujoco-3.13.0/include/mujoco/experimental/usd/plugins) by extension 'python_setup_py'
[0.285s] Level 1:colcon.colcon_core.package_identification:_identify(mujoco-3.13.0/include/mujoco/experimental/usd/plugins/mjcf) by extensions ['ignore', 'ignore_ament_install']
[0.285s] Level 1:colcon.colcon_core.package_identification:_identify(mujoco-3.13.0/include/mujoco/experimental/usd/plugins/mjcf) by extension 'ignore'
[0.285s] Level 1:colcon.colcon_core.package_identification:_identify(mujoco-3.13.0/include/mujoco/experimental/usd/plugins/mjcf) by extension 'ignore_ament_install'
[0.285s] Level 1:colcon.colcon_core.package_identification:_identify(mujoco-3.13.0/include/mujoco/experimental/usd/plugins/mjcf) by extensions ['colcon_pkg']
[0.285s] Level 1:colcon.colcon_core.package_identification:_identify(mujoco-3.13.0/include/mujoco/experimental/usd/plugins/mjcf) by extension 'colcon_pkg'
[0.285s] Level 1:colcon.colcon_core.package_identification:_identify(mujoco-3.13.0/include/mujoco/experimental/usd/plugins/mjcf) by extensions ['colcon_meta']
[0.285s] Level 1:colcon.colcon_core.package_identification:_identify(mujoco-3.13.0/include/mujoco/experimental/usd/plugins/mjcf) by extension 'colcon_meta'
[0.285s] Level 1:colcon.colcon_core.package_identification:_identify(mujoco-3.13.0/include/mujoco/experimental/usd/plugins/mjcf) by extensions ['ros']
[0.285s] Level 1:colcon.colcon_core.package_identification:_identify(mujoco-3.13.0/include/mujoco/experimental/usd/plugins/mjcf) by extension 'ros'
[0.286s] Level 1:colcon.colcon_core.package_identification:_identify(mujoco-3.13.0/include/mujoco/experimental/usd/plugins/mjcf) by extensions ['cmake', 'python']
[0.286s] Level 1:colcon.colcon_core.package_identification:_identify(mujoco-3.13.0/include/mujoco/experimental/usd/plugins/mjcf) by extension 'cmake'
[0.286s] Level 1:colcon.colcon_core.package_identification:_identify(mujoco-3.13.0/include/mujoco/experimental/usd/plugins/mjcf) by extension 'python'
[0.286s] Level 1:colcon.colcon_core.package_identification:_identify(mujoco-3.13.0/include/mujoco/experimental/usd/plugins/mjcf) by extensions ['python_setup_py']
[0.286s] Level 1:colcon.colcon_core.package_identification:_identify(mujoco-3.13.0/include/mujoco/experimental/usd/plugins/mjcf) by extension 'python_setup_py'
[0.286s] Level 1:colcon.colcon_core.package_identification:_identify(mujoco-3.13.0/include/mujoco/render) by extensions ['ignore', 'ignore_ament_install']
[0.286s] Level 1:colcon.colcon_core.package_identification:_identify(mujoco-3.13.0/include/mujoco/render) by extension 'ignore'
[0.286s] Level 1:colcon.colcon_core.package_identification:_identify(mujoco-3.13.0/include/mujoco/render) by extension 'ignore_ament_install'
[0.286s] Level 1:colcon.colcon_core.package_identification:_identify(mujoco-3.13.0/include/mujoco/render) by extensions ['colcon_pkg']
[0.286s] Level 1:colcon.colcon_core.package_identification:_identify(mujoco-3.13.0/include/mujoco/render) by extension 'colcon_pkg'
[0.286s] Level 1:colcon.colcon_core.package_identification:_identify(mujoco-3.13.0/include/mujoco/render) by extensions ['colcon_meta']
[0.286s] Level 1:colcon.colcon_core.package_identification:_identify(mujoco-3.13.0/include/mujoco/render) by extension 'colcon_meta'
[0.286s] Level 1:colcon.colcon_core.package_identification:_identify(mujoco-3.13.0/include/mujoco/render) by extensions ['ros']
[0.286s] Level 1:colcon.colcon_core.package_identification:_identify(mujoco-3.13.0/include/mujoco/render) by extension 'ros'
[0.286s] Level 1:colcon.colcon_core.package_identification:_identify(mujoco-3.13.0/include/mujoco/render) by extensions ['cmake', 'python']
[0.286s] Level 1:colcon.colcon_core.package_identification:_identify(mujoco-3.13.0/include/mujoco/render) by extension 'cmake'
[0.286s] Level 1:colcon.colcon_core.package_identification:_identify(mujoco-3.13.0/include/mujoco/render) by extension 'python'
[0.286s] Level 1:colcon.colcon_core.package_identification:_identify(mujoco-3.13.0/include/mujoco/render) by extensions ['python_setup_py']
[0.286s] Level 1:colcon.colcon_core.package_identification:_identify(mujoco-3.13.0/include/mujoco/render) by extension 'python_setup_py'
[0.286s] Level 1:colcon.colcon_core.package_identification:_identify(mujoco-3.13.0/include/mujoco/render/filament) by extensions ['ignore', 'ignore_ament_install']
[0.286s] Level 1:colcon.colcon_core.package_identification:_identify(mujoco-3.13.0/include/mujoco/render/filament) by extension 'ignore'
[0.286s] Level 1:colcon.colcon_core.package_identification:_identify(mujoco-3.13.0/include/mujoco/render/filament) by extension 'ignore_ament_install'
[0.286s] Level 1:colcon.colcon_core.package_identification:_identify(mujoco-3.13.0/include/mujoco/render/filament) by extensions ['colcon_pkg']
[0.286s] Level 1:colcon.colcon_core.package_identification:_identify(mujoco-3.13.0/include/mujoco/render/filament) by extension 'colcon_pkg'
[0.286s] Level 1:colcon.colcon_core.package_identification:_identify(mujoco-3.13.0/include/mujoco/render/filament) by extensions ['colcon_meta']
[0.286s] Level 1:colcon.colcon_core.package_identification:_identify(mujoco-3.13.0/include/mujoco/render/filament) by extension 'colcon_meta'
[0.286s] Level 1:colcon.colcon_core.package_identification:_identify(mujoco-3.13.0/include/mujoco/render/filament) by extensions ['ros']
[0.286s] Level 1:colcon.colcon_core.package_identification:_identify(mujoco-3.13.0/include/mujoco/render/filament) by extension 'ros'
[0.286s] Level 1:colcon.colcon_core.package_identification:_identify(mujoco-3.13.0/include/mujoco/render/filament) by extensions ['cmake', 'python']
[0.287s] Level 1:colcon.colcon_core.package_identification:_identify(mujoco-3.13.0/include/mujoco/render/filament) by extension 'cmake'
[0.287s] Level 1:colcon.colcon_core.package_identification:_identify(mujoco-3.13.0/include/mujoco/render/filament) by extension 'python'
[0.287s] Level 1:colcon.colcon_core.package_identification:_identify(mujoco-3.13.0/include/mujoco/render/filament) by extensions ['python_setup_py']
[0.287s] Level 1:colcon.colcon_core.package_identification:_identify(mujoco-3.13.0/include/mujoco/render/filament) by extension 'python_setup_py'
[0.287s] Level 1:colcon.colcon_core.package_identification:_identify(mujoco-3.13.0/include/mujoco/render/filament/support) by extensions ['ignore', 'ignore_ament_install']
[0.287s] Level 1:colcon.colcon_core.package_identification:_identify(mujoco-3.13.0/include/mujoco/render/filament/support) by extension 'ignore'
[0.287s] Level 1:colcon.colcon_core.package_identification:_identify(mujoco-3.13.0/include/mujoco/render/filament/support) by extension 'ignore_ament_install'
[0.287s] Level 1:colcon.colcon_core.package_identification:_identify(mujoco-3.13.0/include/mujoco/render/filament/support) by extensions ['colcon_pkg']
[0.287s] Level 1:colcon.colcon_core.package_identification:_identify(mujoco-3.13.0/include/mujoco/render/filament/support) by extension 'colcon_pkg'
[0.287s] Level 1:colcon.colcon_core.package_identification:_identify(mujoco-3.13.0/include/mujoco/render/filament/support) by extensions ['colcon_meta']
[0.287s] Level 1:colcon.colcon_core.package_identification:_identify(mujoco-3.13.0/include/mujoco/render/filament/support) by extension 'colcon_meta'
[0.287s] Level 1:colcon.colcon_core.package_identification:_identify(mujoco-3.13.0/include/mujoco/render/filament/support) by extensions ['ros']
[0.287s] Level 1:colcon.colcon_core.package_identification:_identify(mujoco-3.13.0/include/mujoco/render/filament/support) by extension 'ros'
[0.287s] Level 1:colcon.colcon_core.package_identification:_identify(mujoco-3.13.0/include/mujoco/render/filament/support) by extensions ['cmake', 'python']
[0.287s] Level 1:colcon.colcon_core.package_identification:_identify(mujoco-3.13.0/include/mujoco/render/filament/support) by extension 'cmake'
[0.287s] Level 1:colcon.colcon_core.package_identification:_identify(mujoco-3.13.0/include/mujoco/render/filament/support) by extension 'python'
[0.287s] Level 1:colcon.colcon_core.package_identification:_identify(mujoco-3.13.0/include/mujoco/render/filament/support) by extensions ['python_setup_py']
[0.287s] Level 1:colcon.colcon_core.package_identification:_identify(mujoco-3.13.0/include/mujoco/render/filament/support) by extension 'python_setup_py'
[0.287s] Level 1:colcon.colcon_core.package_identification:_identify(mujoco-3.13.0/lib) by extensions ['ignore', 'ignore_ament_install']
[0.287s] Level 1:colcon.colcon_core.package_identification:_identify(mujoco-3.13.0/lib) by extension 'ignore'
[0.287s] Level 1:colcon.colcon_core.package_identification:_identify(mujoco-3.13.0/lib) by extension 'ignore_ament_install'
[0.287s] Level 1:colcon.colcon_core.package_identification:_identify(mujoco-3.13.0/lib) by extensions ['colcon_pkg']
[0.287s] Level 1:colcon.colcon_core.package_identification:_identify(mujoco-3.13.0/lib) by extension 'colcon_pkg'
[0.287s] Level 1:colcon.colcon_core.package_identification:_identify(mujoco-3.13.0/lib) by extensions ['colcon_meta']
[0.287s] Level 1:colcon.colcon_core.package_identification:_identify(mujoco-3.13.0/lib) by extension 'colcon_meta'
[0.287s] Level 1:colcon.colcon_core.package_identification:_identify(mujoco-3.13.0/lib) by extensions ['ros']
[0.287s] Level 1:colcon.colcon_core.package_identification:_identify(mujoco-3.13.0/lib) by extension 'ros'
[0.287s] Level 1:colcon.colcon_core.package_identification:_identify(mujoco-3.13.0/lib) by extensions ['cmake', 'python']
[0.287s] Level 1:colcon.colcon_core.package_identification:_identify(mujoco-3.13.0/lib) by extension 'cmake'
[0.287s] Level 1:colcon.colcon_core.package_identification:_identify(mujoco-3.13.0/lib) by extension 'python'
[0.287s] Level 1:colcon.colcon_core.package_identification:_identify(mujoco-3.13.0/lib) by extensions ['python_setup_py']
[0.288s] Level 1:colcon.colcon_core.package_identification:_identify(mujoco-3.13.0/lib) by extension 'python_setup_py'
[0.288s] Level 1:colcon.colcon_core.package_identification:_identify(mujoco-3.13.0/model) by extensions ['ignore', 'ignore_ament_install']
[0.288s] Level 1:colcon.colcon_core.package_identification:_identify(mujoco-3.13.0/model) by extension 'ignore'
[0.288s] Level 1:colcon.colcon_core.package_identification:_identify(mujoco-3.13.0/model) by extension 'ignore_ament_install'
[0.288s] Level 1:colcon.colcon_core.package_identification:_identify(mujoco-3.13.0/model) by extensions ['colcon_pkg']
[0.288s] Level 1:colcon.colcon_core.package_identification:_identify(mujoco-3.13.0/model) by extension 'colcon_pkg'
[0.288s] Level 1:colcon.colcon_core.package_identification:_identify(mujoco-3.13.0/model) by extensions ['colcon_meta']
[0.288s] Level 1:colcon.colcon_core.package_identification:_identify(mujoco-3.13.0/model) by extension 'colcon_meta'
[0.288s] Level 1:colcon.colcon_core.package_identification:_identify(mujoco-3.13.0/model) by extensions ['ros']
[0.288s] Level 1:colcon.colcon_core.package_identification:_identify(mujoco-3.13.0/model) by extension 'ros'
[0.288s] Level 1:colcon.colcon_core.package_identification:_identify(mujoco-3.13.0/model) by extensions ['cmake', 'python']
[0.288s] Level 1:colcon.colcon_core.package_identification:_identify(mujoco-3.13.0/model) by extension 'cmake'
[0.288s] Level 1:colcon.colcon_core.package_identification:_identify(mujoco-3.13.0/model) by extension 'python'
[0.288s] Level 1:colcon.colcon_core.package_identification:_identify(mujoco-3.13.0/model) by extensions ['python_setup_py']
[0.288s] Level 1:colcon.colcon_core.package_identification:_identify(mujoco-3.13.0/model) by extension 'python_setup_py'
[0.288s] Level 1:colcon.colcon_core.package_identification:_identify(mujoco-3.13.0/model/adhesion) by extensions ['ignore', 'ignore_ament_install']
[0.288s] Level 1:colcon.colcon_core.package_identification:_identify(mujoco-3.13.0/model/adhesion) by extension 'ignore'
[0.288s] Level 1:colcon.colcon_core.package_identification:_identify(mujoco-3.13.0/model/adhesion) by extension 'ignore_ament_install'
[0.288s] Level 1:colcon.colcon_core.package_identification:_identify(mujoco-3.13.0/model/adhesion) by extensions ['colcon_pkg']
[0.288s] Level 1:colcon.colcon_core.package_identification:_identify(mujoco-3.13.0/model/adhesion) by extension 'colcon_pkg'
[0.288s] Level 1:colcon.colcon_core.package_identification:_identify(mujoco-3.13.0/model/adhesion) by extensions ['colcon_meta']
[0.288s] Level 1:colcon.colcon_core.package_identification:_identify(mujoco-3.13.0/model/adhesion) by extension 'colcon_meta'
[0.288s] Level 1:colcon.colcon_core.package_identification:_identify(mujoco-3.13.0/model/adhesion) by extensions ['ros']
[0.288s] Level 1:colcon.colcon_core.package_identification:_identify(mujoco-3.13.0/model/adhesion) by extension 'ros'
[0.288s] Level 1:colcon.colcon_core.package_identification:_identify(mujoco-3.13.0/model/adhesion) by extensions ['cmake', 'python']
[0.288s] Level 1:colcon.colcon_core.package_identification:_identify(mujoco-3.13.0/model/adhesion) by extension 'cmake'
[0.288s] Level 1:colcon.colcon_core.package_identification:_identify(mujoco-3.13.0/model/adhesion) by extension 'python'
[0.288s] Level 1:colcon.colcon_core.package_identification:_identify(mujoco-3.13.0/model/adhesion) by extensions ['python_setup_py']
[0.288s] Level 1:colcon.colcon_core.package_identification:_identify(mujoco-3.13.0/model/adhesion) by extension 'python_setup_py'
[0.288s] Level 1:colcon.colcon_core.package_identification:_identify(mujoco-3.13.0/model/arch) by extensions ['ignore', 'ignore_ament_install']
[0.289s] Level 1:colcon.colcon_core.package_identification:_identify(mujoco-3.13.0/model/arch) by extension 'ignore'
[0.289s] Level 1:colcon.colcon_core.package_identification:_identify(mujoco-3.13.0/model/arch) by extension 'ignore_ament_install'
[0.289s] Level 1:colcon.colcon_core.package_identification:_identify(mujoco-3.13.0/model/arch) by extensions ['colcon_pkg']
[0.289s] Level 1:colcon.colcon_core.package_identification:_identify(mujoco-3.13.0/model/arch) by extension 'colcon_pkg'
[0.289s] Level 1:colcon.colcon_core.package_identification:_identify(mujoco-3.13.0/model/arch) by extensions ['colcon_meta']
[0.289s] Level 1:colcon.colcon_core.package_identification:_identify(mujoco-3.13.0/model/arch) by extension 'colcon_meta'
[0.289s] Level 1:colcon.colcon_core.package_identification:_identify(mujoco-3.13.0/model/arch) by extensions ['ros']
[0.289s] Level 1:colcon.colcon_core.package_identification:_identify(mujoco-3.13.0/model/arch) by extension 'ros'
[0.289s] Level 1:colcon.colcon_core.package_identification:_identify(mujoco-3.13.0/model/arch) by extensions ['cmake', 'python']
[0.289s] Level 1:colcon.colcon_core.package_identification:_identify(mujoco-3.13.0/model/arch) by extension 'cmake'
[0.289s] Level 1:colcon.colcon_core.package_identification:_identify(mujoco-3.13.0/model/arch) by extension 'python'
[0.289s] Level 1:colcon.colcon_core.package_identification:_identify(mujoco-3.13.0/model/arch) by extensions ['python_setup_py']
[0.289s] Level 1:colcon.colcon_core.package_identification:_identify(mujoco-3.13.0/model/arch) by extension 'python_setup_py'
[0.289s] Level 1:colcon.colcon_core.package_identification:_identify(mujoco-3.13.0/model/balloons) by extensions ['ignore', 'ignore_ament_install']
[0.289s] Level 1:colcon.colcon_core.package_identification:_identify(mujoco-3.13.0/model/balloons) by extension 'ignore'
[0.289s] Level 1:colcon.colcon_core.package_identification:_identify(mujoco-3.13.0/model/balloons) by extension 'ignore_ament_install'
[0.289s] Level 1:colcon.colcon_core.package_identification:_identify(mujoco-3.13.0/model/balloons) by extensions ['colcon_pkg']
[0.289s] Level 1:colcon.colcon_core.package_identification:_identify(mujoco-3.13.0/model/balloons) by extension 'colcon_pkg'
[0.289s] Level 1:colcon.colcon_core.package_identification:_identify(mujoco-3.13.0/model/balloons) by extensions ['colcon_meta']
[0.289s] Level 1:colcon.colcon_core.package_identification:_identify(mujoco-3.13.0/model/balloons) by extension 'colcon_meta'
[0.289s] Level 1:colcon.colcon_core.package_identification:_identify(mujoco-3.13.0/model/balloons) by extensions ['ros']
[0.289s] Level 1:colcon.colcon_core.package_identification:_identify(mujoco-3.13.0/model/balloons) by extension 'ros'
[0.289s] Level 1:colcon.colcon_core.package_identification:_identify(mujoco-3.13.0/model/balloons) by extensions ['cmake', 'python']
[0.289s] Level 1:colcon.colcon_core.package_identification:_identify(mujoco-3.13.0/model/balloons) by extension 'cmake'
[0.289s] Level 1:colcon.colcon_core.package_identification:_identify(mujoco-3.13.0/model/balloons) by extension 'python'
[0.289s] Level 1:colcon.colcon_core.package_identification:_identify(mujoco-3.13.0/model/balloons) by extensions ['python_setup_py']
[0.289s] Level 1:colcon.colcon_core.package_identification:_identify(mujoco-3.13.0/model/balloons) by extension 'python_setup_py'
[0.289s] Level 1:colcon.colcon_core.package_identification:_identify(mujoco-3.13.0/model/car) by extensions ['ignore', 'ignore_ament_install']
[0.289s] Level 1:colcon.colcon_core.package_identification:_identify(mujoco-3.13.0/model/car) by extension 'ignore'
[0.289s] Level 1:colcon.colcon_core.package_identification:_identify(mujoco-3.13.0/model/car) by extension 'ignore_ament_install'
[0.289s] Level 1:colcon.colcon_core.package_identification:_identify(mujoco-3.13.0/model/car) by extensions ['colcon_pkg']
[0.289s] Level 1:colcon.colcon_core.package_identification:_identify(mujoco-3.13.0/model/car) by extension 'colcon_pkg'
[0.289s] Level 1:colcon.colcon_core.package_identification:_identify(mujoco-3.13.0/model/car) by extensions ['colcon_meta']
[0.289s] Level 1:colcon.colcon_core.package_identification:_identify(mujoco-3.13.0/model/car) by extension 'colcon_meta'
[0.290s] Level 1:colcon.colcon_core.package_identification:_identify(mujoco-3.13.0/model/car) by extensions ['ros']
[0.290s] Level 1:colcon.colcon_core.package_identification:_identify(mujoco-3.13.0/model/car) by extension 'ros'
[0.290s] Level 1:colcon.colcon_core.package_identification:_identify(mujoco-3.13.0/model/car) by extensions ['cmake', 'python']
[0.290s] Level 1:colcon.colcon_core.package_identification:_identify(mujoco-3.13.0/model/car) by extension 'cmake'
[0.290s] Level 1:colcon.colcon_core.package_identification:_identify(mujoco-3.13.0/model/car) by extension 'python'
[0.290s] Level 1:colcon.colcon_core.package_identification:_identify(mujoco-3.13.0/model/car) by extensions ['python_setup_py']
[0.290s] Level 1:colcon.colcon_core.package_identification:_identify(mujoco-3.13.0/model/car) by extension 'python_setup_py'
[0.290s] Level 1:colcon.colcon_core.package_identification:_identify(mujoco-3.13.0/model/cards) by extensions ['ignore', 'ignore_ament_install']
[0.290s] Level 1:colcon.colcon_core.package_identification:_identify(mujoco-3.13.0/model/cards) by extension 'ignore'
[0.290s] Level 1:colcon.colcon_core.package_identification:_identify(mujoco-3.13.0/model/cards) by extension 'ignore_ament_install'
[0.290s] Level 1:colcon.colcon_core.package_identification:_identify(mujoco-3.13.0/model/cards) by extensions ['colcon_pkg']
[0.290s] Level 1:colcon.colcon_core.package_identification:_identify(mujoco-3.13.0/model/cards) by extension 'colcon_pkg'
[0.290s] Level 1:colcon.colcon_core.package_identification:_identify(mujoco-3.13.0/model/cards) by extensions ['colcon_meta']
[0.290s] Level 1:colcon.colcon_core.package_identification:_identify(mujoco-3.13.0/model/cards) by extension 'colcon_meta'
[0.290s] Level 1:colcon.colcon_core.package_identification:_identify(mujoco-3.13.0/model/cards) by extensions ['ros']
[0.290s] Level 1:colcon.colcon_core.package_identification:_identify(mujoco-3.13.0/model/cards) by extension 'ros'
[0.290s] Level 1:colcon.colcon_core.package_identification:_identify(mujoco-3.13.0/model/cards) by extensions ['cmake', 'python']
[0.290s] Level 1:colcon.colcon_core.package_identification:_identify(mujoco-3.13.0/model/cards) by extension 'cmake'
[0.290s] Level 1:colcon.colcon_core.package_identification:_identify(mujoco-3.13.0/model/cards) by extension 'python'
[0.290s] Level 1:colcon.colcon_core.package_identification:_identify(mujoco-3.13.0/model/cards) by extensions ['python_setup_py']
[0.290s] Level 1:colcon.colcon_core.package_identification:_identify(mujoco-3.13.0/model/cards) by extension 'python_setup_py'
[0.290s] Level 1:colcon.colcon_core.package_identification:_identify(mujoco-3.13.0/model/cards/assets) by extensions ['ignore', 'ignore_ament_install']
[0.290s] Level 1:colcon.colcon_core.package_identification:_identify(mujoco-3.13.0/model/cards/assets) by extension 'ignore'
[0.290s] Level 1:colcon.colcon_core.package_identification:_identify(mujoco-3.13.0/model/cards/assets) by extension 'ignore_ament_install'
[0.290s] Level 1:colcon.colcon_core.package_identification:_identify(mujoco-3.13.0/model/cards/assets) by extensions ['colcon_pkg']
[0.290s] Level 1:colcon.colcon_core.package_identification:_identify(mujoco-3.13.0/model/cards/assets) by extension 'colcon_pkg'
[0.290s] Level 1:colcon.colcon_core.package_identification:_identify(mujoco-3.13.0/model/cards/assets) by extensions ['colcon_meta']
[0.290s] Level 1:colcon.colcon_core.package_identification:_identify(mujoco-3.13.0/model/cards/assets) by extension 'colcon_meta'
[0.290s] Level 1:colcon.colcon_core.package_identification:_identify(mujoco-3.13.0/model/cards/assets) by extensions ['ros']
[0.290s] Level 1:colcon.colcon_core.package_identification:_identify(mujoco-3.13.0/model/cards/assets) by extension 'ros'
[0.290s] Level 1:colcon.colcon_core.package_identification:_identify(mujoco-3.13.0/model/cards/assets) by extensions ['cmake', 'python']
[0.291s] Level 1:colcon.colcon_core.package_identification:_identify(mujoco-3.13.0/model/cards/assets) by extension 'cmake'
[0.291s] Level 1:colcon.colcon_core.package_identification:_identify(mujoco-3.13.0/model/cards/assets) by extension 'python'
[0.291s] Level 1:colcon.colcon_core.package_identification:_identify(mujoco-3.13.0/model/cards/assets) by extensions ['python_setup_py']
[0.291s] Level 1:colcon.colcon_core.package_identification:_identify(mujoco-3.13.0/model/cards/assets) by extension 'python_setup_py'
[0.291s] Level 1:colcon.colcon_core.package_identification:_identify(mujoco-3.13.0/model/cube) by extensions ['ignore', 'ignore_ament_install']
[0.291s] Level 1:colcon.colcon_core.package_identification:_identify(mujoco-3.13.0/model/cube) by extension 'ignore'
[0.291s] Level 1:colcon.colcon_core.package_identification:_identify(mujoco-3.13.0/model/cube) by extension 'ignore_ament_install'
[0.291s] Level 1:colcon.colcon_core.package_identification:_identify(mujoco-3.13.0/model/cube) by extensions ['colcon_pkg']
[0.291s] Level 1:colcon.colcon_core.package_identification:_identify(mujoco-3.13.0/model/cube) by extension 'colcon_pkg'
[0.291s] Level 1:colcon.colcon_core.package_identification:_identify(mujoco-3.13.0/model/cube) by extensions ['colcon_meta']
[0.291s] Level 1:colcon.colcon_core.package_identification:_identify(mujoco-3.13.0/model/cube) by extension 'colcon_meta'
[0.291s] Level 1:colcon.colcon_core.package_identification:_identify(mujoco-3.13.0/model/cube) by extensions ['ros']
[0.291s] Level 1:colcon.colcon_core.package_identification:_identify(mujoco-3.13.0/model/cube) by extension 'ros'
[0.291s] Level 1:colcon.colcon_core.package_identification:_identify(mujoco-3.13.0/model/cube) by extensions ['cmake', 'python']
[0.291s] Level 1:colcon.colcon_core.package_identification:_identify(mujoco-3.13.0/model/cube) by extension 'cmake'
[0.291s] Level 1:colcon.colcon_core.package_identification:_identify(mujoco-3.13.0/model/cube) by extension 'python'
[0.291s] Level 1:colcon.colcon_core.package_identification:_identify(mujoco-3.13.0/model/cube) by extensions ['python_setup_py']
[0.291s] Level 1:colcon.colcon_core.package_identification:_identify(mujoco-3.13.0/model/cube) by extension 'python_setup_py'
[0.291s] Level 1:colcon.colcon_core.package_identification:_identify(mujoco-3.13.0/model/cube/assets) by extensions ['ignore', 'ignore_ament_install']
[0.291s] Level 1:colcon.colcon_core.package_identification:_identify(mujoco-3.13.0/model/cube/assets) by extension 'ignore'
[0.291s] Level 1:colcon.colcon_core.package_identification:_identify(mujoco-3.13.0/model/cube/assets) by extension 'ignore_ament_install'
[0.291s] Level 1:colcon.colcon_core.package_identification:_identify(mujoco-3.13.0/model/cube/assets) by extensions ['colcon_pkg']
[0.291s] Level 1:colcon.colcon_core.package_identification:_identify(mujoco-3.13.0/model/cube/assets) by extension 'colcon_pkg'
[0.291s] Level 1:colcon.colcon_core.package_identification:_identify(mujoco-3.13.0/model/cube/assets) by extensions ['colcon_meta']
[0.291s] Level 1:colcon.colcon_core.package_identification:_identify(mujoco-3.13.0/model/cube/assets) by extension 'colcon_meta'
[0.291s] Level 1:colcon.colcon_core.package_identification:_identify(mujoco-3.13.0/model/cube/assets) by extensions ['ros']
[0.291s] Level 1:colcon.colcon_core.package_identification:_identify(mujoco-3.13.0/model/cube/assets) by extension 'ros'
[0.291s] Level 1:colcon.colcon_core.package_identification:_identify(mujoco-3.13.0/model/cube/assets) by extensions ['cmake', 'python']
[0.291s] Level 1:colcon.colcon_core.package_identification:_identify(mujoco-3.13.0/model/cube/assets) by extension 'cmake'
[0.291s] Level 1:colcon.colcon_core.package_identification:_identify(mujoco-3.13.0/model/cube/assets) by extension 'python'
[0.291s] Level 1:colcon.colcon_core.package_identification:_identify(mujoco-3.13.0/model/cube/assets) by extensions ['python_setup_py']
[0.291s] Level 1:colcon.colcon_core.package_identification:_identify(mujoco-3.13.0/model/cube/assets) by extension 'python_setup_py'
[0.292s] Level 1:colcon.colcon_core.package_identification:_identify(mujoco-3.13.0/model/flex) by extensions ['ignore', 'ignore_ament_install']
[0.292s] Level 1:colcon.colcon_core.package_identification:_identify(mujoco-3.13.0/model/flex) by extension 'ignore'
[0.292s] Level 1:colcon.colcon_core.package_identification:_identify(mujoco-3.13.0/model/flex) by extension 'ignore_ament_install'
[0.292s] Level 1:colcon.colcon_core.package_identification:_identify(mujoco-3.13.0/model/flex) by extensions ['colcon_pkg']
[0.292s] Level 1:colcon.colcon_core.package_identification:_identify(mujoco-3.13.0/model/flex) by extension 'colcon_pkg'
[0.292s] Level 1:colcon.colcon_core.package_identification:_identify(mujoco-3.13.0/model/flex) by extensions ['colcon_meta']
[0.292s] Level 1:colcon.colcon_core.package_identification:_identify(mujoco-3.13.0/model/flex) by extension 'colcon_meta'
[0.292s] Level 1:colcon.colcon_core.package_identification:_identify(mujoco-3.13.0/model/flex) by extensions ['ros']
[0.292s] Level 1:colcon.colcon_core.package_identification:_identify(mujoco-3.13.0/model/flex) by extension 'ros'
[0.292s] Level 1:colcon.colcon_core.package_identification:_identify(mujoco-3.13.0/model/flex) by extensions ['cmake', 'python']
[0.292s] Level 1:colcon.colcon_core.package_identification:_identify(mujoco-3.13.0/model/flex) by extension 'cmake'
[0.292s] Level 1:colcon.colcon_core.package_identification:_identify(mujoco-3.13.0/model/flex) by extension 'python'
[0.292s] Level 1:colcon.colcon_core.package_identification:_identify(mujoco-3.13.0/model/flex) by extensions ['python_setup_py']
[0.292s] Level 1:colcon.colcon_core.package_identification:_identify(mujoco-3.13.0/model/flex) by extension 'python_setup_py'
[0.292s] Level 1:colcon.colcon_core.package_identification:_identify(mujoco-3.13.0/model/flex/asset) by extensions ['ignore', 'ignore_ament_install']
[0.292s] Level 1:colcon.colcon_core.package_identification:_identify(mujoco-3.13.0/model/flex/asset) by extension 'ignore'
[0.292s] Level 1:colcon.colcon_core.package_identification:_identify(mujoco-3.13.0/model/flex/asset) by extension 'ignore_ament_install'
[0.292s] Level 1:colcon.colcon_core.package_identification:_identify(mujoco-3.13.0/model/flex/asset) by extensions ['colcon_pkg']
[0.292s] Level 1:colcon.colcon_core.package_identification:_identify(mujoco-3.13.0/model/flex/asset) by extension 'colcon_pkg'
[0.292s] Level 1:colcon.colcon_core.package_identification:_identify(mujoco-3.13.0/model/flex/asset) by extensions ['colcon_meta']
[0.292s] Level 1:colcon.colcon_core.package_identification:_identify(mujoco-3.13.0/model/flex/asset) by extension 'colcon_meta'
[0.292s] Level 1:colcon.colcon_core.package_identification:_identify(mujoco-3.13.0/model/flex/asset) by extensions ['ros']
[0.292s] Level 1:colcon.colcon_core.package_identification:_identify(mujoco-3.13.0/model/flex/asset) by extension 'ros'
[0.292s] Level 1:colcon.colcon_core.package_identification:_identify(mujoco-3.13.0/model/flex/asset) by extensions ['cmake', 'python']
[0.292s] Level 1:colcon.colcon_core.package_identification:_identify(mujoco-3.13.0/model/flex/asset) by extension 'cmake'
[0.292s] Level 1:colcon.colcon_core.package_identification:_identify(mujoco-3.13.0/model/flex/asset) by extension 'python'
[0.292s] Level 1:colcon.colcon_core.package_identification:_identify(mujoco-3.13.0/model/flex/asset) by extensions ['python_setup_py']
[0.292s] Level 1:colcon.colcon_core.package_identification:_identify(mujoco-3.13.0/model/flex/asset) by extension 'python_setup_py'
[0.292s] Level 1:colcon.colcon_core.package_identification:_identify(mujoco-3.13.0/model/hammock) by extensions ['ignore', 'ignore_ament_install']
[0.292s] Level 1:colcon.colcon_core.package_identification:_identify(mujoco-3.13.0/model/hammock) by extension 'ignore'
[0.293s] Level 1:colcon.colcon_core.package_identification:_identify(mujoco-3.13.0/model/hammock) by extension 'ignore_ament_install'
[0.293s] Level 1:colcon.colcon_core.package_identification:_identify(mujoco-3.13.0/model/hammock) by extensions ['colcon_pkg']
[0.293s] Level 1:colcon.colcon_core.package_identification:_identify(mujoco-3.13.0/model/hammock) by extension 'colcon_pkg'
[0.293s] Level 1:colcon.colcon_core.package_identification:_identify(mujoco-3.13.0/model/hammock) by extensions ['colcon_meta']
[0.293s] Level 1:colcon.colcon_core.package_identification:_identify(mujoco-3.13.0/model/hammock) by extension 'colcon_meta'
[0.293s] Level 1:colcon.colcon_core.package_identification:_identify(mujoco-3.13.0/model/hammock) by extensions ['ros']
[0.293s] Level 1:colcon.colcon_core.package_identification:_identify(mujoco-3.13.0/model/hammock) by extension 'ros'
[0.293s] Level 1:colcon.colcon_core.package_identification:_identify(mujoco-3.13.0/model/hammock) by extensions ['cmake', 'python']
[0.293s] Level 1:colcon.colcon_core.package_identification:_identify(mujoco-3.13.0/model/hammock) by extension 'cmake'
[0.293s] Level 1:colcon.colcon_core.package_identification:_identify(mujoco-3.13.0/model/hammock) by extension 'python'
[0.293s] Level 1:colcon.colcon_core.package_identification:_identify(mujoco-3.13.0/model/hammock) by extensions ['python_setup_py']
[0.293s] Level 1:colcon.colcon_core.package_identification:_identify(mujoco-3.13.0/model/hammock) by extension 'python_setup_py'
[0.293s] Level 1:colcon.colcon_core.package_identification:_identify(mujoco-3.13.0/model/humanoid) by extensions ['ignore', 'ignore_ament_install']
[0.293s] Level 1:colcon.colcon_core.package_identification:_identify(mujoco-3.13.0/model/humanoid) by extension 'ignore'
[0.293s] Level 1:colcon.colcon_core.package_identification:_identify(mujoco-3.13.0/model/humanoid) by extension 'ignore_ament_install'
[0.293s] Level 1:colcon.colcon_core.package_identification:_identify(mujoco-3.13.0/model/humanoid) by extensions ['colcon_pkg']
[0.293s] Level 1:colcon.colcon_core.package_identification:_identify(mujoco-3.13.0/model/humanoid) by extension 'colcon_pkg'
[0.293s] Level 1:colcon.colcon_core.package_identification:_identify(mujoco-3.13.0/model/humanoid) by extensions ['colcon_meta']
[0.293s] Level 1:colcon.colcon_core.package_identification:_identify(mujoco-3.13.0/model/humanoid) by extension 'colcon_meta'
[0.293s] Level 1:colcon.colcon_core.package_identification:_identify(mujoco-3.13.0/model/humanoid) by extensions ['ros']
[0.293s] Level 1:colcon.colcon_core.package_identification:_identify(mujoco-3.13.0/model/humanoid) by extension 'ros'
[0.293s] Level 1:colcon.colcon_core.package_identification:_identify(mujoco-3.13.0/model/humanoid) by extensions ['cmake', 'python']
[0.293s] Level 1:colcon.colcon_core.package_identification:_identify(mujoco-3.13.0/model/humanoid) by extension 'cmake'
[0.293s] Level 1:colcon.colcon_core.package_identification:_identify(mujoco-3.13.0/model/humanoid) by extension 'python'
[0.293s] Level 1:colcon.colcon_core.package_identification:_identify(mujoco-3.13.0/model/humanoid) by extensions ['python_setup_py']
[0.293s] Level 1:colcon.colcon_core.package_identification:_identify(mujoco-3.13.0/model/humanoid) by extension 'python_setup_py'
[0.293s] Level 1:colcon.colcon_core.package_identification:_identify(mujoco-3.13.0/model/mug) by extensions ['ignore', 'ignore_ament_install']
[0.293s] Level 1:colcon.colcon_core.package_identification:_identify(mujoco-3.13.0/model/mug) by extension 'ignore'
[0.293s] Level 1:colcon.colcon_core.package_identification:_identify(mujoco-3.13.0/model/mug) by extension 'ignore_ament_install'
[0.293s] Level 1:colcon.colcon_core.package_identification:_identify(mujoco-3.13.0/model/mug) by extensions ['colcon_pkg']
[0.294s] Level 1:colcon.colcon_core.package_identification:_identify(mujoco-3.13.0/model/mug) by extension 'colcon_pkg'
[0.294s] Level 1:colcon.colcon_core.package_identification:_identify(mujoco-3.13.0/model/mug) by extensions ['colcon_meta']
[0.294s] Level 1:colcon.colcon_core.package_identification:_identify(mujoco-3.13.0/model/mug) by extension 'colcon_meta'
[0.294s] Level 1:colcon.colcon_core.package_identification:_identify(mujoco-3.13.0/model/mug) by extensions ['ros']
[0.294s] Level 1:colcon.colcon_core.package_identification:_identify(mujoco-3.13.0/model/mug) by extension 'ros'
[0.294s] Level 1:colcon.colcon_core.package_identification:_identify(mujoco-3.13.0/model/mug) by extensions ['cmake', 'python']
[0.294s] Level 1:colcon.colcon_core.package_identification:_identify(mujoco-3.13.0/model/mug) by extension 'cmake'
[0.294s] Level 1:colcon.colcon_core.package_identification:_identify(mujoco-3.13.0/model/mug) by extension 'python'
[0.294s] Level 1:colcon.colcon_core.package_identification:_identify(mujoco-3.13.0/model/mug) by extensions ['python_setup_py']
[0.294s] Level 1:colcon.colcon_core.package_identification:_identify(mujoco-3.13.0/model/mug) by extension 'python_setup_py'
[0.294s] Level 1:colcon.colcon_core.package_identification:_identify(mujoco-3.13.0/model/plugin) by extensions ['ignore', 'ignore_ament_install']
[0.294s] Level 1:colcon.colcon_core.package_identification:_identify(mujoco-3.13.0/model/plugin) by extension 'ignore'
[0.294s] Level 1:colcon.colcon_core.package_identification:_identify(mujoco-3.13.0/model/plugin) by extension 'ignore_ament_install'
[0.294s] Level 1:colcon.colcon_core.package_identification:_identify(mujoco-3.13.0/model/plugin) by extensions ['colcon_pkg']
[0.294s] Level 1:colcon.colcon_core.package_identification:_identify(mujoco-3.13.0/model/plugin) by extension 'colcon_pkg'
[0.294s] Level 1:colcon.colcon_core.package_identification:_identify(mujoco-3.13.0/model/plugin) by extensions ['colcon_meta']
[0.294s] Level 1:colcon.colcon_core.package_identification:_identify(mujoco-3.13.0/model/plugin) by extension 'colcon_meta'
[0.294s] Level 1:colcon.colcon_core.package_identification:_identify(mujoco-3.13.0/model/plugin) by extensions ['ros']
[0.294s] Level 1:colcon.colcon_core.package_identification:_identify(mujoco-3.13.0/model/plugin) by extension 'ros'
[0.294s] Level 1:colcon.colcon_core.package_identification:_identify(mujoco-3.13.0/model/plugin) by extensions ['cmake', 'python']
[0.294s] Level 1:colcon.colcon_core.package_identification:_identify(mujoco-3.13.0/model/plugin) by extension 'cmake'
[0.294s] Level 1:colcon.colcon_core.package_identification:_identify(mujoco-3.13.0/model/plugin) by extension 'python'
[0.294s] Level 1:colcon.colcon_core.package_identification:_identify(mujoco-3.13.0/model/plugin) by extensions ['python_setup_py']
[0.294s] Level 1:colcon.colcon_core.package_identification:_identify(mujoco-3.13.0/model/plugin) by extension 'python_setup_py'
[0.294s] Level 1:colcon.colcon_core.package_identification:_identify(mujoco-3.13.0/model/plugin/actuator) by extensions ['ignore', 'ignore_ament_install']
[0.294s] Level 1:colcon.colcon_core.package_identification:_identify(mujoco-3.13.0/model/plugin/actuator) by extension 'ignore'
[0.294s] Level 1:colcon.colcon_core.package_identification:_identify(mujoco-3.13.0/model/plugin/actuator) by extension 'ignore_ament_install'
[0.294s] Level 1:colcon.colcon_core.package_identification:_identify(mujoco-3.13.0/model/plugin/actuator) by extensions ['colcon_pkg']
[0.294s] Level 1:colcon.colcon_core.package_identification:_identify(mujoco-3.13.0/model/plugin/actuator) by extension 'colcon_pkg'
[0.294s] Level 1:colcon.colcon_core.package_identification:_identify(mujoco-3.13.0/model/plugin/actuator) by extensions ['colcon_meta']
[0.295s] Level 1:colcon.colcon_core.package_identification:_identify(mujoco-3.13.0/model/plugin/actuator) by extension 'colcon_meta'
[0.295s] Level 1:colcon.colcon_core.package_identification:_identify(mujoco-3.13.0/model/plugin/actuator) by extensions ['ros']
[0.295s] Level 1:colcon.colcon_core.package_identification:_identify(mujoco-3.13.0/model/plugin/actuator) by extension 'ros'
[0.295s] Level 1:colcon.colcon_core.package_identification:_identify(mujoco-3.13.0/model/plugin/actuator) by extensions ['cmake', 'python']
[0.295s] Level 1:colcon.colcon_core.package_identification:_identify(mujoco-3.13.0/model/plugin/actuator) by extension 'cmake'
[0.295s] Level 1:colcon.colcon_core.package_identification:_identify(mujoco-3.13.0/model/plugin/actuator) by extension 'python'
[0.295s] Level 1:colcon.colcon_core.package_identification:_identify(mujoco-3.13.0/model/plugin/actuator) by extensions ['python_setup_py']
[0.295s] Level 1:colcon.colcon_core.package_identification:_identify(mujoco-3.13.0/model/plugin/actuator) by extension 'python_setup_py'
[0.295s] Level 1:colcon.colcon_core.package_identification:_identify(mujoco-3.13.0/model/plugin/elasticity) by extensions ['ignore', 'ignore_ament_install']
[0.295s] Level 1:colcon.colcon_core.package_identification:_identify(mujoco-3.13.0/model/plugin/elasticity) by extension 'ignore'
[0.295s] Level 1:colcon.colcon_core.package_identification:_identify(mujoco-3.13.0/model/plugin/elasticity) by extension 'ignore_ament_install'
[0.295s] Level 1:colcon.colcon_core.package_identification:_identify(mujoco-3.13.0/model/plugin/elasticity) by extensions ['colcon_pkg']
[0.295s] Level 1:colcon.colcon_core.package_identification:_identify(mujoco-3.13.0/model/plugin/elasticity) by extension 'colcon_pkg'
[0.295s] Level 1:colcon.colcon_core.package_identification:_identify(mujoco-3.13.0/model/plugin/elasticity) by extensions ['colcon_meta']
[0.295s] Level 1:colcon.colcon_core.package_identification:_identify(mujoco-3.13.0/model/plugin/elasticity) by extension 'colcon_meta'
[0.295s] Level 1:colcon.colcon_core.package_identification:_identify(mujoco-3.13.0/model/plugin/elasticity) by extensions ['ros']
[0.295s] Level 1:colcon.colcon_core.package_identification:_identify(mujoco-3.13.0/model/plugin/elasticity) by extension 'ros'
[0.295s] Level 1:colcon.colcon_core.package_identification:_identify(mujoco-3.13.0/model/plugin/elasticity) by extensions ['cmake', 'python']
[0.295s] Level 1:colcon.colcon_core.package_identification:_identify(mujoco-3.13.0/model/plugin/elasticity) by extension 'cmake'
[0.295s] Level 1:colcon.colcon_core.package_identification:_identify(mujoco-3.13.0/model/plugin/elasticity) by extension 'python'
[0.295s] Level 1:colcon.colcon_core.package_identification:_identify(mujoco-3.13.0/model/plugin/elasticity) by extensions ['python_setup_py']
[0.295s] Level 1:colcon.colcon_core.package_identification:_identify(mujoco-3.13.0/model/plugin/elasticity) by extension 'python_setup_py'
[0.295s] Level 1:colcon.colcon_core.package_identification:_identify(mujoco-3.13.0/model/plugin/sdf) by extensions ['ignore', 'ignore_ament_install']
[0.295s] Level 1:colcon.colcon_core.package_identification:_identify(mujoco-3.13.0/model/plugin/sdf) by extension 'ignore'
[0.295s] Level 1:colcon.colcon_core.package_identification:_identify(mujoco-3.13.0/model/plugin/sdf) by extension 'ignore_ament_install'
[0.295s] Level 1:colcon.colcon_core.package_identification:_identify(mujoco-3.13.0/model/plugin/sdf) by extensions ['colcon_pkg']
[0.295s] Level 1:colcon.colcon_core.package_identification:_identify(mujoco-3.13.0/model/plugin/sdf) by extension 'colcon_pkg'
[0.295s] Level 1:colcon.colcon_core.package_identification:_identify(mujoco-3.13.0/model/plugin/sdf) by extensions ['colcon_meta']
[0.295s] Level 1:colcon.colcon_core.package_identification:_identify(mujoco-3.13.0/model/plugin/sdf) by extension 'colcon_meta'
[0.295s] Level 1:colcon.colcon_core.package_identification:_identify(mujoco-3.13.0/model/plugin/sdf) by extensions ['ros']
[0.295s] Level 1:colcon.colcon_core.package_identification:_identify(mujoco-3.13.0/model/plugin/sdf) by extension 'ros'
[0.296s] Level 1:colcon.colcon_core.package_identification:_identify(mujoco-3.13.0/model/plugin/sdf) by extensions ['cmake', 'python']
[0.296s] Level 1:colcon.colcon_core.package_identification:_identify(mujoco-3.13.0/model/plugin/sdf) by extension 'cmake'
[0.296s] Level 1:colcon.colcon_core.package_identification:_identify(mujoco-3.13.0/model/plugin/sdf) by extension 'python'
[0.296s] Level 1:colcon.colcon_core.package_identification:_identify(mujoco-3.13.0/model/plugin/sdf) by extensions ['python_setup_py']
[0.296s] Level 1:colcon.colcon_core.package_identification:_identify(mujoco-3.13.0/model/plugin/sdf) by extension 'python_setup_py'
[0.296s] Level 1:colcon.colcon_core.package_identification:_identify(mujoco-3.13.0/model/plugin/sdf/asset) by extensions ['ignore', 'ignore_ament_install']
[0.296s] Level 1:colcon.colcon_core.package_identification:_identify(mujoco-3.13.0/model/plugin/sdf/asset) by extension 'ignore'
[0.296s] Level 1:colcon.colcon_core.package_identification:_identify(mujoco-3.13.0/model/plugin/sdf/asset) by extension 'ignore_ament_install'
[0.296s] Level 1:colcon.colcon_core.package_identification:_identify(mujoco-3.13.0/model/plugin/sdf/asset) by extensions ['colcon_pkg']
[0.296s] Level 1:colcon.colcon_core.package_identification:_identify(mujoco-3.13.0/model/plugin/sdf/asset) by extension 'colcon_pkg'
[0.296s] Level 1:colcon.colcon_core.package_identification:_identify(mujoco-3.13.0/model/plugin/sdf/asset) by extensions ['colcon_meta']
[0.296s] Level 1:colcon.colcon_core.package_identification:_identify(mujoco-3.13.0/model/plugin/sdf/asset) by extension 'colcon_meta'
[0.296s] Level 1:colcon.colcon_core.package_identification:_identify(mujoco-3.13.0/model/plugin/sdf/asset) by extensions ['ros']
[0.296s] Level 1:colcon.colcon_core.package_identification:_identify(mujoco-3.13.0/model/plugin/sdf/asset) by extension 'ros'
[0.296s] Level 1:colcon.colcon_core.package_identification:_identify(mujoco-3.13.0/model/plugin/sdf/asset) by extensions ['cmake', 'python']
[0.296s] Level 1:colcon.colcon_core.package_identification:_identify(mujoco-3.13.0/model/plugin/sdf/asset) by extension 'cmake'
[0.296s] Level 1:colcon.colcon_core.package_identification:_identify(mujoco-3.13.0/model/plugin/sdf/asset) by extension 'python'
[0.296s] Level 1:colcon.colcon_core.package_identification:_identify(mujoco-3.13.0/model/plugin/sdf/asset) by extensions ['python_setup_py']
[0.296s] Level 1:colcon.colcon_core.package_identification:_identify(mujoco-3.13.0/model/plugin/sdf/asset) by extension 'python_setup_py'
[0.296s] Level 1:colcon.colcon_core.package_identification:_identify(mujoco-3.13.0/model/plugin/sensor) by extensions ['ignore', 'ignore_ament_install']
[0.296s] Level 1:colcon.colcon_core.package_identification:_identify(mujoco-3.13.0/model/plugin/sensor) by extension 'ignore'
[0.296s] Level 1:colcon.colcon_core.package_identification:_identify(mujoco-3.13.0/model/plugin/sensor) by extension 'ignore_ament_install'
[0.296s] Level 1:colcon.colcon_core.package_identification:_identify(mujoco-3.13.0/model/plugin/sensor) by extensions ['colcon_pkg']
[0.296s] Level 1:colcon.colcon_core.package_identification:_identify(mujoco-3.13.0/model/plugin/sensor) by extension 'colcon_pkg'
[0.296s] Level 1:colcon.colcon_core.package_identification:_identify(mujoco-3.13.0/model/plugin/sensor) by extensions ['colcon_meta']
[0.296s] Level 1:colcon.colcon_core.package_identification:_identify(mujoco-3.13.0/model/plugin/sensor) by extension 'colcon_meta'
[0.296s] Level 1:colcon.colcon_core.package_identification:_identify(mujoco-3.13.0/model/plugin/sensor) by extensions ['ros']
[0.296s] Level 1:colcon.colcon_core.package_identification:_identify(mujoco-3.13.0/model/plugin/sensor) by extension 'ros'
[0.296s] Level 1:colcon.colcon_core.package_identification:_identify(mujoco-3.13.0/model/plugin/sensor) by extensions ['cmake', 'python']
[0.296s] Level 1:colcon.colcon_core.package_identification:_identify(mujoco-3.13.0/model/plugin/sensor) by extension 'cmake'
[0.297s] Level 1:colcon.colcon_core.package_identification:_identify(mujoco-3.13.0/model/plugin/sensor) by extension 'python'
[0.297s] Level 1:colcon.colcon_core.package_identification:_identify(mujoco-3.13.0/model/plugin/sensor) by extensions ['python_setup_py']
[0.297s] Level 1:colcon.colcon_core.package_identification:_identify(mujoco-3.13.0/model/plugin/sensor) by extension 'python_setup_py'
[0.297s] Level 1:colcon.colcon_core.package_identification:_identify(mujoco-3.13.0/model/replicate) by extensions ['ignore', 'ignore_ament_install']
[0.297s] Level 1:colcon.colcon_core.package_identification:_identify(mujoco-3.13.0/model/replicate) by extension 'ignore'
[0.297s] Level 1:colcon.colcon_core.package_identification:_identify(mujoco-3.13.0/model/replicate) by extension 'ignore_ament_install'
[0.297s] Level 1:colcon.colcon_core.package_identification:_identify(mujoco-3.13.0/model/replicate) by extensions ['colcon_pkg']
[0.297s] Level 1:colcon.colcon_core.package_identification:_identify(mujoco-3.13.0/model/replicate) by extension 'colcon_pkg'
[0.297s] Level 1:colcon.colcon_core.package_identification:_identify(mujoco-3.13.0/model/replicate) by extensions ['colcon_meta']
[0.297s] Level 1:colcon.colcon_core.package_identification:_identify(mujoco-3.13.0/model/replicate) by extension 'colcon_meta'
[0.297s] Level 1:colcon.colcon_core.package_identification:_identify(mujoco-3.13.0/model/replicate) by extensions ['ros']
[0.297s] Level 1:colcon.colcon_core.package_identification:_identify(mujoco-3.13.0/model/replicate) by extension 'ros'
[0.297s] Level 1:colcon.colcon_core.package_identification:_identify(mujoco-3.13.0/model/replicate) by extensions ['cmake', 'python']
[0.297s] Level 1:colcon.colcon_core.package_identification:_identify(mujoco-3.13.0/model/replicate) by extension 'cmake'
[0.297s] Level 1:colcon.colcon_core.package_identification:_identify(mujoco-3.13.0/model/replicate) by extension 'python'
[0.297s] Level 1:colcon.colcon_core.package_identification:_identify(mujoco-3.13.0/model/replicate) by extensions ['python_setup_py']
[0.297s] Level 1:colcon.colcon_core.package_identification:_identify(mujoco-3.13.0/model/replicate) by extension 'python_setup_py'
[0.297s] Level 1:colcon.colcon_core.package_identification:_identify(mujoco-3.13.0/model/replicate/asset) by extensions ['ignore', 'ignore_ament_install']
[0.297s] Level 1:colcon.colcon_core.package_identification:_identify(mujoco-3.13.0/model/replicate/asset) by extension 'ignore'
[0.297s] Level 1:colcon.colcon_core.package_identification:_identify(mujoco-3.13.0/model/replicate/asset) by extension 'ignore_ament_install'
[0.297s] Level 1:colcon.colcon_core.package_identification:_identify(mujoco-3.13.0/model/replicate/asset) by extensions ['colcon_pkg']
[0.297s] Level 1:colcon.colcon_core.package_identification:_identify(mujoco-3.13.0/model/replicate/asset) by extension 'colcon_pkg'
[0.297s] Level 1:colcon.colcon_core.package_identification:_identify(mujoco-3.13.0/model/replicate/asset) by extensions ['colcon_meta']
[0.297s] Level 1:colcon.colcon_core.package_identification:_identify(mujoco-3.13.0/model/replicate/asset) by extension 'colcon_meta'
[0.297s] Level 1:colcon.colcon_core.package_identification:_identify(mujoco-3.13.0/model/replicate/asset) by extensions ['ros']
[0.297s] Level 1:colcon.colcon_core.package_identification:_identify(mujoco-3.13.0/model/replicate/asset) by extension 'ros'
[0.297s] Level 1:colcon.colcon_core.package_identification:_identify(mujoco-3.13.0/model/replicate/asset) by extensions ['cmake', 'python']
[0.297s] Level 1:colcon.colcon_core.package_identification:_identify(mujoco-3.13.0/model/replicate/asset) by extension 'cmake'
[0.297s] Level 1:colcon.colcon_core.package_identification:_identify(mujoco-3.13.0/model/replicate/asset) by extension 'python'
[0.297s] Level 1:colcon.colcon_core.package_identification:_identify(mujoco-3.13.0/model/replicate/asset) by extensions ['python_setup_py']
[0.297s] Level 1:colcon.colcon_core.package_identification:_identify(mujoco-3.13.0/model/replicate/asset) by extension 'python_setup_py'
[0.298s] Level 1:colcon.colcon_core.package_identification:_identify(mujoco-3.13.0/model/sleep) by extensions ['ignore', 'ignore_ament_install']
[0.298s] Level 1:colcon.colcon_core.package_identification:_identify(mujoco-3.13.0/model/sleep) by extension 'ignore'
[0.298s] Level 1:colcon.colcon_core.package_identification:_identify(mujoco-3.13.0/model/sleep) by extension 'ignore_ament_install'
[0.298s] Level 1:colcon.colcon_core.package_identification:_identify(mujoco-3.13.0/model/sleep) by extensions ['colcon_pkg']
[0.298s] Level 1:colcon.colcon_core.package_identification:_identify(mujoco-3.13.0/model/sleep) by extension 'colcon_pkg'
[0.298s] Level 1:colcon.colcon_core.package_identification:_identify(mujoco-3.13.0/model/sleep) by extensions ['colcon_meta']
[0.298s] Level 1:colcon.colcon_core.package_identification:_identify(mujoco-3.13.0/model/sleep) by extension 'colcon_meta'
[0.298s] Level 1:colcon.colcon_core.package_identification:_identify(mujoco-3.13.0/model/sleep) by extensions ['ros']
[0.298s] Level 1:colcon.colcon_core.package_identification:_identify(mujoco-3.13.0/model/sleep) by extension 'ros'
[0.298s] Level 1:colcon.colcon_core.package_identification:_identify(mujoco-3.13.0/model/sleep) by extensions ['cmake', 'python']
[0.298s] Level 1:colcon.colcon_core.package_identification:_identify(mujoco-3.13.0/model/sleep) by extension 'cmake'
[0.298s] Level 1:colcon.colcon_core.package_identification:_identify(mujoco-3.13.0/model/sleep) by extension 'python'
[0.298s] Level 1:colcon.colcon_core.package_identification:_identify(mujoco-3.13.0/model/sleep) by extensions ['python_setup_py']
[0.298s] Level 1:colcon.colcon_core.package_identification:_identify(mujoco-3.13.0/model/sleep) by extension 'python_setup_py'
[0.298s] Level 1:colcon.colcon_core.package_identification:_identify(mujoco-3.13.0/model/slider_crank) by extensions ['ignore', 'ignore_ament_install']
[0.298s] Level 1:colcon.colcon_core.package_identification:_identify(mujoco-3.13.0/model/slider_crank) by extension 'ignore'
[0.298s] Level 1:colcon.colcon_core.package_identification:_identify(mujoco-3.13.0/model/slider_crank) by extension 'ignore_ament_install'
[0.298s] Level 1:colcon.colcon_core.package_identification:_identify(mujoco-3.13.0/model/slider_crank) by extensions ['colcon_pkg']
[0.298s] Level 1:colcon.colcon_core.package_identification:_identify(mujoco-3.13.0/model/slider_crank) by extension 'colcon_pkg'
[0.298s] Level 1:colcon.colcon_core.package_identification:_identify(mujoco-3.13.0/model/slider_crank) by extensions ['colcon_meta']
[0.298s] Level 1:colcon.colcon_core.package_identification:_identify(mujoco-3.13.0/model/slider_crank) by extension 'colcon_meta'
[0.298s] Level 1:colcon.colcon_core.package_identification:_identify(mujoco-3.13.0/model/slider_crank) by extensions ['ros']
[0.298s] Level 1:colcon.colcon_core.package_identification:_identify(mujoco-3.13.0/model/slider_crank) by extension 'ros'
[0.298s] Level 1:colcon.colcon_core.package_identification:_identify(mujoco-3.13.0/model/slider_crank) by extensions ['cmake', 'python']
[0.298s] Level 1:colcon.colcon_core.package_identification:_identify(mujoco-3.13.0/model/slider_crank) by extension 'cmake'
[0.298s] Level 1:colcon.colcon_core.package_identification:_identify(mujoco-3.13.0/model/slider_crank) by extension 'python'
[0.298s] Level 1:colcon.colcon_core.package_identification:_identify(mujoco-3.13.0/model/slider_crank) by extensions ['python_setup_py']
[0.298s] Level 1:colcon.colcon_core.package_identification:_identify(mujoco-3.13.0/model/slider_crank) by extension 'python_setup_py'
[0.298s] Level 1:colcon.colcon_core.package_identification:_identify(mujoco-3.13.0/model/surfacevel) by extensions ['ignore', 'ignore_ament_install']
[0.298s] Level 1:colcon.colcon_core.package_identification:_identify(mujoco-3.13.0/model/surfacevel) by extension 'ignore'
[0.298s] Level 1:colcon.colcon_core.package_identification:_identify(mujoco-3.13.0/model/surfacevel) by extension 'ignore_ament_install'
[0.299s] Level 1:colcon.colcon_core.package_identification:_identify(mujoco-3.13.0/model/surfacevel) by extensions ['colcon_pkg']
[0.299s] Level 1:colcon.colcon_core.package_identification:_identify(mujoco-3.13.0/model/surfacevel) by extension 'colcon_pkg'
[0.299s] Level 1:colcon.colcon_core.package_identification:_identify(mujoco-3.13.0/model/surfacevel) by extensions ['colcon_meta']
[0.299s] Level 1:colcon.colcon_core.package_identification:_identify(mujoco-3.13.0/model/surfacevel) by extension 'colcon_meta'
[0.299s] Level 1:colcon.colcon_core.package_identification:_identify(mujoco-3.13.0/model/surfacevel) by extensions ['ros']
[0.299s] Level 1:colcon.colcon_core.package_identification:_identify(mujoco-3.13.0/model/surfacevel) by extension 'ros'
[0.299s] Level 1:colcon.colcon_core.package_identification:_identify(mujoco-3.13.0/model/surfacevel) by extensions ['cmake', 'python']
[0.299s] Level 1:colcon.colcon_core.package_identification:_identify(mujoco-3.13.0/model/surfacevel) by extension 'cmake'
[0.299s] Level 1:colcon.colcon_core.package_identification:_identify(mujoco-3.13.0/model/surfacevel) by extension 'python'
[0.299s] Level 1:colcon.colcon_core.package_identification:_identify(mujoco-3.13.0/model/surfacevel) by extensions ['python_setup_py']
[0.299s] Level 1:colcon.colcon_core.package_identification:_identify(mujoco-3.13.0/model/surfacevel) by extension 'python_setup_py'
[0.299s] Level 1:colcon.colcon_core.package_identification:_identify(mujoco-3.13.0/model/tactile) by extensions ['ignore', 'ignore_ament_install']
[0.299s] Level 1:colcon.colcon_core.package_identification:_identify(mujoco-3.13.0/model/tactile) by extension 'ignore'
[0.299s] Level 1:colcon.colcon_core.package_identification:_identify(mujoco-3.13.0/model/tactile) by extension 'ignore_ament_install'
[0.299s] Level 1:colcon.colcon_core.package_identification:_identify(mujoco-3.13.0/model/tactile) by extensions ['colcon_pkg']
[0.299s] Level 1:colcon.colcon_core.package_identification:_identify(mujoco-3.13.0/model/tactile) by extension 'colcon_pkg'
[0.299s] Level 1:colcon.colcon_core.package_identification:_identify(mujoco-3.13.0/model/tactile) by extensions ['colcon_meta']
[0.299s] Level 1:colcon.colcon_core.package_identification:_identify(mujoco-3.13.0/model/tactile) by extension 'colcon_meta'
[0.299s] Level 1:colcon.colcon_core.package_identification:_identify(mujoco-3.13.0/model/tactile) by extensions ['ros']
[0.299s] Level 1:colcon.colcon_core.package_identification:_identify(mujoco-3.13.0/model/tactile) by extension 'ros'
[0.299s] Level 1:colcon.colcon_core.package_identification:_identify(mujoco-3.13.0/model/tactile) by extensions ['cmake', 'python']
[0.299s] Level 1:colcon.colcon_core.package_identification:_identify(mujoco-3.13.0/model/tactile) by extension 'cmake'
[0.299s] Level 1:colcon.colcon_core.package_identification:_identify(mujoco-3.13.0/model/tactile) by extension 'python'
[0.299s] Level 1:colcon.colcon_core.package_identification:_identify(mujoco-3.13.0/model/tactile) by extensions ['python_setup_py']
[0.299s] Level 1:colcon.colcon_core.package_identification:_identify(mujoco-3.13.0/model/tactile) by extension 'python_setup_py'
[0.299s] Level 1:colcon.colcon_core.package_identification:_identify(mujoco-3.13.0/model/tendon_arm) by extensions ['ignore', 'ignore_ament_install']
[0.299s] Level 1:colcon.colcon_core.package_identification:_identify(mujoco-3.13.0/model/tendon_arm) by extension 'ignore'
[0.299s] Level 1:colcon.colcon_core.package_identification:_identify(mujoco-3.13.0/model/tendon_arm) by extension 'ignore_ament_install'
[0.299s] Level 1:colcon.colcon_core.package_identification:_identify(mujoco-3.13.0/model/tendon_arm) by extensions ['colcon_pkg']
[0.299s] Level 1:colcon.colcon_core.package_identification:_identify(mujoco-3.13.0/model/tendon_arm) by extension 'colcon_pkg'
[0.299s] Level 1:colcon.colcon_core.package_identification:_identify(mujoco-3.13.0/model/tendon_arm) by extensions ['colcon_meta']
[0.299s] Level 1:colcon.colcon_core.package_identification:_identify(mujoco-3.13.0/model/tendon_arm) by extension 'colcon_meta'
[0.299s] Level 1:colcon.colcon_core.package_identification:_identify(mujoco-3.13.0/model/tendon_arm) by extensions ['ros']
[0.299s] Level 1:colcon.colcon_core.package_identification:_identify(mujoco-3.13.0/model/tendon_arm) by extension 'ros'
[0.300s] Level 1:colcon.colcon_core.package_identification:_identify(mujoco-3.13.0/model/tendon_arm) by extensions ['cmake', 'python']
[0.300s] Level 1:colcon.colcon_core.package_identification:_identify(mujoco-3.13.0/model/tendon_arm) by extension 'cmake'
[0.300s] Level 1:colcon.colcon_core.package_identification:_identify(mujoco-3.13.0/model/tendon_arm) by extension 'python'
[0.300s] Level 1:colcon.colcon_core.package_identification:_identify(mujoco-3.13.0/model/tendon_arm) by extensions ['python_setup_py']
[0.300s] Level 1:colcon.colcon_core.package_identification:_identify(mujoco-3.13.0/model/tendon_arm) by extension 'python_setup_py'
[0.300s] Level 1:colcon.colcon_core.package_identification:_identify(mujoco-3.13.0/sample) by extensions ['ignore', 'ignore_ament_install']
[0.300s] Level 1:colcon.colcon_core.package_identification:_identify(mujoco-3.13.0/sample) by extension 'ignore'
[0.300s] Level 1:colcon.colcon_core.package_identification:_identify(mujoco-3.13.0/sample) by extension 'ignore_ament_install'
[0.300s] Level 1:colcon.colcon_core.package_identification:_identify(mujoco-3.13.0/sample) by extensions ['colcon_pkg']
[0.300s] Level 1:colcon.colcon_core.package_identification:_identify(mujoco-3.13.0/sample) by extension 'colcon_pkg'
[0.300s] Level 1:colcon.colcon_core.package_identification:_identify(mujoco-3.13.0/sample) by extensions ['colcon_meta']
[0.300s] Level 1:colcon.colcon_core.package_identification:_identify(mujoco-3.13.0/sample) by extension 'colcon_meta'
[0.300s] Level 1:colcon.colcon_core.package_identification:_identify(mujoco-3.13.0/sample) by extensions ['ros']
[0.300s] Level 1:colcon.colcon_core.package_identification:_identify(mujoco-3.13.0/sample) by extension 'ros'
[0.300s] Level 1:colcon.colcon_core.package_identification:_identify(mujoco-3.13.0/sample) by extensions ['cmake', 'python']
[0.300s] Level 1:colcon.colcon_core.package_identification:_identify(mujoco-3.13.0/sample) by extension 'cmake'
[0.300s] Level 1:colcon.colcon_core.package_identification:_identify(mujoco-3.13.0/sample) by extension 'python'
[0.300s] Level 1:colcon.colcon_core.package_identification:_identify(mujoco-3.13.0/sample) by extensions ['python_setup_py']
[0.300s] Level 1:colcon.colcon_core.package_identification:_identify(mujoco-3.13.0/sample) by extension 'python_setup_py'
[0.300s] Level 1:colcon.colcon_core.package_identification:_identify(mujoco-3.13.0/sample/cmake) by extensions ['ignore', 'ignore_ament_install']
[0.300s] Level 1:colcon.colcon_core.package_identification:_identify(mujoco-3.13.0/sample/cmake) by extension 'ignore'
[0.300s] Level 1:colcon.colcon_core.package_identification:_identify(mujoco-3.13.0/sample/cmake) by extension 'ignore_ament_install'
[0.300s] Level 1:colcon.colcon_core.package_identification:_identify(mujoco-3.13.0/sample/cmake) by extensions ['colcon_pkg']
[0.300s] Level 1:colcon.colcon_core.package_identification:_identify(mujoco-3.13.0/sample/cmake) by extension 'colcon_pkg'
[0.300s] Level 1:colcon.colcon_core.package_identification:_identify(mujoco-3.13.0/sample/cmake) by extensions ['colcon_meta']
[0.300s] Level 1:colcon.colcon_core.package_identification:_identify(mujoco-3.13.0/sample/cmake) by extension 'colcon_meta'
[0.300s] Level 1:colcon.colcon_core.package_identification:_identify(mujoco-3.13.0/sample/cmake) by extensions ['ros']
[0.300s] Level 1:colcon.colcon_core.package_identification:_identify(mujoco-3.13.0/sample/cmake) by extension 'ros'
[0.300s] Level 1:colcon.colcon_core.package_identification:_identify(mujoco-3.13.0/sample/cmake) by extensions ['cmake', 'python']
[0.300s] Level 1:colcon.colcon_core.package_identification:_identify(mujoco-3.13.0/sample/cmake) by extension 'cmake'
[0.300s] Level 1:colcon.colcon_core.package_identification:_identify(mujoco-3.13.0/sample/cmake) by extension 'python'
[0.301s] Level 1:colcon.colcon_core.package_identification:_identify(mujoco-3.13.0/sample/cmake) by extensions ['python_setup_py']
[0.301s] Level 1:colcon.colcon_core.package_identification:_identify(mujoco-3.13.0/sample/cmake) by extension 'python_setup_py'
[0.301s] Level 1:colcon.colcon_core.package_identification:_identify(mujoco-3.13.0/simulate) by extensions ['ignore', 'ignore_ament_install']
[0.301s] Level 1:colcon.colcon_core.package_identification:_identify(mujoco-3.13.0/simulate) by extension 'ignore'
[0.301s] Level 1:colcon.colcon_core.package_identification:_identify(mujoco-3.13.0/simulate) by extension 'ignore_ament_install'
[0.301s] Level 1:colcon.colcon_core.package_identification:_identify(mujoco-3.13.0/simulate) by extensions ['colcon_pkg']
[0.301s] Level 1:colcon.colcon_core.package_identification:_identify(mujoco-3.13.0/simulate) by extension 'colcon_pkg'
[0.301s] Level 1:colcon.colcon_core.package_identification:_identify(mujoco-3.13.0/simulate) by extensions ['colcon_meta']
[0.301s] Level 1:colcon.colcon_core.package_identification:_identify(mujoco-3.13.0/simulate) by extension 'colcon_meta'
[0.301s] Level 1:colcon.colcon_core.package_identification:_identify(mujoco-3.13.0/simulate) by extensions ['ros']
[0.301s] Level 1:colcon.colcon_core.package_identification:_identify(mujoco-3.13.0/simulate) by extension 'ros'
[0.301s] Level 1:colcon.colcon_core.package_identification:_identify(mujoco-3.13.0/simulate) by extensions ['cmake', 'python']
[0.301s] Level 1:colcon.colcon_core.package_identification:_identify(mujoco-3.13.0/simulate) by extension 'cmake'
[0.301s] Level 1:colcon.colcon_core.package_identification:_identify(mujoco-3.13.0/simulate) by extension 'python'
[0.301s] Level 1:colcon.colcon_core.package_identification:_identify(mujoco-3.13.0/simulate) by extensions ['python_setup_py']
[0.301s] Level 1:colcon.colcon_core.package_identification:_identify(mujoco-3.13.0/simulate) by extension 'python_setup_py'
[0.301s] Level 1:colcon.colcon_core.package_identification:_identify(mujoco-3.13.0/simulate/cmake) by extensions ['ignore', 'ignore_ament_install']
[0.301s] Level 1:colcon.colcon_core.package_identification:_identify(mujoco-3.13.0/simulate/cmake) by extension 'ignore'
[0.301s] Level 1:colcon.colcon_core.package_identification:_identify(mujoco-3.13.0/simulate/cmake) by extension 'ignore_ament_install'
[0.301s] Level 1:colcon.colcon_core.package_identification:_identify(mujoco-3.13.0/simulate/cmake) by extensions ['colcon_pkg']
[0.301s] Level 1:colcon.colcon_core.package_identification:_identify(mujoco-3.13.0/simulate/cmake) by extension 'colcon_pkg'
[0.301s] Level 1:colcon.colcon_core.package_identification:_identify(mujoco-3.13.0/simulate/cmake) by extensions ['colcon_meta']
[0.301s] Level 1:colcon.colcon_core.package_identification:_identify(mujoco-3.13.0/simulate/cmake) by extension 'colcon_meta'
[0.301s] Level 1:colcon.colcon_core.package_identification:_identify(mujoco-3.13.0/simulate/cmake) by extensions ['ros']
[0.301s] Level 1:colcon.colcon_core.package_identification:_identify(mujoco-3.13.0/simulate/cmake) by extension 'ros'
[0.301s] Level 1:colcon.colcon_core.package_identification:_identify(mujoco-3.13.0/simulate/cmake) by extensions ['cmake', 'python']
[0.301s] Level 1:colcon.colcon_core.package_identification:_identify(mujoco-3.13.0/simulate/cmake) by extension 'cmake'
[0.301s] Level 1:colcon.colcon_core.package_identification:_identify(mujoco-3.13.0/simulate/cmake) by extension 'python'
[0.301s] Level 1:colcon.colcon_core.package_identification:_identify(mujoco-3.13.0/simulate/cmake) by extensions ['python_setup_py']
[0.301s] Level 1:colcon.colcon_core.package_identification:_identify(mujoco-3.13.0/simulate/cmake) by extension 'python_setup_py'
[0.301s] Level 1:colcon.colcon_core.package_identification:_identify(mujoco-3.13.0/wasm) by extensions ['ignore', 'ignore_ament_install']
[0.302s] Level 1:colcon.colcon_core.package_identification:_identify(mujoco-3.13.0/wasm) by extension 'ignore'
[0.302s] Level 1:colcon.colcon_core.package_identification:_identify(mujoco-3.13.0/wasm) by extension 'ignore_ament_install'
[0.302s] Level 1:colcon.colcon_core.package_identification:_identify(mujoco-3.13.0/wasm) by extensions ['colcon_pkg']
[0.302s] Level 1:colcon.colcon_core.package_identification:_identify(mujoco-3.13.0/wasm) by extension 'colcon_pkg'
[0.302s] Level 1:colcon.colcon_core.package_identification:_identify(mujoco-3.13.0/wasm) by extensions ['colcon_meta']
[0.302s] Level 1:colcon.colcon_core.package_identification:_identify(mujoco-3.13.0/wasm) by extension 'colcon_meta'
[0.302s] Level 1:colcon.colcon_core.package_identification:_identify(mujoco-3.13.0/wasm) by extensions ['ros']
[0.302s] Level 1:colcon.colcon_core.package_identification:_identify(mujoco-3.13.0/wasm) by extension 'ros'
[0.302s] Level 1:colcon.colcon_core.package_identification:_identify(mujoco-3.13.0/wasm) by extensions ['cmake', 'python']
[0.302s] Level 1:colcon.colcon_core.package_identification:_identify(mujoco-3.13.0/wasm) by extension 'cmake'
[0.302s] Level 1:colcon.colcon_core.package_identification:_identify(mujoco-3.13.0/wasm) by extension 'python'
[0.302s] Level 1:colcon.colcon_core.package_identification:_identify(mujoco-3.13.0/wasm) by extensions ['python_setup_py']
[0.302s] Level 1:colcon.colcon_core.package_identification:_identify(mujoco-3.13.0/wasm) by extension 'python_setup_py'
[0.302s] Level 1:colcon.colcon_core.package_identification:_identify(mujoco-3.13.0/wasm/mt) by extensions ['ignore', 'ignore_ament_install']
[0.302s] Level 1:colcon.colcon_core.package_identification:_identify(mujoco-3.13.0/wasm/mt) by extension 'ignore'
[0.302s] Level 1:colcon.colcon_core.package_identification:_identify(mujoco-3.13.0/wasm/mt) by extension 'ignore_ament_install'
[0.302s] Level 1:colcon.colcon_core.package_identification:_identify(mujoco-3.13.0/wasm/mt) by extensions ['colcon_pkg']
[0.302s] Level 1:colcon.colcon_core.package_identification:_identify(mujoco-3.13.0/wasm/mt) by extension 'colcon_pkg'
[0.302s] Level 1:colcon.colcon_core.package_identification:_identify(mujoco-3.13.0/wasm/mt) by extensions ['colcon_meta']
[0.302s] Level 1:colcon.colcon_core.package_identification:_identify(mujoco-3.13.0/wasm/mt) by extension 'colcon_meta'
[0.302s] Level 1:colcon.colcon_core.package_identification:_identify(mujoco-3.13.0/wasm/mt) by extensions ['ros']
[0.302s] Level 1:colcon.colcon_core.package_identification:_identify(mujoco-3.13.0/wasm/mt) by extension 'ros'
[0.302s] Level 1:colcon.colcon_core.package_identification:_identify(mujoco-3.13.0/wasm/mt) by extensions ['cmake', 'python']
[0.302s] Level 1:colcon.colcon_core.package_identification:_identify(mujoco-3.13.0/wasm/mt) by extension 'cmake'
[0.302s] Level 1:colcon.colcon_core.package_identification:_identify(mujoco-3.13.0/wasm/mt) by extension 'python'
[0.302s] Level 1:colcon.colcon_core.package_identification:_identify(mujoco-3.13.0/wasm/mt) by extensions ['python_setup_py']
[0.302s] Level 1:colcon.colcon_core.package_identification:_identify(mujoco-3.13.0/wasm/mt) by extension 'python_setup_py'
[0.302s] Level 1:colcon.colcon_core.package_identification:_identify(src) by extensions ['ignore', 'ignore_ament_install']
[0.302s] Level 1:colcon.colcon_core.package_identification:_identify(src) by extension 'ignore'
[0.302s] Level 1:colcon.colcon_core.package_identification:_identify(src) by extension 'ignore_ament_install'
[0.302s] Level 1:colcon.colcon_core.package_identification:_identify(src) by extensions ['colcon_pkg']
[0.302s] Level 1:colcon.colcon_core.package_identification:_identify(src) by extension 'colcon_pkg'
[0.302s] Level 1:colcon.colcon_core.package_identification:_identify(src) by extensions ['colcon_meta']
[0.302s] Level 1:colcon.colcon_core.package_identification:_identify(src) by extension 'colcon_meta'
[0.303s] Level 1:colcon.colcon_core.package_identification:_identify(src) by extensions ['ros']
[0.303s] Level 1:colcon.colcon_core.package_identification:_identify(src) by extension 'ros'
[0.303s] Level 1:colcon.colcon_core.package_identification:_identify(src) by extensions ['cmake', 'python']
[0.303s] Level 1:colcon.colcon_core.package_identification:_identify(src) by extension 'cmake'
[0.303s] Level 1:colcon.colcon_core.package_identification:_identify(src) by extension 'python'
[0.303s] Level 1:colcon.colcon_core.package_identification:_identify(src) by extensions ['python_setup_py']
[0.303s] Level 1:colcon.colcon_core.package_identification:_identify(src) by extension 'python_setup_py'
[0.303s] Level 1:colcon.colcon_core.package_identification:_identify(src/mujoco_ros2) by extensions ['ignore', 'ignore_ament_install']
[0.303s] Level 1:colcon.colcon_core.package_identification:_identify(src/mujoco_ros2) by extension 'ignore'
[0.303s] Level 1:colcon.colcon_core.package_identification:_identify(src/mujoco_ros2) by extension 'ignore_ament_install'
[0.303s] Level 1:colcon.colcon_core.package_identification:_identify(src/mujoco_ros2) by extensions ['colcon_pkg']
[0.303s] Level 1:colcon.colcon_core.package_identification:_identify(src/mujoco_ros2) by extension 'colcon_pkg'
[0.303s] Level 1:colcon.colcon_core.package_identification:_identify(src/mujoco_ros2) by extensions ['colcon_meta']
[0.303s] Level 1:colcon.colcon_core.package_identification:_identify(src/mujoco_ros2) by extension 'colcon_meta'
[0.303s] Level 1:colcon.colcon_core.package_identification:_identify(src/mujoco_ros2) by extensions ['ros']
[0.303s] Level 1:colcon.colcon_core.package_identification:_identify(src/mujoco_ros2) by extension 'ros'
[0.307s] DEBUG:colcon.colcon_core.package_identification:Package 'src/mujoco_ros2' with type 'ros.ament_cmake' and name 'mujoco_ros2'
[0.307s] Level 1:colcon.colcon_core.package_discovery:discover_packages(recursive) using defaults
[0.307s] Level 1:colcon.colcon_core.package_discovery:discover_packages(ignore) discover
[0.307s] Level 1:colcon.colcon_core.package_discovery:discover_packages(ignore) using defaults
[0.307s] Level 1:colcon.colcon_core.package_discovery:discover_packages(path) discover
[0.307s] Level 1:colcon.colcon_core.package_discovery:discover_packages(path) using defaults
[0.327s] Level 1:colcon.colcon_core.package_discovery:discover_packages(prefix_path) check parameters
[0.327s] Level 1:colcon.colcon_core.package_discovery:discover_packages(prefix_path) discover
[0.331s] DEBUG:colcon.colcon_installed_package_information.package_discovery:Found 287 installed packages in /opt/ros/jazzy
[0.332s] Level 1:colcon.colcon_core.package_discovery:discover_packages(prefix_path) using defaults
[0.364s] Level 5:colcon.colcon_core.verb:set package 'mujoco_ros2' build argument 'cmake_args' from command line to 'None'
[0.364s] Level 5:colcon.colcon_core.verb:set package 'mujoco_ros2' build argument 'cmake_target' from command line to 'None'
[0.364s] Level 5:colcon.colcon_core.verb:set package 'mujoco_ros2' build argument 'cmake_target_skip_unavailable' from command line to 'False'
[0.364s] Level 5:colcon.colcon_core.verb:set package 'mujoco_ros2' build argument 'cmake_clean_cache' from command line to 'False'
[0.364s] Level 5:colcon.colcon_core.verb:set package 'mujoco_ros2' build argument 'cmake_clean_first' from command line to 'False'
[0.364s] Level 5:colcon.colcon_core.verb:set package 'mujoco_ros2' build argument 'cmake_force_configure' from command line to 'False'
[0.364s] Level 5:colcon.colcon_core.verb:set package 'mujoco_ros2' build argument 'ament_cmake_args' from command line to 'None'
[0.364s] Level 5:colcon.colcon_core.verb:set package 'mujoco_ros2' build argument 'catkin_cmake_args' from command line to 'None'
[0.364s] Level 5:colcon.colcon_core.verb:set package 'mujoco_ros2' build argument 'catkin_skip_building_tests' from command line to 'False'
[0.364s] DEBUG:colcon.colcon_core.verb:Building package 'mujoco_ros2' with the following arguments: {'ament_cmake_args': None, 'build_base': '/home/ahmed/Desktop/Robotics/build/mujoco_ros2', 'catkin_cmake_args': None, 'catkin_skip_building_tests': False, 'cmake_args': None, 'cmake_clean_cache': False, 'cmake_clean_first': False, 'cmake_force_configure': False, 'cmake_target': None, 'cmake_target_skip_unavailable': False, 'install_base': '/home/ahmed/Desktop/Robotics/install/mujoco_ros2', 'merge_install': False, 'path': '/home/ahmed/Desktop/Robotics/src/mujoco_ros2', 'symlink_install': False, 'test_result_base': None}
[0.364s] INFO:colcon.colcon_core.executor:Executing jobs using 'parallel' executor
[0.365s] DEBUG:colcon.colcon_parallel_executor.executor.parallel:run_until_complete
[0.365s] INFO:colcon.colcon_ros.task.ament_cmake.build:Building ROS package in '/home/ahmed/Desktop/Robotics/src/mujoco_ros2' with build type 'ament_cmake'
[0.365s] INFO:colcon.colcon_cmake.task.cmake.build:Building CMake package in '/home/ahmed/Desktop/Robotics/src/mujoco_ros2'
[0.369s] INFO:colcon.colcon_core.plugin_system:Skipping extension 'colcon_core.shell.bat': Not used on non-Windows systems
[0.369s] INFO:colcon.colcon_core.shell:Skip shell extension 'powershell' for command environment: Not usable outside of PowerShell
[0.369s] DEBUG:colcon.colcon_core.shell:Skip shell extension 'dsv' for command environment
[0.378s] DEBUG:colcon.colcon_core.event_handler.log_command:Invoking command in '/home/ahmed/Desktop/Robotics/build/mujoco_ros2': CMAKE_PREFIX_PATH=${CMAKE_PREFIX_PATH}:/opt/ros/jazzy DEBUGINFOD_URLS=https://debuginfod.ubuntu.com /usr/bin/cmake --build /home/ahmed/Desktop/Robotics/build/mujoco_ros2 -- -j16 -l16
[0.463s] DEBUG:colcon.colcon_core.event_handler.log_command:Invoked command in '/home/ahmed/Desktop/Robotics/build/mujoco_ros2' returned '0': CMAKE_PREFIX_PATH=${CMAKE_PREFIX_PATH}:/opt/ros/jazzy DEBUGINFOD_URLS=https://debuginfod.ubuntu.com /usr/bin/cmake --build /home/ahmed/Desktop/Robotics/build/mujoco_ros2 -- -j16 -l16
[0.475s] DEBUG:colcon.colcon_core.event_handler.log_command:Invoking command in '/home/ahmed/Desktop/Robotics/build/mujoco_ros2': CMAKE_PREFIX_PATH=${CMAKE_PREFIX_PATH}:/opt/ros/jazzy DEBUGINFOD_URLS=https://debuginfod.ubuntu.com /usr/bin/cmake --install /home/ahmed/Desktop/Robotics/build/mujoco_ros2
[0.497s] Level 1:colcon.colcon_core.environment:create_environment_scripts_only(mujoco_ros2)
[0.497s] DEBUG:colcon.colcon_core.event_handler.log_command:Invoked command in '/home/ahmed/Desktop/Robotics/build/mujoco_ros2' returned '0': CMAKE_PREFIX_PATH=${CMAKE_PREFIX_PATH}:/opt/ros/jazzy DEBUGINFOD_URLS=https://debuginfod.ubuntu.com /usr/bin/cmake --install /home/ahmed/Desktop/Robotics/build/mujoco_ros2
[0.500s] Level 1:colcon.colcon_core.environment:checking '/home/ahmed/Desktop/Robotics/install/mujoco_ros2' for CMake module files
[0.500s] Level 1:colcon.colcon_core.environment:checking '/home/ahmed/Desktop/Robotics/install/mujoco_ros2' for CMake config files
[0.501s] Level 1:colcon.colcon_core.shell:create_environment_hook('mujoco_ros2', 'cmake_prefix_path')
[0.501s] INFO:colcon.colcon_core.shell:Creating environment hook '/home/ahmed/Desktop/Robotics/install/mujoco_ros2/share/mujoco_ros2/hook/cmake_prefix_path.ps1'
[0.501s] INFO:colcon.colcon_core.shell:Creating environment descriptor '/home/ahmed/Desktop/Robotics/install/mujoco_ros2/share/mujoco_ros2/hook/cmake_prefix_path.dsv'
[0.502s] INFO:colcon.colcon_core.shell:Creating environment hook '/home/ahmed/Desktop/Robotics/install/mujoco_ros2/share/mujoco_ros2/hook/cmake_prefix_path.sh'
[0.502s] Level 1:colcon.colcon_core.environment:checking '/home/ahmed/Desktop/Robotics/install/mujoco_ros2/lib'
[0.503s] Level 1:colcon.colcon_core.environment:checking '/home/ahmed/Desktop/Robotics/install/mujoco_ros2/bin'
[0.503s] Level 1:colcon.colcon_core.environment:checking '/home/ahmed/Desktop/Robotics/install/mujoco_ros2/lib/pkgconfig/mujoco_ros2.pc'
[0.503s] Level 1:colcon.colcon_core.environment:checking '/home/ahmed/Desktop/Robotics/install/mujoco_ros2/lib/python3.12/site-packages'
[0.503s] Level 1:colcon.colcon_core.environment:checking '/home/ahmed/Desktop/Robotics/install/mujoco_ros2/bin'
[0.503s] INFO:colcon.colcon_core.shell:Creating package script '/home/ahmed/Desktop/Robotics/install/mujoco_ros2/share/mujoco_ros2/package.ps1'
[0.504s] INFO:colcon.colcon_core.shell:Creating package descriptor '/home/ahmed/Desktop/Robotics/install/mujoco_ros2/share/mujoco_ros2/package.dsv'
[0.505s] INFO:colcon.colcon_core.shell:Creating package script '/home/ahmed/Desktop/Robotics/install/mujoco_ros2/share/mujoco_ros2/package.sh'
[0.506s] INFO:colcon.colcon_core.shell:Creating package script '/home/ahmed/Desktop/Robotics/install/mujoco_ros2/share/mujoco_ros2/package.bash'
[0.506s] INFO:colcon.colcon_core.shell:Creating package script '/home/ahmed/Desktop/Robotics/install/mujoco_ros2/share/mujoco_ros2/package.zsh'
[0.507s] Level 1:colcon.colcon_core.environment:create_file_with_runtime_dependencies(/home/ahmed/Desktop/Robotics/install/mujoco_ros2/share/colcon-core/packages/mujoco_ros2)
[0.508s] Level 1:colcon.colcon_core.environment:create_environment_scripts_only(mujoco_ros2)
[0.508s] Level 1:colcon.colcon_core.environment:checking '/home/ahmed/Desktop/Robotics/install/mujoco_ros2' for CMake module files
[0.508s] Level 1:colcon.colcon_core.environment:checking '/home/ahmed/Desktop/Robotics/install/mujoco_ros2' for CMake config files
[0.508s] Level 1:colcon.colcon_core.shell:create_environment_hook('mujoco_ros2', 'cmake_prefix_path')
[0.509s] INFO:colcon.colcon_core.shell:Creating environment hook '/home/ahmed/Desktop/Robotics/install/mujoco_ros2/share/mujoco_ros2/hook/cmake_prefix_path.ps1'
[0.509s] INFO:colcon.colcon_core.shell:Creating environment descriptor '/home/ahmed/Desktop/Robotics/install/mujoco_ros2/share/mujoco_ros2/hook/cmake_prefix_path.dsv'
[0.509s] INFO:colcon.colcon_core.shell:Creating environment hook '/home/ahmed/Desktop/Robotics/install/mujoco_ros2/share/mujoco_ros2/hook/cmake_prefix_path.sh'
[0.510s] Level 1:colcon.colcon_core.environment:checking '/home/ahmed/Desktop/Robotics/install/mujoco_ros2/lib'
[0.510s] Level 1:colcon.colcon_core.environment:checking '/home/ahmed/Desktop/Robotics/install/mujoco_ros2/bin'
[0.510s] Level 1:colcon.colcon_core.environment:checking '/home/ahmed/Desktop/Robotics/install/mujoco_ros2/lib/pkgconfig/mujoco_ros2.pc'
[0.510s] Level 1:colcon.colcon_core.environment:checking '/home/ahmed/Desktop/Robotics/install/mujoco_ros2/lib/python3.12/site-packages'
[0.511s] Level 1:colcon.colcon_core.environment:checking '/home/ahmed/Desktop/Robotics/install/mujoco_ros2/bin'
[0.511s] INFO:colcon.colcon_core.shell:Creating package script '/home/ahmed/Desktop/Robotics/install/mujoco_ros2/share/mujoco_ros2/package.ps1'
[0.511s] INFO:colcon.colcon_core.shell:Creating package descriptor '/home/ahmed/Desktop/Robotics/install/mujoco_ros2/share/mujoco_ros2/package.dsv'
[0.512s] INFO:colcon.colcon_core.shell:Creating package script '/home/ahmed/Desktop/Robotics/install/mujoco_ros2/share/mujoco_ros2/package.sh'
[0.512s] INFO:colcon.colcon_core.shell:Creating package script '/home/ahmed/Desktop/Robotics/install/mujoco_ros2/share/mujoco_ros2/package.bash'
[0.513s] INFO:colcon.colcon_core.shell:Creating package script '/home/ahmed/Desktop/Robotics/install/mujoco_ros2/share/mujoco_ros2/package.zsh'
[0.514s] Level 1:colcon.colcon_core.environment:create_file_with_runtime_dependencies(/home/ahmed/Desktop/Robotics/install/mujoco_ros2/share/colcon-core/packages/mujoco_ros2)
[0.514s] DEBUG:colcon.colcon_parallel_executor.executor.parallel:closing loop
[0.514s] DEBUG:colcon.colcon_parallel_executor.executor.parallel:loop closed
[0.514s] DEBUG:colcon.colcon_parallel_executor.executor.parallel:run_until_complete finished with '0'
[0.514s] DEBUG:colcon.colcon_core.event_reactor:joining thread
[0.521s] INFO:colcon.colcon_core.plugin_system:Skipping extension 'colcon_notification.desktop_notification.terminal_notifier': Not used on non-Darwin systems
[0.521s] INFO:colcon.colcon_core.plugin_system:Skipping extension 'colcon_notification.desktop_notification.win32': Not used on non-Windows systems
[0.521s] INFO:colcon.colcon_notification.desktop_notification:Sending desktop notification using 'notify2'
[0.530s] DEBUG:colcon.colcon_core.event_reactor:joined thread
[0.530s] INFO:colcon.colcon_core.shell:Creating prefix script '/home/ahmed/Desktop/Robotics/install/local_setup.ps1'
[0.531s] INFO:colcon.colcon_core.shell:Creating prefix util module '/home/ahmed/Desktop/Robotics/install/_local_setup_util_ps1.py'
[0.532s] INFO:colcon.colcon_core.shell:Creating prefix chain script '/home/ahmed/Desktop/Robotics/install/setup.ps1'
[0.532s] INFO:colcon.colcon_core.shell:Creating prefix script '/home/ahmed/Desktop/Robotics/install/local_setup.sh'
[0.533s] INFO:colcon.colcon_core.shell:Creating prefix util module '/home/ahmed/Desktop/Robotics/install/_local_setup_util_sh.py'
[0.533s] INFO:colcon.colcon_core.shell:Creating prefix chain script '/home/ahmed/Desktop/Robotics/install/setup.sh'
[0.534s] INFO:colcon.colcon_core.shell:Creating prefix script '/home/ahmed/Desktop/Robotics/install/local_setup.bash'
[0.535s] INFO:colcon.colcon_core.shell:Creating prefix chain script '/home/ahmed/Desktop/Robotics/install/setup.bash'
[0.535s] INFO:colcon.colcon_core.shell:Creating prefix script '/home/ahmed/Desktop/Robotics/install/local_setup.zsh'
[0.536s] INFO:colcon.colcon_core.shell:Creating prefix chain script '/home/ahmed/Desktop/Robotics/install/setup.zsh'
