[0.076s] DEBUG:colcon:Command line arguments: ['/usr/bin/colcon', 'build', '--packages-select', 'mujoco_ros2']
[0.077s] DEBUG:colcon:Parsed command line arguments: Namespace(log_base=None, log_level=None, verb_name='build', build_base='build', install_base='install', merge_install=False, symlink_install=False, test_result_base=None, continue_on_error=False, executor='parallel', parallel_workers=16, event_handlers=None, ignore_user_meta=False, metas=['./colcon.meta'], base_paths=['.'], packages_ignore=None, packages_ignore_regex=None, paths=None, packages_up_to=None, packages_up_to_regex=None, packages_above=None, packages_above_and_dependencies=None, packages_above_depth=None, packages_select_by_dep=None, packages_skip_by_dep=None, packages_skip_up_to=None, packages_select_build_failed=False, packages_skip_build_finished=False, packages_select_test_failures=False, packages_skip_test_passed=False, packages_select=['mujoco_ros2'], packages_skip=None, packages_select_regex=None, packages_skip_regex=None, packages_start=None, packages_end=None, allow_overriding=[], cmake_args=None, cmake_target=None, cmake_target_skip_unavailable=False, cmake_clean_cache=False, cmake_clean_first=False, cmake_force_configure=False, ament_cmake_args=None, catkin_cmake_args=None, catkin_skip_building_tests=False, verb_parser=<colcon_defaults.argument_parser.defaults.DefaultArgumentsDecorator object at 0x7928c4187bc0>, verb_extension=<colcon_core.verb.build.BuildVerb object at 0x7928c4187590>, main=<bound method BuildVerb.main of <colcon_core.verb.build.BuildVerb object at 0x7928c4187590>>)
[0.141s] Level 1:colcon.colcon_core.package_discovery:discover_packages(colcon_meta) check parameters
[0.141s] Level 1:colcon.colcon_core.package_discovery:discover_packages(recursive) check parameters
[0.141s] Level 1:colcon.colcon_core.package_discovery:discover_packages(ignore) check parameters
[0.141s] Level 1:colcon.colcon_core.package_discovery:discover_packages(path) check parameters
[0.141s] Level 1:colcon.colcon_core.package_discovery:discover_packages(colcon_meta) discover
[0.141s] Level 1:colcon.colcon_core.package_discovery:discover_packages(recursive) discover
[0.141s] INFO:colcon.colcon_core.package_discovery:Crawling recursively for packages in '/home/ahmed/Desktop/Robotics'
[0.141s] Level 1:colcon.colcon_core.package_identification:_identify(.) by extensions ['ignore', 'ignore_ament_install']
[0.141s] Level 1:colcon.colcon_core.package_identification:_identify(.) by extension 'ignore'
[0.141s] Level 1:colcon.colcon_core.package_identification:_identify(.) by extension 'ignore_ament_install'
[0.141s] Level 1:colcon.colcon_core.package_identification:_identify(.) by extensions ['colcon_pkg']
[0.141s] Level 1:colcon.colcon_core.package_identification:_identify(.) by extension 'colcon_pkg'
[0.141s] Level 1:colcon.colcon_core.package_identification:_identify(.) by extensions ['colcon_meta']
[0.142s] Level 1:colcon.colcon_core.package_identification:_identify(.) by extension 'colcon_meta'
[0.142s] Level 1:colcon.colcon_core.package_identification:_identify(.) by extensions ['ros']
[0.142s] Level 1:colcon.colcon_core.package_identification:_identify(.) by extension 'ros'
[0.159s] Level 1:colcon.colcon_core.package_identification:_identify(.) by extensions ['cmake', 'python']
[0.159s] Level 1:colcon.colcon_core.package_identification:_identify(.) by extension 'cmake'
[0.159s] Level 1:colcon.colcon_core.package_identification:_identify(.) by extension 'python'
[0.159s] Level 1:colcon.colcon_core.package_identification:_identify(.) by extensions ['python_setup_py']
[0.159s] Level 1:colcon.colcon_core.package_identification:_identify(.) by extension 'python_setup_py'
[0.160s] Level 1:colcon.colcon_core.package_identification:_identify(build) by extensions ['ignore', 'ignore_ament_install']
[0.160s] Level 1:colcon.colcon_core.package_identification:_identify(build) by extension 'ignore'
[0.160s] Level 1:colcon.colcon_core.package_identification:_identify(build) ignored
[0.160s] Level 1:colcon.colcon_core.package_identification:_identify(install) by extensions ['ignore', 'ignore_ament_install']
[0.160s] Level 1:colcon.colcon_core.package_identification:_identify(install) by extension 'ignore'
[0.160s] Level 1:colcon.colcon_core.package_identification:_identify(install) ignored
[0.160s] Level 1:colcon.colcon_core.package_identification:_identify(log) by extensions ['ignore', 'ignore_ament_install']
[0.160s] Level 1:colcon.colcon_core.package_identification:_identify(log) by extension 'ignore'
[0.160s] Level 1:colcon.colcon_core.package_identification:_identify(log) ignored
[0.160s] Level 1:colcon.colcon_core.package_identification:_identify(mujoco-3.13.0) by extensions ['ignore', 'ignore_ament_install']
[0.160s] Level 1:colcon.colcon_core.package_identification:_identify(mujoco-3.13.0) by extension 'ignore'
[0.160s] Level 1:colcon.colcon_core.package_identification:_identify(mujoco-3.13.0) by extension 'ignore_ament_install'
[0.160s] Level 1:colcon.colcon_core.package_identification:_identify(mujoco-3.13.0) by extensions ['colcon_pkg']
[0.160s] Level 1:colcon.colcon_core.package_identification:_identify(mujoco-3.13.0) by extension 'colcon_pkg'
[0.160s] Level 1:colcon.colcon_core.package_identification:_identify(mujoco-3.13.0) by extensions ['colcon_meta']
[0.160s] Level 1:colcon.colcon_core.package_identification:_identify(mujoco-3.13.0) by extension 'colcon_meta'
[0.160s] Level 1:colcon.colcon_core.package_identification:_identify(mujoco-3.13.0) by extensions ['ros']
[0.160s] Level 1:colcon.colcon_core.package_identification:_identify(mujoco-3.13.0) by extension 'ros'
[0.160s] Level 1:colcon.colcon_core.package_identification:_identify(mujoco-3.13.0) by extensions ['cmake', 'python']
[0.160s] Level 1:colcon.colcon_core.package_identification:_identify(mujoco-3.13.0) by extension 'cmake'
[0.160s] Level 1:colcon.colcon_core.package_identification:_identify(mujoco-3.13.0) by extension 'python'
[0.160s] Level 1:colcon.colcon_core.package_identification:_identify(mujoco-3.13.0) by extensions ['python_setup_py']
[0.160s] Level 1:colcon.colcon_core.package_identification:_identify(mujoco-3.13.0) by extension 'python_setup_py'
[0.160s] Level 1:colcon.colcon_core.package_identification:_identify(mujoco-3.13.0/bin) by extensions ['ignore', 'ignore_ament_install']
[0.161s] Level 1:colcon.colcon_core.package_identification:_identify(mujoco-3.13.0/bin) by extension 'ignore'
[0.161s] Level 1:colcon.colcon_core.package_identification:_identify(mujoco-3.13.0/bin) by extension 'ignore_ament_install'
[0.161s] Level 1:colcon.colcon_core.package_identification:_identify(mujoco-3.13.0/bin) by extensions ['colcon_pkg']
[0.161s] Level 1:colcon.colcon_core.package_identification:_identify(mujoco-3.13.0/bin) by extension 'colcon_pkg'
[0.161s] Level 1:colcon.colcon_core.package_identification:_identify(mujoco-3.13.0/bin) by extensions ['colcon_meta']
[0.161s] Level 1:colcon.colcon_core.package_identification:_identify(mujoco-3.13.0/bin) by extension 'colcon_meta'
[0.161s] Level 1:colcon.colcon_core.package_identification:_identify(mujoco-3.13.0/bin) by extensions ['ros']
[0.161s] Level 1:colcon.colcon_core.package_identification:_identify(mujoco-3.13.0/bin) by extension 'ros'
[0.161s] Level 1:colcon.colcon_core.package_identification:_identify(mujoco-3.13.0/bin) by extensions ['cmake', 'python']
[0.161s] Level 1:colcon.colcon_core.package_identification:_identify(mujoco-3.13.0/bin) by extension 'cmake'
[0.161s] Level 1:colcon.colcon_core.package_identification:_identify(mujoco-3.13.0/bin) by extension 'python'
[0.161s] Level 1:colcon.colcon_core.package_identification:_identify(mujoco-3.13.0/bin) by extensions ['python_setup_py']
[0.161s] Level 1:colcon.colcon_core.package_identification:_identify(mujoco-3.13.0/bin) by extension 'python_setup_py'
[0.161s] Level 1:colcon.colcon_core.package_identification:_identify(mujoco-3.13.0/bin/assets) by extensions ['ignore', 'ignore_ament_install']
[0.161s] Level 1:colcon.colcon_core.package_identification:_identify(mujoco-3.13.0/bin/assets) by extension 'ignore'
[0.161s] Level 1:colcon.colcon_core.package_identification:_identify(mujoco-3.13.0/bin/assets) by extension 'ignore_ament_install'
[0.161s] Level 1:colcon.colcon_core.package_identification:_identify(mujoco-3.13.0/bin/assets) by extensions ['colcon_pkg']
[0.161s] Level 1:colcon.colcon_core.package_identification:_identify(mujoco-3.13.0/bin/assets) by extension 'colcon_pkg'
[0.161s] Level 1:colcon.colcon_core.package_identification:_identify(mujoco-3.13.0/bin/assets) by extensions ['colcon_meta']
[0.161s] Level 1:colcon.colcon_core.package_identification:_identify(mujoco-3.13.0/bin/assets) by extension 'colcon_meta'
[0.161s] Level 1:colcon.colcon_core.package_identification:_identify(mujoco-3.13.0/bin/assets) by extensions ['ros']
[0.161s] Level 1:colcon.colcon_core.package_identification:_identify(mujoco-3.13.0/bin/assets) by extension 'ros'
[0.161s] Level 1:colcon.colcon_core.package_identification:_identify(mujoco-3.13.0/bin/assets) by extensions ['cmake', 'python']
[0.161s] Level 1:colcon.colcon_core.package_identification:_identify(mujoco-3.13.0/bin/assets) by extension 'cmake'
[0.161s] Level 1:colcon.colcon_core.package_identification:_identify(mujoco-3.13.0/bin/assets) by extension 'python'
[0.161s] Level 1:colcon.colcon_core.package_identification:_identify(mujoco-3.13.0/bin/assets) by extensions ['python_setup_py']
[0.161s] Level 1:colcon.colcon_core.package_identification:_identify(mujoco-3.13.0/bin/assets) by extension 'python_setup_py'
[0.161s] Level 1:colcon.colcon_core.package_identification:_identify(mujoco-3.13.0/bin/mujoco_plugin) by extensions ['ignore', 'ignore_ament_install']
[0.162s] Level 1:colcon.colcon_core.package_identification:_identify(mujoco-3.13.0/bin/mujoco_plugin) by extension 'ignore'
[0.162s] Level 1:colcon.colcon_core.package_identification:_identify(mujoco-3.13.0/bin/mujoco_plugin) by extension 'ignore_ament_install'
[0.162s] Level 1:colcon.colcon_core.package_identification:_identify(mujoco-3.13.0/bin/mujoco_plugin) by extensions ['colcon_pkg']
[0.162s] Level 1:colcon.colcon_core.package_identification:_identify(mujoco-3.13.0/bin/mujoco_plugin) by extension 'colcon_pkg'
[0.162s] Level 1:colcon.colcon_core.package_identification:_identify(mujoco-3.13.0/bin/mujoco_plugin) by extensions ['colcon_meta']
[0.162s] Level 1:colcon.colcon_core.package_identification:_identify(mujoco-3.13.0/bin/mujoco_plugin) by extension 'colcon_meta'
[0.162s] Level 1:colcon.colcon_core.package_identification:_identify(mujoco-3.13.0/bin/mujoco_plugin) by extensions ['ros']
[0.162s] Level 1:colcon.colcon_core.package_identification:_identify(mujoco-3.13.0/bin/mujoco_plugin) by extension 'ros'
[0.162s] Level 1:colcon.colcon_core.package_identification:_identify(mujoco-3.13.0/bin/mujoco_plugin) by extensions ['cmake', 'python']
[0.162s] Level 1:colcon.colcon_core.package_identification:_identify(mujoco-3.13.0/bin/mujoco_plugin) by extension 'cmake'
[0.162s] Level 1:colcon.colcon_core.package_identification:_identify(mujoco-3.13.0/bin/mujoco_plugin) by extension 'python'
[0.162s] Level 1:colcon.colcon_core.package_identification:_identify(mujoco-3.13.0/bin/mujoco_plugin) by extensions ['python_setup_py']
[0.162s] Level 1:colcon.colcon_core.package_identification:_identify(mujoco-3.13.0/bin/mujoco_plugin) by extension 'python_setup_py'
[0.162s] Level 1:colcon.colcon_core.package_identification:_identify(mujoco-3.13.0/include) by extensions ['ignore', 'ignore_ament_install']
[0.162s] Level 1:colcon.colcon_core.package_identification:_identify(mujoco-3.13.0/include) by extension 'ignore'
[0.162s] Level 1:colcon.colcon_core.package_identification:_identify(mujoco-3.13.0/include) by extension 'ignore_ament_install'
[0.162s] Level 1:colcon.colcon_core.package_identification:_identify(mujoco-3.13.0/include) by extensions ['colcon_pkg']
[0.162s] Level 1:colcon.colcon_core.package_identification:_identify(mujoco-3.13.0/include) by extension 'colcon_pkg'
[0.162s] Level 1:colcon.colcon_core.package_identification:_identify(mujoco-3.13.0/include) by extensions ['colcon_meta']
[0.162s] Level 1:colcon.colcon_core.package_identification:_identify(mujoco-3.13.0/include) by extension 'colcon_meta'
[0.162s] Level 1:colcon.colcon_core.package_identification:_identify(mujoco-3.13.0/include) by extensions ['ros']
[0.162s] Level 1:colcon.colcon_core.package_identification:_identify(mujoco-3.13.0/include) by extension 'ros'
[0.162s] Level 1:colcon.colcon_core.package_identification:_identify(mujoco-3.13.0/include) by extensions ['cmake', 'python']
[0.162s] Level 1:colcon.colcon_core.package_identification:_identify(mujoco-3.13.0/include) by extension 'cmake'
[0.162s] Level 1:colcon.colcon_core.package_identification:_identify(mujoco-3.13.0/include) by extension 'python'
[0.162s] Level 1:colcon.colcon_core.package_identification:_identify(mujoco-3.13.0/include) by extensions ['python_setup_py']
[0.162s] Level 1:colcon.colcon_core.package_identification:_identify(mujoco-3.13.0/include) by extension 'python_setup_py'
[0.162s] Level 1:colcon.colcon_core.package_identification:_identify(mujoco-3.13.0/include/SDL2) by extensions ['ignore', 'ignore_ament_install']
[0.162s] Level 1:colcon.colcon_core.package_identification:_identify(mujoco-3.13.0/include/SDL2) by extension 'ignore'
[0.163s] Level 1:colcon.colcon_core.package_identification:_identify(mujoco-3.13.0/include/SDL2) by extension 'ignore_ament_install'
[0.163s] Level 1:colcon.colcon_core.package_identification:_identify(mujoco-3.13.0/include/SDL2) by extensions ['colcon_pkg']
[0.163s] Level 1:colcon.colcon_core.package_identification:_identify(mujoco-3.13.0/include/SDL2) by extension 'colcon_pkg'
[0.163s] Level 1:colcon.colcon_core.package_identification:_identify(mujoco-3.13.0/include/SDL2) by extensions ['colcon_meta']
[0.163s] Level 1:colcon.colcon_core.package_identification:_identify(mujoco-3.13.0/include/SDL2) by extension 'colcon_meta'
[0.163s] Level 1:colcon.colcon_core.package_identification:_identify(mujoco-3.13.0/include/SDL2) by extensions ['ros']
[0.163s] Level 1:colcon.colcon_core.package_identification:_identify(mujoco-3.13.0/include/SDL2) by extension 'ros'
[0.163s] Level 1:colcon.colcon_core.package_identification:_identify(mujoco-3.13.0/include/SDL2) by extensions ['cmake', 'python']
[0.163s] Level 1:colcon.colcon_core.package_identification:_identify(mujoco-3.13.0/include/SDL2) by extension 'cmake'
[0.163s] Level 1:colcon.colcon_core.package_identification:_identify(mujoco-3.13.0/include/SDL2) by extension 'python'
[0.163s] Level 1:colcon.colcon_core.package_identification:_identify(mujoco-3.13.0/include/SDL2) by extensions ['python_setup_py']
[0.163s] Level 1:colcon.colcon_core.package_identification:_identify(mujoco-3.13.0/include/SDL2) by extension 'python_setup_py'
[0.163s] Level 1:colcon.colcon_core.package_identification:_identify(mujoco-3.13.0/include/math) by extensions ['ignore', 'ignore_ament_install']
[0.163s] Level 1:colcon.colcon_core.package_identification:_identify(mujoco-3.13.0/include/math) by extension 'ignore'
[0.163s] Level 1:colcon.colcon_core.package_identification:_identify(mujoco-3.13.0/include/math) by extension 'ignore_ament_install'
[0.163s] Level 1:colcon.colcon_core.package_identification:_identify(mujoco-3.13.0/include/math) by extensions ['colcon_pkg']
[0.163s] Level 1:colcon.colcon_core.package_identification:_identify(mujoco-3.13.0/include/math) by extension 'colcon_pkg'
[0.163s] Level 1:colcon.colcon_core.package_identification:_identify(mujoco-3.13.0/include/math) by extensions ['colcon_meta']
[0.163s] Level 1:colcon.colcon_core.package_identification:_identify(mujoco-3.13.0/include/math) by extension 'colcon_meta'
[0.163s] Level 1:colcon.colcon_core.package_identification:_identify(mujoco-3.13.0/include/math) by extensions ['ros']
[0.163s] Level 1:colcon.colcon_core.package_identification:_identify(mujoco-3.13.0/include/math) by extension 'ros'
[0.163s] Level 1:colcon.colcon_core.package_identification:_identify(mujoco-3.13.0/include/math) by extensions ['cmake', 'python']
[0.163s] Level 1:colcon.colcon_core.package_identification:_identify(mujoco-3.13.0/include/math) by extension 'cmake'
[0.163s] Level 1:colcon.colcon_core.package_identification:_identify(mujoco-3.13.0/include/math) by extension 'python'
[0.163s] Level 1:colcon.colcon_core.package_identification:_identify(mujoco-3.13.0/include/math) by extensions ['python_setup_py']
[0.163s] Level 1:colcon.colcon_core.package_identification:_identify(mujoco-3.13.0/include/math) by extension 'python_setup_py'
[0.163s] Level 1:colcon.colcon_core.package_identification:_identify(mujoco-3.13.0/include/misc) by extensions ['ignore', 'ignore_ament_install']
[0.163s] Level 1:colcon.colcon_core.package_identification:_identify(mujoco-3.13.0/include/misc) by extension 'ignore'
[0.163s] Level 1:colcon.colcon_core.package_identification:_identify(mujoco-3.13.0/include/misc) by extension 'ignore_ament_install'
[0.164s] Level 1:colcon.colcon_core.package_identification:_identify(mujoco-3.13.0/include/misc) by extensions ['colcon_pkg']
[0.164s] Level 1:colcon.colcon_core.package_identification:_identify(mujoco-3.13.0/include/misc) by extension 'colcon_pkg'
[0.164s] Level 1:colcon.colcon_core.package_identification:_identify(mujoco-3.13.0/include/misc) by extensions ['colcon_meta']
[0.164s] Level 1:colcon.colcon_core.package_identification:_identify(mujoco-3.13.0/include/misc) by extension 'colcon_meta'
[0.164s] Level 1:colcon.colcon_core.package_identification:_identify(mujoco-3.13.0/include/misc) by extensions ['ros']
[0.164s] Level 1:colcon.colcon_core.package_identification:_identify(mujoco-3.13.0/include/misc) by extension 'ros'
[0.164s] Level 1:colcon.colcon_core.package_identification:_identify(mujoco-3.13.0/include/misc) by extensions ['cmake', 'python']
[0.164s] Level 1:colcon.colcon_core.package_identification:_identify(mujoco-3.13.0/include/misc) by extension 'cmake'
[0.164s] Level 1:colcon.colcon_core.package_identification:_identify(mujoco-3.13.0/include/misc) by extension 'python'
[0.164s] Level 1:colcon.colcon_core.package_identification:_identify(mujoco-3.13.0/include/misc) by extensions ['python_setup_py']
[0.164s] Level 1:colcon.colcon_core.package_identification:_identify(mujoco-3.13.0/include/misc) by extension 'python_setup_py'
[0.164s] Level 1:colcon.colcon_core.package_identification:_identify(mujoco-3.13.0/include/misc/cpp) by extensions ['ignore', 'ignore_ament_install']
[0.164s] Level 1:colcon.colcon_core.package_identification:_identify(mujoco-3.13.0/include/misc/cpp) by extension 'ignore'
[0.164s] Level 1:colcon.colcon_core.package_identification:_identify(mujoco-3.13.0/include/misc/cpp) by extension 'ignore_ament_install'
[0.164s] Level 1:colcon.colcon_core.package_identification:_identify(mujoco-3.13.0/include/misc/cpp) by extensions ['colcon_pkg']
[0.164s] Level 1:colcon.colcon_core.package_identification:_identify(mujoco-3.13.0/include/misc/cpp) by extension 'colcon_pkg'
[0.164s] Level 1:colcon.colcon_core.package_identification:_identify(mujoco-3.13.0/include/misc/cpp) by extensions ['colcon_meta']
[0.164s] Level 1:colcon.colcon_core.package_identification:_identify(mujoco-3.13.0/include/misc/cpp) by extension 'colcon_meta'
[0.164s] Level 1:colcon.colcon_core.package_identification:_identify(mujoco-3.13.0/include/misc/cpp) by extensions ['ros']
[0.164s] Level 1:colcon.colcon_core.package_identification:_identify(mujoco-3.13.0/include/misc/cpp) by extension 'ros'
[0.164s] Level 1:colcon.colcon_core.package_identification:_identify(mujoco-3.13.0/include/misc/cpp) by extensions ['cmake', 'python']
[0.164s] Level 1:colcon.colcon_core.package_identification:_identify(mujoco-3.13.0/include/misc/cpp) by extension 'cmake'
[0.164s] Level 1:colcon.colcon_core.package_identification:_identify(mujoco-3.13.0/include/misc/cpp) by extension 'python'
[0.164s] Level 1:colcon.colcon_core.package_identification:_identify(mujoco-3.13.0/include/misc/cpp) by extensions ['python_setup_py']
[0.164s] Level 1:colcon.colcon_core.package_identification:_identify(mujoco-3.13.0/include/misc/cpp) by extension 'python_setup_py'
[0.164s] Level 1:colcon.colcon_core.package_identification:_identify(mujoco-3.13.0/include/mujoco) by extensions ['ignore', 'ignore_ament_install']
[0.164s] Level 1:colcon.colcon_core.package_identification:_identify(mujoco-3.13.0/include/mujoco) by extension 'ignore'
[0.164s] Level 1:colcon.colcon_core.package_identification:_identify(mujoco-3.13.0/include/mujoco) by extension 'ignore_ament_install'
[0.164s] Level 1:colcon.colcon_core.package_identification:_identify(mujoco-3.13.0/include/mujoco) by extensions ['colcon_pkg']
[0.165s] Level 1:colcon.colcon_core.package_identification:_identify(mujoco-3.13.0/include/mujoco) by extension 'colcon_pkg'
[0.165s] Level 1:colcon.colcon_core.package_identification:_identify(mujoco-3.13.0/include/mujoco) by extensions ['colcon_meta']
[0.165s] Level 1:colcon.colcon_core.package_identification:_identify(mujoco-3.13.0/include/mujoco) by extension 'colcon_meta'
[0.165s] Level 1:colcon.colcon_core.package_identification:_identify(mujoco-3.13.0/include/mujoco) by extensions ['ros']
[0.165s] Level 1:colcon.colcon_core.package_identification:_identify(mujoco-3.13.0/include/mujoco) by extension 'ros'
[0.165s] Level 1:colcon.colcon_core.package_identification:_identify(mujoco-3.13.0/include/mujoco) by extensions ['cmake', 'python']
[0.165s] Level 1:colcon.colcon_core.package_identification:_identify(mujoco-3.13.0/include/mujoco) by extension 'cmake'
[0.165s] Level 1:colcon.colcon_core.package_identification:_identify(mujoco-3.13.0/include/mujoco) by extension 'python'
[0.165s] Level 1:colcon.colcon_core.package_identification:_identify(mujoco-3.13.0/include/mujoco) by extensions ['python_setup_py']
[0.165s] Level 1:colcon.colcon_core.package_identification:_identify(mujoco-3.13.0/include/mujoco) by extension 'python_setup_py'
[0.165s] Level 1:colcon.colcon_core.package_identification:_identify(mujoco-3.13.0/include/mujoco/experimental) by extensions ['ignore', 'ignore_ament_install']
[0.165s] Level 1:colcon.colcon_core.package_identification:_identify(mujoco-3.13.0/include/mujoco/experimental) by extension 'ignore'
[0.165s] Level 1:colcon.colcon_core.package_identification:_identify(mujoco-3.13.0/include/mujoco/experimental) by extension 'ignore_ament_install'
[0.165s] Level 1:colcon.colcon_core.package_identification:_identify(mujoco-3.13.0/include/mujoco/experimental) by extensions ['colcon_pkg']
[0.165s] Level 1:colcon.colcon_core.package_identification:_identify(mujoco-3.13.0/include/mujoco/experimental) by extension 'colcon_pkg'
[0.165s] Level 1:colcon.colcon_core.package_identification:_identify(mujoco-3.13.0/include/mujoco/experimental) by extensions ['colcon_meta']
[0.165s] Level 1:colcon.colcon_core.package_identification:_identify(mujoco-3.13.0/include/mujoco/experimental) by extension 'colcon_meta'
[0.165s] Level 1:colcon.colcon_core.package_identification:_identify(mujoco-3.13.0/include/mujoco/experimental) by extensions ['ros']
[0.165s] Level 1:colcon.colcon_core.package_identification:_identify(mujoco-3.13.0/include/mujoco/experimental) by extension 'ros'
[0.165s] Level 1:colcon.colcon_core.package_identification:_identify(mujoco-3.13.0/include/mujoco/experimental) by extensions ['cmake', 'python']
[0.165s] Level 1:colcon.colcon_core.package_identification:_identify(mujoco-3.13.0/include/mujoco/experimental) by extension 'cmake'
[0.165s] Level 1:colcon.colcon_core.package_identification:_identify(mujoco-3.13.0/include/mujoco/experimental) by extension 'python'
[0.165s] Level 1:colcon.colcon_core.package_identification:_identify(mujoco-3.13.0/include/mujoco/experimental) by extensions ['python_setup_py']
[0.165s] Level 1:colcon.colcon_core.package_identification:_identify(mujoco-3.13.0/include/mujoco/experimental) by extension 'python_setup_py'
[0.165s] Level 1:colcon.colcon_core.package_identification:_identify(mujoco-3.13.0/include/mujoco/experimental/filament) by extensions ['ignore', 'ignore_ament_install']
[0.165s] Level 1:colcon.colcon_core.package_identification:_identify(mujoco-3.13.0/include/mujoco/experimental/filament) by extension 'ignore'
[0.165s] Level 1:colcon.colcon_core.package_identification:_identify(mujoco-3.13.0/include/mujoco/experimental/filament) by extension 'ignore_ament_install'
[0.165s] Level 1:colcon.colcon_core.package_identification:_identify(mujoco-3.13.0/include/mujoco/experimental/filament) by extensions ['colcon_pkg']
[0.165s] Level 1:colcon.colcon_core.package_identification:_identify(mujoco-3.13.0/include/mujoco/experimental/filament) by extension 'colcon_pkg'
[0.165s] Level 1:colcon.colcon_core.package_identification:_identify(mujoco-3.13.0/include/mujoco/experimental/filament) by extensions ['colcon_meta']
[0.165s] Level 1:colcon.colcon_core.package_identification:_identify(mujoco-3.13.0/include/mujoco/experimental/filament) by extension 'colcon_meta'
[0.166s] Level 1:colcon.colcon_core.package_identification:_identify(mujoco-3.13.0/include/mujoco/experimental/filament) by extensions ['ros']
[0.166s] Level 1:colcon.colcon_core.package_identification:_identify(mujoco-3.13.0/include/mujoco/experimental/filament) by extension 'ros'
[0.166s] Level 1:colcon.colcon_core.package_identification:_identify(mujoco-3.13.0/include/mujoco/experimental/filament) by extensions ['cmake', 'python']
[0.166s] Level 1:colcon.colcon_core.package_identification:_identify(mujoco-3.13.0/include/mujoco/experimental/filament) by extension 'cmake'
[0.166s] Level 1:colcon.colcon_core.package_identification:_identify(mujoco-3.13.0/include/mujoco/experimental/filament) by extension 'python'
[0.166s] Level 1:colcon.colcon_core.package_identification:_identify(mujoco-3.13.0/include/mujoco/experimental/filament) by extensions ['python_setup_py']
[0.166s] Level 1:colcon.colcon_core.package_identification:_identify(mujoco-3.13.0/include/mujoco/experimental/filament) by extension 'python_setup_py'
[0.166s] Level 1:colcon.colcon_core.package_identification:_identify(mujoco-3.13.0/include/mujoco/experimental/filament/compat) by extensions ['ignore', 'ignore_ament_install']
[0.166s] Level 1:colcon.colcon_core.package_identification:_identify(mujoco-3.13.0/include/mujoco/experimental/filament/compat) by extension 'ignore'
[0.166s] Level 1:colcon.colcon_core.package_identification:_identify(mujoco-3.13.0/include/mujoco/experimental/filament/compat) by extension 'ignore_ament_install'
[0.166s] Level 1:colcon.colcon_core.package_identification:_identify(mujoco-3.13.0/include/mujoco/experimental/filament/compat) by extensions ['colcon_pkg']
[0.166s] Level 1:colcon.colcon_core.package_identification:_identify(mujoco-3.13.0/include/mujoco/experimental/filament/compat) by extension 'colcon_pkg'
[0.166s] Level 1:colcon.colcon_core.package_identification:_identify(mujoco-3.13.0/include/mujoco/experimental/filament/compat) by extensions ['colcon_meta']
[0.166s] Level 1:colcon.colcon_core.package_identification:_identify(mujoco-3.13.0/include/mujoco/experimental/filament/compat) by extension 'colcon_meta'
[0.166s] Level 1:colcon.colcon_core.package_identification:_identify(mujoco-3.13.0/include/mujoco/experimental/filament/compat) by extensions ['ros']
[0.166s] Level 1:colcon.colcon_core.package_identification:_identify(mujoco-3.13.0/include/mujoco/experimental/filament/compat) by extension 'ros'
[0.166s] Level 1:colcon.colcon_core.package_identification:_identify(mujoco-3.13.0/include/mujoco/experimental/filament/compat) by extensions ['cmake', 'python']
[0.166s] Level 1:colcon.colcon_core.package_identification:_identify(mujoco-3.13.0/include/mujoco/experimental/filament/compat) by extension 'cmake'
[0.166s] Level 1:colcon.colcon_core.package_identification:_identify(mujoco-3.13.0/include/mujoco/experimental/filament/compat) by extension 'python'
[0.166s] Level 1:colcon.colcon_core.package_identification:_identify(mujoco-3.13.0/include/mujoco/experimental/filament/compat) by extensions ['python_setup_py']
[0.166s] Level 1:colcon.colcon_core.package_identification:_identify(mujoco-3.13.0/include/mujoco/experimental/filament/compat) by extension 'python_setup_py'
[0.166s] Level 1:colcon.colcon_core.package_identification:_identify(mujoco-3.13.0/include/mujoco/experimental/studio) by extensions ['ignore', 'ignore_ament_install']
[0.166s] Level 1:colcon.colcon_core.package_identification:_identify(mujoco-3.13.0/include/mujoco/experimental/studio) by extension 'ignore'
[0.166s] Level 1:colcon.colcon_core.package_identification:_identify(mujoco-3.13.0/include/mujoco/experimental/studio) by extension 'ignore_ament_install'
[0.166s] Level 1:colcon.colcon_core.package_identification:_identify(mujoco-3.13.0/include/mujoco/experimental/studio) by extensions ['colcon_pkg']
[0.166s] Level 1:colcon.colcon_core.package_identification:_identify(mujoco-3.13.0/include/mujoco/experimental/studio) by extension 'colcon_pkg'
[0.166s] Level 1:colcon.colcon_core.package_identification:_identify(mujoco-3.13.0/include/mujoco/experimental/studio) by extensions ['colcon_meta']
[0.166s] Level 1:colcon.colcon_core.package_identification:_identify(mujoco-3.13.0/include/mujoco/experimental/studio) by extension 'colcon_meta'
[0.166s] Level 1:colcon.colcon_core.package_identification:_identify(mujoco-3.13.0/include/mujoco/experimental/studio) by extensions ['ros']
[0.166s] Level 1:colcon.colcon_core.package_identification:_identify(mujoco-3.13.0/include/mujoco/experimental/studio) by extension 'ros'
[0.167s] Level 1:colcon.colcon_core.package_identification:_identify(mujoco-3.13.0/include/mujoco/experimental/studio) by extensions ['cmake', 'python']
[0.167s] Level 1:colcon.colcon_core.package_identification:_identify(mujoco-3.13.0/include/mujoco/experimental/studio) by extension 'cmake'
[0.167s] Level 1:colcon.colcon_core.package_identification:_identify(mujoco-3.13.0/include/mujoco/experimental/studio) by extension 'python'
[0.167s] Level 1:colcon.colcon_core.package_identification:_identify(mujoco-3.13.0/include/mujoco/experimental/studio) by extensions ['python_setup_py']
[0.167s] Level 1:colcon.colcon_core.package_identification:_identify(mujoco-3.13.0/include/mujoco/experimental/studio) by extension 'python_setup_py'
[0.167s] Level 1:colcon.colcon_core.package_identification:_identify(mujoco-3.13.0/include/mujoco/experimental/studio/hal) by extensions ['ignore', 'ignore_ament_install']
[0.167s] Level 1:colcon.colcon_core.package_identification:_identify(mujoco-3.13.0/include/mujoco/experimental/studio/hal) by extension 'ignore'
[0.167s] Level 1:colcon.colcon_core.package_identification:_identify(mujoco-3.13.0/include/mujoco/experimental/studio/hal) by extension 'ignore_ament_install'
[0.167s] Level 1:colcon.colcon_core.package_identification:_identify(mujoco-3.13.0/include/mujoco/experimental/studio/hal) by extensions ['colcon_pkg']
[0.167s] Level 1:colcon.colcon_core.package_identification:_identify(mujoco-3.13.0/include/mujoco/experimental/studio/hal) by extension 'colcon_pkg'
[0.167s] Level 1:colcon.colcon_core.package_identification:_identify(mujoco-3.13.0/include/mujoco/experimental/studio/hal) by extensions ['colcon_meta']
[0.167s] Level 1:colcon.colcon_core.package_identification:_identify(mujoco-3.13.0/include/mujoco/experimental/studio/hal) by extension 'colcon_meta'
[0.167s] Level 1:colcon.colcon_core.package_identification:_identify(mujoco-3.13.0/include/mujoco/experimental/studio/hal) by extensions ['ros']
[0.167s] Level 1:colcon.colcon_core.package_identification:_identify(mujoco-3.13.0/include/mujoco/experimental/studio/hal) by extension 'ros'
[0.167s] Level 1:colcon.colcon_core.package_identification:_identify(mujoco-3.13.0/include/mujoco/experimental/studio/hal) by extensions ['cmake', 'python']
[0.167s] Level 1:colcon.colcon_core.package_identification:_identify(mujoco-3.13.0/include/mujoco/experimental/studio/hal) by extension 'cmake'
[0.167s] Level 1:colcon.colcon_core.package_identification:_identify(mujoco-3.13.0/include/mujoco/experimental/studio/hal) by extension 'python'
[0.167s] Level 1:colcon.colcon_core.package_identification:_identify(mujoco-3.13.0/include/mujoco/experimental/studio/hal) by extensions ['python_setup_py']
[0.167s] Level 1:colcon.colcon_core.package_identification:_identify(mujoco-3.13.0/include/mujoco/experimental/studio/hal) by extension 'python_setup_py'
[0.167s] Level 1:colcon.colcon_core.package_identification:_identify(mujoco-3.13.0/include/mujoco/experimental/studio/io) by extensions ['ignore', 'ignore_ament_install']
[0.167s] Level 1:colcon.colcon_core.package_identification:_identify(mujoco-3.13.0/include/mujoco/experimental/studio/io) by extension 'ignore'
[0.167s] Level 1:colcon.colcon_core.package_identification:_identify(mujoco-3.13.0/include/mujoco/experimental/studio/io) by extension 'ignore_ament_install'
[0.167s] Level 1:colcon.colcon_core.package_identification:_identify(mujoco-3.13.0/include/mujoco/experimental/studio/io) by extensions ['colcon_pkg']
[0.167s] Level 1:colcon.colcon_core.package_identification:_identify(mujoco-3.13.0/include/mujoco/experimental/studio/io) by extension 'colcon_pkg'
[0.167s] Level 1:colcon.colcon_core.package_identification:_identify(mujoco-3.13.0/include/mujoco/experimental/studio/io) by extensions ['colcon_meta']
[0.167s] Level 1:colcon.colcon_core.package_identification:_identify(mujoco-3.13.0/include/mujoco/experimental/studio/io) by extension 'colcon_meta'
[0.167s] Level 1:colcon.colcon_core.package_identification:_identify(mujoco-3.13.0/include/mujoco/experimental/studio/io) by extensions ['ros']
[0.167s] Level 1:colcon.colcon_core.package_identification:_identify(mujoco-3.13.0/include/mujoco/experimental/studio/io) by extension 'ros'
[0.168s] Level 1:colcon.colcon_core.package_identification:_identify(mujoco-3.13.0/include/mujoco/experimental/studio/io) by extensions ['cmake', 'python']
[0.168s] Level 1:colcon.colcon_core.package_identification:_identify(mujoco-3.13.0/include/mujoco/experimental/studio/io) by extension 'cmake'
[0.168s] Level 1:colcon.colcon_core.package_identification:_identify(mujoco-3.13.0/include/mujoco/experimental/studio/io) by extension 'python'
[0.168s] Level 1:colcon.colcon_core.package_identification:_identify(mujoco-3.13.0/include/mujoco/experimental/studio/io) by extensions ['python_setup_py']
[0.168s] Level 1:colcon.colcon_core.package_identification:_identify(mujoco-3.13.0/include/mujoco/experimental/studio/io) by extension 'python_setup_py'
[0.168s] Level 1:colcon.colcon_core.package_identification:_identify(mujoco-3.13.0/include/mujoco/experimental/studio/sim) by extensions ['ignore', 'ignore_ament_install']
[0.168s] Level 1:colcon.colcon_core.package_identification:_identify(mujoco-3.13.0/include/mujoco/experimental/studio/sim) by extension 'ignore'
[0.168s] Level 1:colcon.colcon_core.package_identification:_identify(mujoco-3.13.0/include/mujoco/experimental/studio/sim) by extension 'ignore_ament_install'
[0.168s] Level 1:colcon.colcon_core.package_identification:_identify(mujoco-3.13.0/include/mujoco/experimental/studio/sim) by extensions ['colcon_pkg']
[0.168s] Level 1:colcon.colcon_core.package_identification:_identify(mujoco-3.13.0/include/mujoco/experimental/studio/sim) by extension 'colcon_pkg'
[0.168s] Level 1:colcon.colcon_core.package_identification:_identify(mujoco-3.13.0/include/mujoco/experimental/studio/sim) by extensions ['colcon_meta']
[0.168s] Level 1:colcon.colcon_core.package_identification:_identify(mujoco-3.13.0/include/mujoco/experimental/studio/sim) by extension 'colcon_meta'
[0.168s] Level 1:colcon.colcon_core.package_identification:_identify(mujoco-3.13.0/include/mujoco/experimental/studio/sim) by extensions ['ros']
[0.168s] Level 1:colcon.colcon_core.package_identification:_identify(mujoco-3.13.0/include/mujoco/experimental/studio/sim) by extension 'ros'
[0.168s] Level 1:colcon.colcon_core.package_identification:_identify(mujoco-3.13.0/include/mujoco/experimental/studio/sim) by extensions ['cmake', 'python']
[0.168s] Level 1:colcon.colcon_core.package_identification:_identify(mujoco-3.13.0/include/mujoco/experimental/studio/sim) by extension 'cmake'
[0.168s] Level 1:colcon.colcon_core.package_identification:_identify(mujoco-3.13.0/include/mujoco/experimental/studio/sim) by extension 'python'
[0.168s] Level 1:colcon.colcon_core.package_identification:_identify(mujoco-3.13.0/include/mujoco/experimental/studio/sim) by extensions ['python_setup_py']
[0.168s] Level 1:colcon.colcon_core.package_identification:_identify(mujoco-3.13.0/include/mujoco/experimental/studio/sim) by extension 'python_setup_py'
[0.168s] Level 1:colcon.colcon_core.package_identification:_identify(mujoco-3.13.0/include/mujoco/experimental/studio/ux) by extensions ['ignore', 'ignore_ament_install']
[0.168s] Level 1:colcon.colcon_core.package_identification:_identify(mujoco-3.13.0/include/mujoco/experimental/studio/ux) by extension 'ignore'
[0.168s] Level 1:colcon.colcon_core.package_identification:_identify(mujoco-3.13.0/include/mujoco/experimental/studio/ux) by extension 'ignore_ament_install'
[0.168s] Level 1:colcon.colcon_core.package_identification:_identify(mujoco-3.13.0/include/mujoco/experimental/studio/ux) by extensions ['colcon_pkg']
[0.168s] Level 1:colcon.colcon_core.package_identification:_identify(mujoco-3.13.0/include/mujoco/experimental/studio/ux) by extension 'colcon_pkg'
[0.168s] Level 1:colcon.colcon_core.package_identification:_identify(mujoco-3.13.0/include/mujoco/experimental/studio/ux) by extensions ['colcon_meta']
[0.168s] Level 1:colcon.colcon_core.package_identification:_identify(mujoco-3.13.0/include/mujoco/experimental/studio/ux) by extension 'colcon_meta'
[0.168s] Level 1:colcon.colcon_core.package_identification:_identify(mujoco-3.13.0/include/mujoco/experimental/studio/ux) by extensions ['ros']
[0.168s] Level 1:colcon.colcon_core.package_identification:_identify(mujoco-3.13.0/include/mujoco/experimental/studio/ux) by extension 'ros'
[0.168s] Level 1:colcon.colcon_core.package_identification:_identify(mujoco-3.13.0/include/mujoco/experimental/studio/ux) by extensions ['cmake', 'python']
[0.168s] Level 1:colcon.colcon_core.package_identification:_identify(mujoco-3.13.0/include/mujoco/experimental/studio/ux) by extension 'cmake'
[0.169s] Level 1:colcon.colcon_core.package_identification:_identify(mujoco-3.13.0/include/mujoco/experimental/studio/ux) by extension 'python'
[0.169s] Level 1:colcon.colcon_core.package_identification:_identify(mujoco-3.13.0/include/mujoco/experimental/studio/ux) by extensions ['python_setup_py']
[0.169s] Level 1:colcon.colcon_core.package_identification:_identify(mujoco-3.13.0/include/mujoco/experimental/studio/ux) by extension 'python_setup_py'
[0.169s] Level 1:colcon.colcon_core.package_identification:_identify(mujoco-3.13.0/include/mujoco/experimental/usd) by extensions ['ignore', 'ignore_ament_install']
[0.169s] Level 1:colcon.colcon_core.package_identification:_identify(mujoco-3.13.0/include/mujoco/experimental/usd) by extension 'ignore'
[0.169s] Level 1:colcon.colcon_core.package_identification:_identify(mujoco-3.13.0/include/mujoco/experimental/usd) by extension 'ignore_ament_install'
[0.169s] Level 1:colcon.colcon_core.package_identification:_identify(mujoco-3.13.0/include/mujoco/experimental/usd) by extensions ['colcon_pkg']
[0.169s] Level 1:colcon.colcon_core.package_identification:_identify(mujoco-3.13.0/include/mujoco/experimental/usd) by extension 'colcon_pkg'
[0.169s] Level 1:colcon.colcon_core.package_identification:_identify(mujoco-3.13.0/include/mujoco/experimental/usd) by extensions ['colcon_meta']
[0.169s] Level 1:colcon.colcon_core.package_identification:_identify(mujoco-3.13.0/include/mujoco/experimental/usd) by extension 'colcon_meta'
[0.169s] Level 1:colcon.colcon_core.package_identification:_identify(mujoco-3.13.0/include/mujoco/experimental/usd) by extensions ['ros']
[0.169s] Level 1:colcon.colcon_core.package_identification:_identify(mujoco-3.13.0/include/mujoco/experimental/usd) by extension 'ros'
[0.169s] Level 1:colcon.colcon_core.package_identification:_identify(mujoco-3.13.0/include/mujoco/experimental/usd) by extensions ['cmake', 'python']
[0.169s] Level 1:colcon.colcon_core.package_identification:_identify(mujoco-3.13.0/include/mujoco/experimental/usd) by extension 'cmake'
[0.169s] Level 1:colcon.colcon_core.package_identification:_identify(mujoco-3.13.0/include/mujoco/experimental/usd) by extension 'python'
[0.169s] Level 1:colcon.colcon_core.package_identification:_identify(mujoco-3.13.0/include/mujoco/experimental/usd) by extensions ['python_setup_py']
[0.169s] Level 1:colcon.colcon_core.package_identification:_identify(mujoco-3.13.0/include/mujoco/experimental/usd) by extension 'python_setup_py'
[0.169s] Level 1:colcon.colcon_core.package_identification:_identify(mujoco-3.13.0/include/mujoco/experimental/usd/mjcPhysics) by extensions ['ignore', 'ignore_ament_install']
[0.169s] Level 1:colcon.colcon_core.package_identification:_identify(mujoco-3.13.0/include/mujoco/experimental/usd/mjcPhysics) by extension 'ignore'
[0.169s] Level 1:colcon.colcon_core.package_identification:_identify(mujoco-3.13.0/include/mujoco/experimental/usd/mjcPhysics) by extension 'ignore_ament_install'
[0.169s] Level 1:colcon.colcon_core.package_identification:_identify(mujoco-3.13.0/include/mujoco/experimental/usd/mjcPhysics) by extensions ['colcon_pkg']
[0.169s] Level 1:colcon.colcon_core.package_identification:_identify(mujoco-3.13.0/include/mujoco/experimental/usd/mjcPhysics) by extension 'colcon_pkg'
[0.169s] Level 1:colcon.colcon_core.package_identification:_identify(mujoco-3.13.0/include/mujoco/experimental/usd/mjcPhysics) by extensions ['colcon_meta']
[0.169s] Level 1:colcon.colcon_core.package_identification:_identify(mujoco-3.13.0/include/mujoco/experimental/usd/mjcPhysics) by extension 'colcon_meta'
[0.169s] Level 1:colcon.colcon_core.package_identification:_identify(mujoco-3.13.0/include/mujoco/experimental/usd/mjcPhysics) by extensions ['ros']
[0.169s] Level 1:colcon.colcon_core.package_identification:_identify(mujoco-3.13.0/include/mujoco/experimental/usd/mjcPhysics) by extension 'ros'
[0.169s] Level 1:colcon.colcon_core.package_identification:_identify(mujoco-3.13.0/include/mujoco/experimental/usd/mjcPhysics) by extensions ['cmake', 'python']
[0.169s] Level 1:colcon.colcon_core.package_identification:_identify(mujoco-3.13.0/include/mujoco/experimental/usd/mjcPhysics) by extension 'cmake'
[0.169s] Level 1:colcon.colcon_core.package_identification:_identify(mujoco-3.13.0/include/mujoco/experimental/usd/mjcPhysics) by extension 'python'
[0.169s] Level 1:colcon.colcon_core.package_identification:_identify(mujoco-3.13.0/include/mujoco/experimental/usd/mjcPhysics) by extensions ['python_setup_py']
[0.170s] Level 1:colcon.colcon_core.package_identification:_identify(mujoco-3.13.0/include/mujoco/experimental/usd/mjcPhysics) by extension 'python_setup_py'
[0.170s] Level 1:colcon.colcon_core.package_identification:_identify(mujoco-3.13.0/include/mujoco/experimental/usd/plugins) by extensions ['ignore', 'ignore_ament_install']
[0.170s] Level 1:colcon.colcon_core.package_identification:_identify(mujoco-3.13.0/include/mujoco/experimental/usd/plugins) by extension 'ignore'
[0.170s] Level 1:colcon.colcon_core.package_identification:_identify(mujoco-3.13.0/include/mujoco/experimental/usd/plugins) by extension 'ignore_ament_install'
[0.170s] Level 1:colcon.colcon_core.package_identification:_identify(mujoco-3.13.0/include/mujoco/experimental/usd/plugins) by extensions ['colcon_pkg']
[0.170s] Level 1:colcon.colcon_core.package_identification:_identify(mujoco-3.13.0/include/mujoco/experimental/usd/plugins) by extension 'colcon_pkg'
[0.170s] Level 1:colcon.colcon_core.package_identification:_identify(mujoco-3.13.0/include/mujoco/experimental/usd/plugins) by extensions ['colcon_meta']
[0.170s] Level 1:colcon.colcon_core.package_identification:_identify(mujoco-3.13.0/include/mujoco/experimental/usd/plugins) by extension 'colcon_meta'
[0.170s] Level 1:colcon.colcon_core.package_identification:_identify(mujoco-3.13.0/include/mujoco/experimental/usd/plugins) by extensions ['ros']
[0.170s] Level 1:colcon.colcon_core.package_identification:_identify(mujoco-3.13.0/include/mujoco/experimental/usd/plugins) by extension 'ros'
[0.170s] Level 1:colcon.colcon_core.package_identification:_identify(mujoco-3.13.0/include/mujoco/experimental/usd/plugins) by extensions ['cmake', 'python']
[0.170s] Level 1:colcon.colcon_core.package_identification:_identify(mujoco-3.13.0/include/mujoco/experimental/usd/plugins) by extension 'cmake'
[0.170s] Level 1:colcon.colcon_core.package_identification:_identify(mujoco-3.13.0/include/mujoco/experimental/usd/plugins) by extension 'python'
[0.170s] Level 1:colcon.colcon_core.package_identification:_identify(mujoco-3.13.0/include/mujoco/experimental/usd/plugins) by extensions ['python_setup_py']
[0.170s] Level 1:colcon.colcon_core.package_identification:_identify(mujoco-3.13.0/include/mujoco/experimental/usd/plugins) by extension 'python_setup_py'
[0.170s] Level 1:colcon.colcon_core.package_identification:_identify(mujoco-3.13.0/include/mujoco/experimental/usd/plugins/mjcf) by extensions ['ignore', 'ignore_ament_install']
[0.170s] Level 1:colcon.colcon_core.package_identification:_identify(mujoco-3.13.0/include/mujoco/experimental/usd/plugins/mjcf) by extension 'ignore'
[0.170s] Level 1:colcon.colcon_core.package_identification:_identify(mujoco-3.13.0/include/mujoco/experimental/usd/plugins/mjcf) by extension 'ignore_ament_install'
[0.170s] Level 1:colcon.colcon_core.package_identification:_identify(mujoco-3.13.0/include/mujoco/experimental/usd/plugins/mjcf) by extensions ['colcon_pkg']
[0.170s] Level 1:colcon.colcon_core.package_identification:_identify(mujoco-3.13.0/include/mujoco/experimental/usd/plugins/mjcf) by extension 'colcon_pkg'
[0.170s] Level 1:colcon.colcon_core.package_identification:_identify(mujoco-3.13.0/include/mujoco/experimental/usd/plugins/mjcf) by extensions ['colcon_meta']
[0.170s] Level 1:colcon.colcon_core.package_identification:_identify(mujoco-3.13.0/include/mujoco/experimental/usd/plugins/mjcf) by extension 'colcon_meta'
[0.170s] Level 1:colcon.colcon_core.package_identification:_identify(mujoco-3.13.0/include/mujoco/experimental/usd/plugins/mjcf) by extensions ['ros']
[0.170s] Level 1:colcon.colcon_core.package_identification:_identify(mujoco-3.13.0/include/mujoco/experimental/usd/plugins/mjcf) by extension 'ros'
[0.170s] Level 1:colcon.colcon_core.package_identification:_identify(mujoco-3.13.0/include/mujoco/experimental/usd/plugins/mjcf) by extensions ['cmake', 'python']
[0.170s] Level 1:colcon.colcon_core.package_identification:_identify(mujoco-3.13.0/include/mujoco/experimental/usd/plugins/mjcf) by extension 'cmake'
[0.170s] Level 1:colcon.colcon_core.package_identification:_identify(mujoco-3.13.0/include/mujoco/experimental/usd/plugins/mjcf) by extension 'python'
[0.170s] Level 1:colcon.colcon_core.package_identification:_identify(mujoco-3.13.0/include/mujoco/experimental/usd/plugins/mjcf) by extensions ['python_setup_py']
[0.170s] Level 1:colcon.colcon_core.package_identification:_identify(mujoco-3.13.0/include/mujoco/experimental/usd/plugins/mjcf) by extension 'python_setup_py'
[0.171s] Level 1:colcon.colcon_core.package_identification:_identify(mujoco-3.13.0/include/mujoco/render) by extensions ['ignore', 'ignore_ament_install']
[0.171s] Level 1:colcon.colcon_core.package_identification:_identify(mujoco-3.13.0/include/mujoco/render) by extension 'ignore'
[0.171s] Level 1:colcon.colcon_core.package_identification:_identify(mujoco-3.13.0/include/mujoco/render) by extension 'ignore_ament_install'
[0.171s] Level 1:colcon.colcon_core.package_identification:_identify(mujoco-3.13.0/include/mujoco/render) by extensions ['colcon_pkg']
[0.171s] Level 1:colcon.colcon_core.package_identification:_identify(mujoco-3.13.0/include/mujoco/render) by extension 'colcon_pkg'
[0.171s] Level 1:colcon.colcon_core.package_identification:_identify(mujoco-3.13.0/include/mujoco/render) by extensions ['colcon_meta']
[0.171s] Level 1:colcon.colcon_core.package_identification:_identify(mujoco-3.13.0/include/mujoco/render) by extension 'colcon_meta'
[0.171s] Level 1:colcon.colcon_core.package_identification:_identify(mujoco-3.13.0/include/mujoco/render) by extensions ['ros']
[0.171s] Level 1:colcon.colcon_core.package_identification:_identify(mujoco-3.13.0/include/mujoco/render) by extension 'ros'
[0.171s] Level 1:colcon.colcon_core.package_identification:_identify(mujoco-3.13.0/include/mujoco/render) by extensions ['cmake', 'python']
[0.171s] Level 1:colcon.colcon_core.package_identification:_identify(mujoco-3.13.0/include/mujoco/render) by extension 'cmake'
[0.171s] Level 1:colcon.colcon_core.package_identification:_identify(mujoco-3.13.0/include/mujoco/render) by extension 'python'
[0.171s] Level 1:colcon.colcon_core.package_identification:_identify(mujoco-3.13.0/include/mujoco/render) by extensions ['python_setup_py']
[0.171s] Level 1:colcon.colcon_core.package_identification:_identify(mujoco-3.13.0/include/mujoco/render) by extension 'python_setup_py'
[0.171s] Level 1:colcon.colcon_core.package_identification:_identify(mujoco-3.13.0/include/mujoco/render/filament) by extensions ['ignore', 'ignore_ament_install']
[0.171s] Level 1:colcon.colcon_core.package_identification:_identify(mujoco-3.13.0/include/mujoco/render/filament) by extension 'ignore'
[0.171s] Level 1:colcon.colcon_core.package_identification:_identify(mujoco-3.13.0/include/mujoco/render/filament) by extension 'ignore_ament_install'
[0.171s] Level 1:colcon.colcon_core.package_identification:_identify(mujoco-3.13.0/include/mujoco/render/filament) by extensions ['colcon_pkg']
[0.171s] Level 1:colcon.colcon_core.package_identification:_identify(mujoco-3.13.0/include/mujoco/render/filament) by extension 'colcon_pkg'
[0.171s] Level 1:colcon.colcon_core.package_identification:_identify(mujoco-3.13.0/include/mujoco/render/filament) by extensions ['colcon_meta']
[0.171s] Level 1:colcon.colcon_core.package_identification:_identify(mujoco-3.13.0/include/mujoco/render/filament) by extension 'colcon_meta'
[0.171s] Level 1:colcon.colcon_core.package_identification:_identify(mujoco-3.13.0/include/mujoco/render/filament) by extensions ['ros']
[0.171s] Level 1:colcon.colcon_core.package_identification:_identify(mujoco-3.13.0/include/mujoco/render/filament) by extension 'ros'
[0.171s] Level 1:colcon.colcon_core.package_identification:_identify(mujoco-3.13.0/include/mujoco/render/filament) by extensions ['cmake', 'python']
[0.171s] Level 1:colcon.colcon_core.package_identification:_identify(mujoco-3.13.0/include/mujoco/render/filament) by extension 'cmake'
[0.171s] Level 1:colcon.colcon_core.package_identification:_identify(mujoco-3.13.0/include/mujoco/render/filament) by extension 'python'
[0.171s] Level 1:colcon.colcon_core.package_identification:_identify(mujoco-3.13.0/include/mujoco/render/filament) by extensions ['python_setup_py']
[0.171s] Level 1:colcon.colcon_core.package_identification:_identify(mujoco-3.13.0/include/mujoco/render/filament) by extension 'python_setup_py'
[0.171s] Level 1:colcon.colcon_core.package_identification:_identify(mujoco-3.13.0/include/mujoco/render/filament/support) by extensions ['ignore', 'ignore_ament_install']
[0.171s] Level 1:colcon.colcon_core.package_identification:_identify(mujoco-3.13.0/include/mujoco/render/filament/support) by extension 'ignore'
[0.172s] Level 1:colcon.colcon_core.package_identification:_identify(mujoco-3.13.0/include/mujoco/render/filament/support) by extension 'ignore_ament_install'
[0.172s] Level 1:colcon.colcon_core.package_identification:_identify(mujoco-3.13.0/include/mujoco/render/filament/support) by extensions ['colcon_pkg']
[0.172s] Level 1:colcon.colcon_core.package_identification:_identify(mujoco-3.13.0/include/mujoco/render/filament/support) by extension 'colcon_pkg'
[0.172s] Level 1:colcon.colcon_core.package_identification:_identify(mujoco-3.13.0/include/mujoco/render/filament/support) by extensions ['colcon_meta']
[0.172s] Level 1:colcon.colcon_core.package_identification:_identify(mujoco-3.13.0/include/mujoco/render/filament/support) by extension 'colcon_meta'
[0.172s] Level 1:colcon.colcon_core.package_identification:_identify(mujoco-3.13.0/include/mujoco/render/filament/support) by extensions ['ros']
[0.172s] Level 1:colcon.colcon_core.package_identification:_identify(mujoco-3.13.0/include/mujoco/render/filament/support) by extension 'ros'
[0.172s] Level 1:colcon.colcon_core.package_identification:_identify(mujoco-3.13.0/include/mujoco/render/filament/support) by extensions ['cmake', 'python']
[0.172s] Level 1:colcon.colcon_core.package_identification:_identify(mujoco-3.13.0/include/mujoco/render/filament/support) by extension 'cmake'
[0.172s] Level 1:colcon.colcon_core.package_identification:_identify(mujoco-3.13.0/include/mujoco/render/filament/support) by extension 'python'
[0.172s] Level 1:colcon.colcon_core.package_identification:_identify(mujoco-3.13.0/include/mujoco/render/filament/support) by extensions ['python_setup_py']
[0.172s] Level 1:colcon.colcon_core.package_identification:_identify(mujoco-3.13.0/include/mujoco/render/filament/support) by extension 'python_setup_py'
[0.172s] Level 1:colcon.colcon_core.package_identification:_identify(mujoco-3.13.0/lib) by extensions ['ignore', 'ignore_ament_install']
[0.172s] Level 1:colcon.colcon_core.package_identification:_identify(mujoco-3.13.0/lib) by extension 'ignore'
[0.172s] Level 1:colcon.colcon_core.package_identification:_identify(mujoco-3.13.0/lib) by extension 'ignore_ament_install'
[0.172s] Level 1:colcon.colcon_core.package_identification:_identify(mujoco-3.13.0/lib) by extensions ['colcon_pkg']
[0.172s] Level 1:colcon.colcon_core.package_identification:_identify(mujoco-3.13.0/lib) by extension 'colcon_pkg'
[0.172s] Level 1:colcon.colcon_core.package_identification:_identify(mujoco-3.13.0/lib) by extensions ['colcon_meta']
[0.172s] Level 1:colcon.colcon_core.package_identification:_identify(mujoco-3.13.0/lib) by extension 'colcon_meta'
[0.172s] Level 1:colcon.colcon_core.package_identification:_identify(mujoco-3.13.0/lib) by extensions ['ros']
[0.172s] Level 1:colcon.colcon_core.package_identification:_identify(mujoco-3.13.0/lib) by extension 'ros'
[0.172s] Level 1:colcon.colcon_core.package_identification:_identify(mujoco-3.13.0/lib) by extensions ['cmake', 'python']
[0.172s] Level 1:colcon.colcon_core.package_identification:_identify(mujoco-3.13.0/lib) by extension 'cmake'
[0.172s] Level 1:colcon.colcon_core.package_identification:_identify(mujoco-3.13.0/lib) by extension 'python'
[0.172s] Level 1:colcon.colcon_core.package_identification:_identify(mujoco-3.13.0/lib) by extensions ['python_setup_py']
[0.172s] Level 1:colcon.colcon_core.package_identification:_identify(mujoco-3.13.0/lib) by extension 'python_setup_py'
[0.172s] Level 1:colcon.colcon_core.package_identification:_identify(mujoco-3.13.0/model) by extensions ['ignore', 'ignore_ament_install']
[0.172s] Level 1:colcon.colcon_core.package_identification:_identify(mujoco-3.13.0/model) by extension 'ignore'
[0.172s] Level 1:colcon.colcon_core.package_identification:_identify(mujoco-3.13.0/model) by extension 'ignore_ament_install'
[0.172s] Level 1:colcon.colcon_core.package_identification:_identify(mujoco-3.13.0/model) by extensions ['colcon_pkg']
[0.172s] Level 1:colcon.colcon_core.package_identification:_identify(mujoco-3.13.0/model) by extension 'colcon_pkg'
[0.172s] Level 1:colcon.colcon_core.package_identification:_identify(mujoco-3.13.0/model) by extensions ['colcon_meta']
[0.173s] Level 1:colcon.colcon_core.package_identification:_identify(mujoco-3.13.0/model) by extension 'colcon_meta'
[0.173s] Level 1:colcon.colcon_core.package_identification:_identify(mujoco-3.13.0/model) by extensions ['ros']
[0.173s] Level 1:colcon.colcon_core.package_identification:_identify(mujoco-3.13.0/model) by extension 'ros'
[0.173s] Level 1:colcon.colcon_core.package_identification:_identify(mujoco-3.13.0/model) by extensions ['cmake', 'python']
[0.173s] Level 1:colcon.colcon_core.package_identification:_identify(mujoco-3.13.0/model) by extension 'cmake'
[0.173s] Level 1:colcon.colcon_core.package_identification:_identify(mujoco-3.13.0/model) by extension 'python'
[0.173s] Level 1:colcon.colcon_core.package_identification:_identify(mujoco-3.13.0/model) by extensions ['python_setup_py']
[0.173s] Level 1:colcon.colcon_core.package_identification:_identify(mujoco-3.13.0/model) by extension 'python_setup_py'
[0.173s] Level 1:colcon.colcon_core.package_identification:_identify(mujoco-3.13.0/model/adhesion) by extensions ['ignore', 'ignore_ament_install']
[0.173s] Level 1:colcon.colcon_core.package_identification:_identify(mujoco-3.13.0/model/adhesion) by extension 'ignore'
[0.173s] Level 1:colcon.colcon_core.package_identification:_identify(mujoco-3.13.0/model/adhesion) by extension 'ignore_ament_install'
[0.173s] Level 1:colcon.colcon_core.package_identification:_identify(mujoco-3.13.0/model/adhesion) by extensions ['colcon_pkg']
[0.173s] Level 1:colcon.colcon_core.package_identification:_identify(mujoco-3.13.0/model/adhesion) by extension 'colcon_pkg'
[0.173s] Level 1:colcon.colcon_core.package_identification:_identify(mujoco-3.13.0/model/adhesion) by extensions ['colcon_meta']
[0.173s] Level 1:colcon.colcon_core.package_identification:_identify(mujoco-3.13.0/model/adhesion) by extension 'colcon_meta'
[0.173s] Level 1:colcon.colcon_core.package_identification:_identify(mujoco-3.13.0/model/adhesion) by extensions ['ros']
[0.173s] Level 1:colcon.colcon_core.package_identification:_identify(mujoco-3.13.0/model/adhesion) by extension 'ros'
[0.173s] Level 1:colcon.colcon_core.package_identification:_identify(mujoco-3.13.0/model/adhesion) by extensions ['cmake', 'python']
[0.173s] Level 1:colcon.colcon_core.package_identification:_identify(mujoco-3.13.0/model/adhesion) by extension 'cmake'
[0.173s] Level 1:colcon.colcon_core.package_identification:_identify(mujoco-3.13.0/model/adhesion) by extension 'python'
[0.173s] Level 1:colcon.colcon_core.package_identification:_identify(mujoco-3.13.0/model/adhesion) by extensions ['python_setup_py']
[0.173s] Level 1:colcon.colcon_core.package_identification:_identify(mujoco-3.13.0/model/adhesion) by extension 'python_setup_py'
[0.173s] Level 1:colcon.colcon_core.package_identification:_identify(mujoco-3.13.0/model/arch) by extensions ['ignore', 'ignore_ament_install']
[0.173s] Level 1:colcon.colcon_core.package_identification:_identify(mujoco-3.13.0/model/arch) by extension 'ignore'
[0.173s] Level 1:colcon.colcon_core.package_identification:_identify(mujoco-3.13.0/model/arch) by extension 'ignore_ament_install'
[0.173s] Level 1:colcon.colcon_core.package_identification:_identify(mujoco-3.13.0/model/arch) by extensions ['colcon_pkg']
[0.173s] Level 1:colcon.colcon_core.package_identification:_identify(mujoco-3.13.0/model/arch) by extension 'colcon_pkg'
[0.173s] Level 1:colcon.colcon_core.package_identification:_identify(mujoco-3.13.0/model/arch) by extensions ['colcon_meta']
[0.173s] Level 1:colcon.colcon_core.package_identification:_identify(mujoco-3.13.0/model/arch) by extension 'colcon_meta'
[0.173s] Level 1:colcon.colcon_core.package_identification:_identify(mujoco-3.13.0/model/arch) by extensions ['ros']
[0.173s] Level 1:colcon.colcon_core.package_identification:_identify(mujoco-3.13.0/model/arch) by extension 'ros'
[0.173s] Level 1:colcon.colcon_core.package_identification:_identify(mujoco-3.13.0/model/arch) by extensions ['cmake', 'python']
[0.174s] Level 1:colcon.colcon_core.package_identification:_identify(mujoco-3.13.0/model/arch) by extension 'cmake'
[0.174s] Level 1:colcon.colcon_core.package_identification:_identify(mujoco-3.13.0/model/arch) by extension 'python'
[0.174s] Level 1:colcon.colcon_core.package_identification:_identify(mujoco-3.13.0/model/arch) by extensions ['python_setup_py']
[0.174s] Level 1:colcon.colcon_core.package_identification:_identify(mujoco-3.13.0/model/arch) by extension 'python_setup_py'
[0.174s] Level 1:colcon.colcon_core.package_identification:_identify(mujoco-3.13.0/model/balloons) by extensions ['ignore', 'ignore_ament_install']
[0.174s] Level 1:colcon.colcon_core.package_identification:_identify(mujoco-3.13.0/model/balloons) by extension 'ignore'
[0.174s] Level 1:colcon.colcon_core.package_identification:_identify(mujoco-3.13.0/model/balloons) by extension 'ignore_ament_install'
[0.174s] Level 1:colcon.colcon_core.package_identification:_identify(mujoco-3.13.0/model/balloons) by extensions ['colcon_pkg']
[0.174s] Level 1:colcon.colcon_core.package_identification:_identify(mujoco-3.13.0/model/balloons) by extension 'colcon_pkg'
[0.174s] Level 1:colcon.colcon_core.package_identification:_identify(mujoco-3.13.0/model/balloons) by extensions ['colcon_meta']
[0.174s] Level 1:colcon.colcon_core.package_identification:_identify(mujoco-3.13.0/model/balloons) by extension 'colcon_meta'
[0.174s] Level 1:colcon.colcon_core.package_identification:_identify(mujoco-3.13.0/model/balloons) by extensions ['ros']
[0.174s] Level 1:colcon.colcon_core.package_identification:_identify(mujoco-3.13.0/model/balloons) by extension 'ros'
[0.174s] Level 1:colcon.colcon_core.package_identification:_identify(mujoco-3.13.0/model/balloons) by extensions ['cmake', 'python']
[0.174s] Level 1:colcon.colcon_core.package_identification:_identify(mujoco-3.13.0/model/balloons) by extension 'cmake'
[0.174s] Level 1:colcon.colcon_core.package_identification:_identify(mujoco-3.13.0/model/balloons) by extension 'python'
[0.174s] Level 1:colcon.colcon_core.package_identification:_identify(mujoco-3.13.0/model/balloons) by extensions ['python_setup_py']
[0.174s] Level 1:colcon.colcon_core.package_identification:_identify(mujoco-3.13.0/model/balloons) by extension 'python_setup_py'
[0.174s] Level 1:colcon.colcon_core.package_identification:_identify(mujoco-3.13.0/model/car) by extensions ['ignore', 'ignore_ament_install']
[0.174s] Level 1:colcon.colcon_core.package_identification:_identify(mujoco-3.13.0/model/car) by extension 'ignore'
[0.174s] Level 1:colcon.colcon_core.package_identification:_identify(mujoco-3.13.0/model/car) by extension 'ignore_ament_install'
[0.174s] Level 1:colcon.colcon_core.package_identification:_identify(mujoco-3.13.0/model/car) by extensions ['colcon_pkg']
[0.174s] Level 1:colcon.colcon_core.package_identification:_identify(mujoco-3.13.0/model/car) by extension 'colcon_pkg'
[0.174s] Level 1:colcon.colcon_core.package_identification:_identify(mujoco-3.13.0/model/car) by extensions ['colcon_meta']
[0.174s] Level 1:colcon.colcon_core.package_identification:_identify(mujoco-3.13.0/model/car) by extension 'colcon_meta'
[0.174s] Level 1:colcon.colcon_core.package_identification:_identify(mujoco-3.13.0/model/car) by extensions ['ros']
[0.174s] Level 1:colcon.colcon_core.package_identification:_identify(mujoco-3.13.0/model/car) by extension 'ros'
[0.174s] Level 1:colcon.colcon_core.package_identification:_identify(mujoco-3.13.0/model/car) by extensions ['cmake', 'python']
[0.174s] Level 1:colcon.colcon_core.package_identification:_identify(mujoco-3.13.0/model/car) by extension 'cmake'
[0.174s] Level 1:colcon.colcon_core.package_identification:_identify(mujoco-3.13.0/model/car) by extension 'python'
[0.174s] Level 1:colcon.colcon_core.package_identification:_identify(mujoco-3.13.0/model/car) by extensions ['python_setup_py']
[0.174s] Level 1:colcon.colcon_core.package_identification:_identify(mujoco-3.13.0/model/car) by extension 'python_setup_py'
[0.174s] Level 1:colcon.colcon_core.package_identification:_identify(mujoco-3.13.0/model/cards) by extensions ['ignore', 'ignore_ament_install']
[0.175s] Level 1:colcon.colcon_core.package_identification:_identify(mujoco-3.13.0/model/cards) by extension 'ignore'
[0.175s] Level 1:colcon.colcon_core.package_identification:_identify(mujoco-3.13.0/model/cards) by extension 'ignore_ament_install'
[0.175s] Level 1:colcon.colcon_core.package_identification:_identify(mujoco-3.13.0/model/cards) by extensions ['colcon_pkg']
[0.175s] Level 1:colcon.colcon_core.package_identification:_identify(mujoco-3.13.0/model/cards) by extension 'colcon_pkg'
[0.175s] Level 1:colcon.colcon_core.package_identification:_identify(mujoco-3.13.0/model/cards) by extensions ['colcon_meta']
[0.175s] Level 1:colcon.colcon_core.package_identification:_identify(mujoco-3.13.0/model/cards) by extension 'colcon_meta'
[0.175s] Level 1:colcon.colcon_core.package_identification:_identify(mujoco-3.13.0/model/cards) by extensions ['ros']
[0.175s] Level 1:colcon.colcon_core.package_identification:_identify(mujoco-3.13.0/model/cards) by extension 'ros'
[0.175s] Level 1:colcon.colcon_core.package_identification:_identify(mujoco-3.13.0/model/cards) by extensions ['cmake', 'python']
[0.175s] Level 1:colcon.colcon_core.package_identification:_identify(mujoco-3.13.0/model/cards) by extension 'cmake'
[0.175s] Level 1:colcon.colcon_core.package_identification:_identify(mujoco-3.13.0/model/cards) by extension 'python'
[0.175s] Level 1:colcon.colcon_core.package_identification:_identify(mujoco-3.13.0/model/cards) by extensions ['python_setup_py']
[0.175s] Level 1:colcon.colcon_core.package_identification:_identify(mujoco-3.13.0/model/cards) by extension 'python_setup_py'
[0.175s] Level 1:colcon.colcon_core.package_identification:_identify(mujoco-3.13.0/model/cards/assets) by extensions ['ignore', 'ignore_ament_install']
[0.175s] Level 1:colcon.colcon_core.package_identification:_identify(mujoco-3.13.0/model/cards/assets) by extension 'ignore'
[0.175s] Level 1:colcon.colcon_core.package_identification:_identify(mujoco-3.13.0/model/cards/assets) by extension 'ignore_ament_install'
[0.175s] Level 1:colcon.colcon_core.package_identification:_identify(mujoco-3.13.0/model/cards/assets) by extensions ['colcon_pkg']
[0.175s] Level 1:colcon.colcon_core.package_identification:_identify(mujoco-3.13.0/model/cards/assets) by extension 'colcon_pkg'
[0.175s] Level 1:colcon.colcon_core.package_identification:_identify(mujoco-3.13.0/model/cards/assets) by extensions ['colcon_meta']
[0.175s] Level 1:colcon.colcon_core.package_identification:_identify(mujoco-3.13.0/model/cards/assets) by extension 'colcon_meta'
[0.175s] Level 1:colcon.colcon_core.package_identification:_identify(mujoco-3.13.0/model/cards/assets) by extensions ['ros']
[0.175s] Level 1:colcon.colcon_core.package_identification:_identify(mujoco-3.13.0/model/cards/assets) by extension 'ros'
[0.175s] Level 1:colcon.colcon_core.package_identification:_identify(mujoco-3.13.0/model/cards/assets) by extensions ['cmake', 'python']
[0.175s] Level 1:colcon.colcon_core.package_identification:_identify(mujoco-3.13.0/model/cards/assets) by extension 'cmake'
[0.175s] Level 1:colcon.colcon_core.package_identification:_identify(mujoco-3.13.0/model/cards/assets) by extension 'python'
[0.175s] Level 1:colcon.colcon_core.package_identification:_identify(mujoco-3.13.0/model/cards/assets) by extensions ['python_setup_py']
[0.175s] Level 1:colcon.colcon_core.package_identification:_identify(mujoco-3.13.0/model/cards/assets) by extension 'python_setup_py'
[0.175s] Level 1:colcon.colcon_core.package_identification:_identify(mujoco-3.13.0/model/cube) by extensions ['ignore', 'ignore_ament_install']
[0.175s] Level 1:colcon.colcon_core.package_identification:_identify(mujoco-3.13.0/model/cube) by extension 'ignore'
[0.175s] Level 1:colcon.colcon_core.package_identification:_identify(mujoco-3.13.0/model/cube) by extension 'ignore_ament_install'
[0.176s] Level 1:colcon.colcon_core.package_identification:_identify(mujoco-3.13.0/model/cube) by extensions ['colcon_pkg']
[0.176s] Level 1:colcon.colcon_core.package_identification:_identify(mujoco-3.13.0/model/cube) by extension 'colcon_pkg'
[0.176s] Level 1:colcon.colcon_core.package_identification:_identify(mujoco-3.13.0/model/cube) by extensions ['colcon_meta']
[0.176s] Level 1:colcon.colcon_core.package_identification:_identify(mujoco-3.13.0/model/cube) by extension 'colcon_meta'
[0.176s] Level 1:colcon.colcon_core.package_identification:_identify(mujoco-3.13.0/model/cube) by extensions ['ros']
[0.176s] Level 1:colcon.colcon_core.package_identification:_identify(mujoco-3.13.0/model/cube) by extension 'ros'
[0.176s] Level 1:colcon.colcon_core.package_identification:_identify(mujoco-3.13.0/model/cube) by extensions ['cmake', 'python']
[0.176s] Level 1:colcon.colcon_core.package_identification:_identify(mujoco-3.13.0/model/cube) by extension 'cmake'
[0.176s] Level 1:colcon.colcon_core.package_identification:_identify(mujoco-3.13.0/model/cube) by extension 'python'
[0.176s] Level 1:colcon.colcon_core.package_identification:_identify(mujoco-3.13.0/model/cube) by extensions ['python_setup_py']
[0.176s] Level 1:colcon.colcon_core.package_identification:_identify(mujoco-3.13.0/model/cube) by extension 'python_setup_py'
[0.176s] Level 1:colcon.colcon_core.package_identification:_identify(mujoco-3.13.0/model/cube/assets) by extensions ['ignore', 'ignore_ament_install']
[0.176s] Level 1:colcon.colcon_core.package_identification:_identify(mujoco-3.13.0/model/cube/assets) by extension 'ignore'
[0.176s] Level 1:colcon.colcon_core.package_identification:_identify(mujoco-3.13.0/model/cube/assets) by extension 'ignore_ament_install'
[0.176s] Level 1:colcon.colcon_core.package_identification:_identify(mujoco-3.13.0/model/cube/assets) by extensions ['colcon_pkg']
[0.176s] Level 1:colcon.colcon_core.package_identification:_identify(mujoco-3.13.0/model/cube/assets) by extension 'colcon_pkg'
[0.176s] Level 1:colcon.colcon_core.package_identification:_identify(mujoco-3.13.0/model/cube/assets) by extensions ['colcon_meta']
[0.176s] Level 1:colcon.colcon_core.package_identification:_identify(mujoco-3.13.0/model/cube/assets) by extension 'colcon_meta'
[0.176s] Level 1:colcon.colcon_core.package_identification:_identify(mujoco-3.13.0/model/cube/assets) by extensions ['ros']
[0.176s] Level 1:colcon.colcon_core.package_identification:_identify(mujoco-3.13.0/model/cube/assets) by extension 'ros'
[0.176s] Level 1:colcon.colcon_core.package_identification:_identify(mujoco-3.13.0/model/cube/assets) by extensions ['cmake', 'python']
[0.176s] Level 1:colcon.colcon_core.package_identification:_identify(mujoco-3.13.0/model/cube/assets) by extension 'cmake'
[0.176s] Level 1:colcon.colcon_core.package_identification:_identify(mujoco-3.13.0/model/cube/assets) by extension 'python'
[0.176s] Level 1:colcon.colcon_core.package_identification:_identify(mujoco-3.13.0/model/cube/assets) by extensions ['python_setup_py']
[0.176s] Level 1:colcon.colcon_core.package_identification:_identify(mujoco-3.13.0/model/cube/assets) by extension 'python_setup_py'
[0.176s] Level 1:colcon.colcon_core.package_identification:_identify(mujoco-3.13.0/model/flex) by extensions ['ignore', 'ignore_ament_install']
[0.176s] Level 1:colcon.colcon_core.package_identification:_identify(mujoco-3.13.0/model/flex) by extension 'ignore'
[0.176s] Level 1:colcon.colcon_core.package_identification:_identify(mujoco-3.13.0/model/flex) by extension 'ignore_ament_install'
[0.176s] Level 1:colcon.colcon_core.package_identification:_identify(mujoco-3.13.0/model/flex) by extensions ['colcon_pkg']
[0.176s] Level 1:colcon.colcon_core.package_identification:_identify(mujoco-3.13.0/model/flex) by extension 'colcon_pkg'
[0.176s] Level 1:colcon.colcon_core.package_identification:_identify(mujoco-3.13.0/model/flex) by extensions ['colcon_meta']
[0.177s] Level 1:colcon.colcon_core.package_identification:_identify(mujoco-3.13.0/model/flex) by extension 'colcon_meta'
[0.177s] Level 1:colcon.colcon_core.package_identification:_identify(mujoco-3.13.0/model/flex) by extensions ['ros']
[0.177s] Level 1:colcon.colcon_core.package_identification:_identify(mujoco-3.13.0/model/flex) by extension 'ros'
[0.177s] Level 1:colcon.colcon_core.package_identification:_identify(mujoco-3.13.0/model/flex) by extensions ['cmake', 'python']
[0.177s] Level 1:colcon.colcon_core.package_identification:_identify(mujoco-3.13.0/model/flex) by extension 'cmake'
[0.177s] Level 1:colcon.colcon_core.package_identification:_identify(mujoco-3.13.0/model/flex) by extension 'python'
[0.177s] Level 1:colcon.colcon_core.package_identification:_identify(mujoco-3.13.0/model/flex) by extensions ['python_setup_py']
[0.177s] Level 1:colcon.colcon_core.package_identification:_identify(mujoco-3.13.0/model/flex) by extension 'python_setup_py'
[0.177s] Level 1:colcon.colcon_core.package_identification:_identify(mujoco-3.13.0/model/flex/asset) by extensions ['ignore', 'ignore_ament_install']
[0.177s] Level 1:colcon.colcon_core.package_identification:_identify(mujoco-3.13.0/model/flex/asset) by extension 'ignore'
[0.177s] Level 1:colcon.colcon_core.package_identification:_identify(mujoco-3.13.0/model/flex/asset) by extension 'ignore_ament_install'
[0.177s] Level 1:colcon.colcon_core.package_identification:_identify(mujoco-3.13.0/model/flex/asset) by extensions ['colcon_pkg']
[0.177s] Level 1:colcon.colcon_core.package_identification:_identify(mujoco-3.13.0/model/flex/asset) by extension 'colcon_pkg'
[0.177s] Level 1:colcon.colcon_core.package_identification:_identify(mujoco-3.13.0/model/flex/asset) by extensions ['colcon_meta']
[0.177s] Level 1:colcon.colcon_core.package_identification:_identify(mujoco-3.13.0/model/flex/asset) by extension 'colcon_meta'
[0.177s] Level 1:colcon.colcon_core.package_identification:_identify(mujoco-3.13.0/model/flex/asset) by extensions ['ros']
[0.177s] Level 1:colcon.colcon_core.package_identification:_identify(mujoco-3.13.0/model/flex/asset) by extension 'ros'
[0.177s] Level 1:colcon.colcon_core.package_identification:_identify(mujoco-3.13.0/model/flex/asset) by extensions ['cmake', 'python']
[0.177s] Level 1:colcon.colcon_core.package_identification:_identify(mujoco-3.13.0/model/flex/asset) by extension 'cmake'
[0.177s] Level 1:colcon.colcon_core.package_identification:_identify(mujoco-3.13.0/model/flex/asset) by extension 'python'
[0.177s] Level 1:colcon.colcon_core.package_identification:_identify(mujoco-3.13.0/model/flex/asset) by extensions ['python_setup_py']
[0.177s] Level 1:colcon.colcon_core.package_identification:_identify(mujoco-3.13.0/model/flex/asset) by extension 'python_setup_py'
[0.177s] Level 1:colcon.colcon_core.package_identification:_identify(mujoco-3.13.0/model/hammock) by extensions ['ignore', 'ignore_ament_install']
[0.177s] Level 1:colcon.colcon_core.package_identification:_identify(mujoco-3.13.0/model/hammock) by extension 'ignore'
[0.177s] Level 1:colcon.colcon_core.package_identification:_identify(mujoco-3.13.0/model/hammock) by extension 'ignore_ament_install'
[0.177s] Level 1:colcon.colcon_core.package_identification:_identify(mujoco-3.13.0/model/hammock) by extensions ['colcon_pkg']
[0.177s] Level 1:colcon.colcon_core.package_identification:_identify(mujoco-3.13.0/model/hammock) by extension 'colcon_pkg'
[0.177s] Level 1:colcon.colcon_core.package_identification:_identify(mujoco-3.13.0/model/hammock) by extensions ['colcon_meta']
[0.177s] Level 1:colcon.colcon_core.package_identification:_identify(mujoco-3.13.0/model/hammock) by extension 'colcon_meta'
[0.177s] Level 1:colcon.colcon_core.package_identification:_identify(mujoco-3.13.0/model/hammock) by extensions ['ros']
[0.177s] Level 1:colcon.colcon_core.package_identification:_identify(mujoco-3.13.0/model/hammock) by extension 'ros'
[0.177s] Level 1:colcon.colcon_core.package_identification:_identify(mujoco-3.13.0/model/hammock) by extensions ['cmake', 'python']
[0.178s] Level 1:colcon.colcon_core.package_identification:_identify(mujoco-3.13.0/model/hammock) by extension 'cmake'
[0.178s] Level 1:colcon.colcon_core.package_identification:_identify(mujoco-3.13.0/model/hammock) by extension 'python'
[0.178s] Level 1:colcon.colcon_core.package_identification:_identify(mujoco-3.13.0/model/hammock) by extensions ['python_setup_py']
[0.178s] Level 1:colcon.colcon_core.package_identification:_identify(mujoco-3.13.0/model/hammock) by extension 'python_setup_py'
[0.178s] Level 1:colcon.colcon_core.package_identification:_identify(mujoco-3.13.0/model/humanoid) by extensions ['ignore', 'ignore_ament_install']
[0.178s] Level 1:colcon.colcon_core.package_identification:_identify(mujoco-3.13.0/model/humanoid) by extension 'ignore'
[0.178s] Level 1:colcon.colcon_core.package_identification:_identify(mujoco-3.13.0/model/humanoid) by extension 'ignore_ament_install'
[0.178s] Level 1:colcon.colcon_core.package_identification:_identify(mujoco-3.13.0/model/humanoid) by extensions ['colcon_pkg']
[0.178s] Level 1:colcon.colcon_core.package_identification:_identify(mujoco-3.13.0/model/humanoid) by extension 'colcon_pkg'
[0.178s] Level 1:colcon.colcon_core.package_identification:_identify(mujoco-3.13.0/model/humanoid) by extensions ['colcon_meta']
[0.178s] Level 1:colcon.colcon_core.package_identification:_identify(mujoco-3.13.0/model/humanoid) by extension 'colcon_meta'
[0.178s] Level 1:colcon.colcon_core.package_identification:_identify(mujoco-3.13.0/model/humanoid) by extensions ['ros']
[0.178s] Level 1:colcon.colcon_core.package_identification:_identify(mujoco-3.13.0/model/humanoid) by extension 'ros'
[0.178s] Level 1:colcon.colcon_core.package_identification:_identify(mujoco-3.13.0/model/humanoid) by extensions ['cmake', 'python']
[0.178s] Level 1:colcon.colcon_core.package_identification:_identify(mujoco-3.13.0/model/humanoid) by extension 'cmake'
[0.178s] Level 1:colcon.colcon_core.package_identification:_identify(mujoco-3.13.0/model/humanoid) by extension 'python'
[0.178s] Level 1:colcon.colcon_core.package_identification:_identify(mujoco-3.13.0/model/humanoid) by extensions ['python_setup_py']
[0.178s] Level 1:colcon.colcon_core.package_identification:_identify(mujoco-3.13.0/model/humanoid) by extension 'python_setup_py'
[0.178s] Level 1:colcon.colcon_core.package_identification:_identify(mujoco-3.13.0/model/mug) by extensions ['ignore', 'ignore_ament_install']
[0.178s] Level 1:colcon.colcon_core.package_identification:_identify(mujoco-3.13.0/model/mug) by extension 'ignore'
[0.178s] Level 1:colcon.colcon_core.package_identification:_identify(mujoco-3.13.0/model/mug) by extension 'ignore_ament_install'
[0.178s] Level 1:colcon.colcon_core.package_identification:_identify(mujoco-3.13.0/model/mug) by extensions ['colcon_pkg']
[0.178s] Level 1:colcon.colcon_core.package_identification:_identify(mujoco-3.13.0/model/mug) by extension 'colcon_pkg'
[0.178s] Level 1:colcon.colcon_core.package_identification:_identify(mujoco-3.13.0/model/mug) by extensions ['colcon_meta']
[0.178s] Level 1:colcon.colcon_core.package_identification:_identify(mujoco-3.13.0/model/mug) by extension 'colcon_meta'
[0.178s] Level 1:colcon.colcon_core.package_identification:_identify(mujoco-3.13.0/model/mug) by extensions ['ros']
[0.178s] Level 1:colcon.colcon_core.package_identification:_identify(mujoco-3.13.0/model/mug) by extension 'ros'
[0.178s] Level 1:colcon.colcon_core.package_identification:_identify(mujoco-3.13.0/model/mug) by extensions ['cmake', 'python']
[0.178s] Level 1:colcon.colcon_core.package_identification:_identify(mujoco-3.13.0/model/mug) by extension 'cmake'
[0.178s] Level 1:colcon.colcon_core.package_identification:_identify(mujoco-3.13.0/model/mug) by extension 'python'
[0.178s] Level 1:colcon.colcon_core.package_identification:_identify(mujoco-3.13.0/model/mug) by extensions ['python_setup_py']
[0.178s] Level 1:colcon.colcon_core.package_identification:_identify(mujoco-3.13.0/model/mug) by extension 'python_setup_py'
[0.178s] Level 1:colcon.colcon_core.package_identification:_identify(mujoco-3.13.0/model/plugin) by extensions ['ignore', 'ignore_ament_install']
[0.179s] Level 1:colcon.colcon_core.package_identification:_identify(mujoco-3.13.0/model/plugin) by extension 'ignore'
[0.179s] Level 1:colcon.colcon_core.package_identification:_identify(mujoco-3.13.0/model/plugin) by extension 'ignore_ament_install'
[0.179s] Level 1:colcon.colcon_core.package_identification:_identify(mujoco-3.13.0/model/plugin) by extensions ['colcon_pkg']
[0.179s] Level 1:colcon.colcon_core.package_identification:_identify(mujoco-3.13.0/model/plugin) by extension 'colcon_pkg'
[0.179s] Level 1:colcon.colcon_core.package_identification:_identify(mujoco-3.13.0/model/plugin) by extensions ['colcon_meta']
[0.179s] Level 1:colcon.colcon_core.package_identification:_identify(mujoco-3.13.0/model/plugin) by extension 'colcon_meta'
[0.179s] Level 1:colcon.colcon_core.package_identification:_identify(mujoco-3.13.0/model/plugin) by extensions ['ros']
[0.179s] Level 1:colcon.colcon_core.package_identification:_identify(mujoco-3.13.0/model/plugin) by extension 'ros'
[0.179s] Level 1:colcon.colcon_core.package_identification:_identify(mujoco-3.13.0/model/plugin) by extensions ['cmake', 'python']
[0.179s] Level 1:colcon.colcon_core.package_identification:_identify(mujoco-3.13.0/model/plugin) by extension 'cmake'
[0.179s] Level 1:colcon.colcon_core.package_identification:_identify(mujoco-3.13.0/model/plugin) by extension 'python'
[0.179s] Level 1:colcon.colcon_core.package_identification:_identify(mujoco-3.13.0/model/plugin) by extensions ['python_setup_py']
[0.179s] Level 1:colcon.colcon_core.package_identification:_identify(mujoco-3.13.0/model/plugin) by extension 'python_setup_py'
[0.179s] Level 1:colcon.colcon_core.package_identification:_identify(mujoco-3.13.0/model/plugin/actuator) by extensions ['ignore', 'ignore_ament_install']
[0.179s] Level 1:colcon.colcon_core.package_identification:_identify(mujoco-3.13.0/model/plugin/actuator) by extension 'ignore'
[0.179s] Level 1:colcon.colcon_core.package_identification:_identify(mujoco-3.13.0/model/plugin/actuator) by extension 'ignore_ament_install'
[0.179s] Level 1:colcon.colcon_core.package_identification:_identify(mujoco-3.13.0/model/plugin/actuator) by extensions ['colcon_pkg']
[0.179s] Level 1:colcon.colcon_core.package_identification:_identify(mujoco-3.13.0/model/plugin/actuator) by extension 'colcon_pkg'
[0.179s] Level 1:colcon.colcon_core.package_identification:_identify(mujoco-3.13.0/model/plugin/actuator) by extensions ['colcon_meta']
[0.179s] Level 1:colcon.colcon_core.package_identification:_identify(mujoco-3.13.0/model/plugin/actuator) by extension 'colcon_meta'
[0.179s] Level 1:colcon.colcon_core.package_identification:_identify(mujoco-3.13.0/model/plugin/actuator) by extensions ['ros']
[0.179s] Level 1:colcon.colcon_core.package_identification:_identify(mujoco-3.13.0/model/plugin/actuator) by extension 'ros'
[0.179s] Level 1:colcon.colcon_core.package_identification:_identify(mujoco-3.13.0/model/plugin/actuator) by extensions ['cmake', 'python']
[0.179s] Level 1:colcon.colcon_core.package_identification:_identify(mujoco-3.13.0/model/plugin/actuator) by extension 'cmake'
[0.179s] Level 1:colcon.colcon_core.package_identification:_identify(mujoco-3.13.0/model/plugin/actuator) by extension 'python'
[0.179s] Level 1:colcon.colcon_core.package_identification:_identify(mujoco-3.13.0/model/plugin/actuator) by extensions ['python_setup_py']
[0.179s] Level 1:colcon.colcon_core.package_identification:_identify(mujoco-3.13.0/model/plugin/actuator) by extension 'python_setup_py'
[0.179s] Level 1:colcon.colcon_core.package_identification:_identify(mujoco-3.13.0/model/plugin/elasticity) by extensions ['ignore', 'ignore_ament_install']
[0.179s] Level 1:colcon.colcon_core.package_identification:_identify(mujoco-3.13.0/model/plugin/elasticity) by extension 'ignore'
[0.180s] Level 1:colcon.colcon_core.package_identification:_identify(mujoco-3.13.0/model/plugin/elasticity) by extension 'ignore_ament_install'
[0.180s] Level 1:colcon.colcon_core.package_identification:_identify(mujoco-3.13.0/model/plugin/elasticity) by extensions ['colcon_pkg']
[0.180s] Level 1:colcon.colcon_core.package_identification:_identify(mujoco-3.13.0/model/plugin/elasticity) by extension 'colcon_pkg'
[0.180s] Level 1:colcon.colcon_core.package_identification:_identify(mujoco-3.13.0/model/plugin/elasticity) by extensions ['colcon_meta']
[0.180s] Level 1:colcon.colcon_core.package_identification:_identify(mujoco-3.13.0/model/plugin/elasticity) by extension 'colcon_meta'
[0.180s] Level 1:colcon.colcon_core.package_identification:_identify(mujoco-3.13.0/model/plugin/elasticity) by extensions ['ros']
[0.180s] Level 1:colcon.colcon_core.package_identification:_identify(mujoco-3.13.0/model/plugin/elasticity) by extension 'ros'
[0.180s] Level 1:colcon.colcon_core.package_identification:_identify(mujoco-3.13.0/model/plugin/elasticity) by extensions ['cmake', 'python']
[0.180s] Level 1:colcon.colcon_core.package_identification:_identify(mujoco-3.13.0/model/plugin/elasticity) by extension 'cmake'
[0.180s] Level 1:colcon.colcon_core.package_identification:_identify(mujoco-3.13.0/model/plugin/elasticity) by extension 'python'
[0.180s] Level 1:colcon.colcon_core.package_identification:_identify(mujoco-3.13.0/model/plugin/elasticity) by extensions ['python_setup_py']
[0.180s] Level 1:colcon.colcon_core.package_identification:_identify(mujoco-3.13.0/model/plugin/elasticity) by extension 'python_setup_py'
[0.180s] Level 1:colcon.colcon_core.package_identification:_identify(mujoco-3.13.0/model/plugin/sdf) by extensions ['ignore', 'ignore_ament_install']
[0.180s] Level 1:colcon.colcon_core.package_identification:_identify(mujoco-3.13.0/model/plugin/sdf) by extension 'ignore'
[0.180s] Level 1:colcon.colcon_core.package_identification:_identify(mujoco-3.13.0/model/plugin/sdf) by extension 'ignore_ament_install'
[0.180s] Level 1:colcon.colcon_core.package_identification:_identify(mujoco-3.13.0/model/plugin/sdf) by extensions ['colcon_pkg']
[0.180s] Level 1:colcon.colcon_core.package_identification:_identify(mujoco-3.13.0/model/plugin/sdf) by extension 'colcon_pkg'
[0.180s] Level 1:colcon.colcon_core.package_identification:_identify(mujoco-3.13.0/model/plugin/sdf) by extensions ['colcon_meta']
[0.180s] Level 1:colcon.colcon_core.package_identification:_identify(mujoco-3.13.0/model/plugin/sdf) by extension 'colcon_meta'
[0.180s] Level 1:colcon.colcon_core.package_identification:_identify(mujoco-3.13.0/model/plugin/sdf) by extensions ['ros']
[0.180s] Level 1:colcon.colcon_core.package_identification:_identify(mujoco-3.13.0/model/plugin/sdf) by extension 'ros'
[0.180s] Level 1:colcon.colcon_core.package_identification:_identify(mujoco-3.13.0/model/plugin/sdf) by extensions ['cmake', 'python']
[0.180s] Level 1:colcon.colcon_core.package_identification:_identify(mujoco-3.13.0/model/plugin/sdf) by extension 'cmake'
[0.180s] Level 1:colcon.colcon_core.package_identification:_identify(mujoco-3.13.0/model/plugin/sdf) by extension 'python'
[0.180s] Level 1:colcon.colcon_core.package_identification:_identify(mujoco-3.13.0/model/plugin/sdf) by extensions ['python_setup_py']
[0.180s] Level 1:colcon.colcon_core.package_identification:_identify(mujoco-3.13.0/model/plugin/sdf) by extension 'python_setup_py'
[0.180s] Level 1:colcon.colcon_core.package_identification:_identify(mujoco-3.13.0/model/plugin/sdf/asset) by extensions ['ignore', 'ignore_ament_install']
[0.180s] Level 1:colcon.colcon_core.package_identification:_identify(mujoco-3.13.0/model/plugin/sdf/asset) by extension 'ignore'
[0.180s] Level 1:colcon.colcon_core.package_identification:_identify(mujoco-3.13.0/model/plugin/sdf/asset) by extension 'ignore_ament_install'
[0.181s] Level 1:colcon.colcon_core.package_identification:_identify(mujoco-3.13.0/model/plugin/sdf/asset) by extensions ['colcon_pkg']
[0.181s] Level 1:colcon.colcon_core.package_identification:_identify(mujoco-3.13.0/model/plugin/sdf/asset) by extension 'colcon_pkg'
[0.181s] Level 1:colcon.colcon_core.package_identification:_identify(mujoco-3.13.0/model/plugin/sdf/asset) by extensions ['colcon_meta']
[0.181s] Level 1:colcon.colcon_core.package_identification:_identify(mujoco-3.13.0/model/plugin/sdf/asset) by extension 'colcon_meta'
[0.181s] Level 1:colcon.colcon_core.package_identification:_identify(mujoco-3.13.0/model/plugin/sdf/asset) by extensions ['ros']
[0.181s] Level 1:colcon.colcon_core.package_identification:_identify(mujoco-3.13.0/model/plugin/sdf/asset) by extension 'ros'
[0.181s] Level 1:colcon.colcon_core.package_identification:_identify(mujoco-3.13.0/model/plugin/sdf/asset) by extensions ['cmake', 'python']
[0.181s] Level 1:colcon.colcon_core.package_identification:_identify(mujoco-3.13.0/model/plugin/sdf/asset) by extension 'cmake'
[0.181s] Level 1:colcon.colcon_core.package_identification:_identify(mujoco-3.13.0/model/plugin/sdf/asset) by extension 'python'
[0.181s] Level 1:colcon.colcon_core.package_identification:_identify(mujoco-3.13.0/model/plugin/sdf/asset) by extensions ['python_setup_py']
[0.181s] Level 1:colcon.colcon_core.package_identification:_identify(mujoco-3.13.0/model/plugin/sdf/asset) by extension 'python_setup_py'
[0.181s] Level 1:colcon.colcon_core.package_identification:_identify(mujoco-3.13.0/model/plugin/sensor) by extensions ['ignore', 'ignore_ament_install']
[0.181s] Level 1:colcon.colcon_core.package_identification:_identify(mujoco-3.13.0/model/plugin/sensor) by extension 'ignore'
[0.181s] Level 1:colcon.colcon_core.package_identification:_identify(mujoco-3.13.0/model/plugin/sensor) by extension 'ignore_ament_install'
[0.181s] Level 1:colcon.colcon_core.package_identification:_identify(mujoco-3.13.0/model/plugin/sensor) by extensions ['colcon_pkg']
[0.181s] Level 1:colcon.colcon_core.package_identification:_identify(mujoco-3.13.0/model/plugin/sensor) by extension 'colcon_pkg'
[0.181s] Level 1:colcon.colcon_core.package_identification:_identify(mujoco-3.13.0/model/plugin/sensor) by extensions ['colcon_meta']
[0.181s] Level 1:colcon.colcon_core.package_identification:_identify(mujoco-3.13.0/model/plugin/sensor) by extension 'colcon_meta'
[0.181s] Level 1:colcon.colcon_core.package_identification:_identify(mujoco-3.13.0/model/plugin/sensor) by extensions ['ros']
[0.181s] Level 1:colcon.colcon_core.package_identification:_identify(mujoco-3.13.0/model/plugin/sensor) by extension 'ros'
[0.181s] Level 1:colcon.colcon_core.package_identification:_identify(mujoco-3.13.0/model/plugin/sensor) by extensions ['cmake', 'python']
[0.181s] Level 1:colcon.colcon_core.package_identification:_identify(mujoco-3.13.0/model/plugin/sensor) by extension 'cmake'
[0.181s] Level 1:colcon.colcon_core.package_identification:_identify(mujoco-3.13.0/model/plugin/sensor) by extension 'python'
[0.181s] Level 1:colcon.colcon_core.package_identification:_identify(mujoco-3.13.0/model/plugin/sensor) by extensions ['python_setup_py']
[0.181s] Level 1:colcon.colcon_core.package_identification:_identify(mujoco-3.13.0/model/plugin/sensor) by extension 'python_setup_py'
[0.181s] Level 1:colcon.colcon_core.package_identification:_identify(mujoco-3.13.0/model/replicate) by extensions ['ignore', 'ignore_ament_install']
[0.181s] Level 1:colcon.colcon_core.package_identification:_identify(mujoco-3.13.0/model/replicate) by extension 'ignore'
[0.181s] Level 1:colcon.colcon_core.package_identification:_identify(mujoco-3.13.0/model/replicate) by extension 'ignore_ament_install'
[0.181s] Level 1:colcon.colcon_core.package_identification:_identify(mujoco-3.13.0/model/replicate) by extensions ['colcon_pkg']
[0.182s] Level 1:colcon.colcon_core.package_identification:_identify(mujoco-3.13.0/model/replicate) by extension 'colcon_pkg'
[0.182s] Level 1:colcon.colcon_core.package_identification:_identify(mujoco-3.13.0/model/replicate) by extensions ['colcon_meta']
[0.182s] Level 1:colcon.colcon_core.package_identification:_identify(mujoco-3.13.0/model/replicate) by extension 'colcon_meta'
[0.182s] Level 1:colcon.colcon_core.package_identification:_identify(mujoco-3.13.0/model/replicate) by extensions ['ros']
[0.182s] Level 1:colcon.colcon_core.package_identification:_identify(mujoco-3.13.0/model/replicate) by extension 'ros'
[0.182s] Level 1:colcon.colcon_core.package_identification:_identify(mujoco-3.13.0/model/replicate) by extensions ['cmake', 'python']
[0.182s] Level 1:colcon.colcon_core.package_identification:_identify(mujoco-3.13.0/model/replicate) by extension 'cmake'
[0.182s] Level 1:colcon.colcon_core.package_identification:_identify(mujoco-3.13.0/model/replicate) by extension 'python'
[0.182s] Level 1:colcon.colcon_core.package_identification:_identify(mujoco-3.13.0/model/replicate) by extensions ['python_setup_py']
[0.182s] Level 1:colcon.colcon_core.package_identification:_identify(mujoco-3.13.0/model/replicate) by extension 'python_setup_py'
[0.182s] Level 1:colcon.colcon_core.package_identification:_identify(mujoco-3.13.0/model/replicate/asset) by extensions ['ignore', 'ignore_ament_install']
[0.182s] Level 1:colcon.colcon_core.package_identification:_identify(mujoco-3.13.0/model/replicate/asset) by extension 'ignore'
[0.182s] Level 1:colcon.colcon_core.package_identification:_identify(mujoco-3.13.0/model/replicate/asset) by extension 'ignore_ament_install'
[0.182s] Level 1:colcon.colcon_core.package_identification:_identify(mujoco-3.13.0/model/replicate/asset) by extensions ['colcon_pkg']
[0.182s] Level 1:colcon.colcon_core.package_identification:_identify(mujoco-3.13.0/model/replicate/asset) by extension 'colcon_pkg'
[0.182s] Level 1:colcon.colcon_core.package_identification:_identify(mujoco-3.13.0/model/replicate/asset) by extensions ['colcon_meta']
[0.182s] Level 1:colcon.colcon_core.package_identification:_identify(mujoco-3.13.0/model/replicate/asset) by extension 'colcon_meta'
[0.182s] Level 1:colcon.colcon_core.package_identification:_identify(mujoco-3.13.0/model/replicate/asset) by extensions ['ros']
[0.182s] Level 1:colcon.colcon_core.package_identification:_identify(mujoco-3.13.0/model/replicate/asset) by extension 'ros'
[0.182s] Level 1:colcon.colcon_core.package_identification:_identify(mujoco-3.13.0/model/replicate/asset) by extensions ['cmake', 'python']
[0.182s] Level 1:colcon.colcon_core.package_identification:_identify(mujoco-3.13.0/model/replicate/asset) by extension 'cmake'
[0.182s] Level 1:colcon.colcon_core.package_identification:_identify(mujoco-3.13.0/model/replicate/asset) by extension 'python'
[0.182s] Level 1:colcon.colcon_core.package_identification:_identify(mujoco-3.13.0/model/replicate/asset) by extensions ['python_setup_py']
[0.182s] Level 1:colcon.colcon_core.package_identification:_identify(mujoco-3.13.0/model/replicate/asset) by extension 'python_setup_py'
[0.182s] Level 1:colcon.colcon_core.package_identification:_identify(mujoco-3.13.0/model/sleep) by extensions ['ignore', 'ignore_ament_install']
[0.182s] Level 1:colcon.colcon_core.package_identification:_identify(mujoco-3.13.0/model/sleep) by extension 'ignore'
[0.182s] Level 1:colcon.colcon_core.package_identification:_identify(mujoco-3.13.0/model/sleep) by extension 'ignore_ament_install'
[0.182s] Level 1:colcon.colcon_core.package_identification:_identify(mujoco-3.13.0/model/sleep) by extensions ['colcon_pkg']
[0.182s] Level 1:colcon.colcon_core.package_identification:_identify(mujoco-3.13.0/model/sleep) by extension 'colcon_pkg'
[0.182s] Level 1:colcon.colcon_core.package_identification:_identify(mujoco-3.13.0/model/sleep) by extensions ['colcon_meta']
[0.182s] Level 1:colcon.colcon_core.package_identification:_identify(mujoco-3.13.0/model/sleep) by extension 'colcon_meta'
[0.182s] Level 1:colcon.colcon_core.package_identification:_identify(mujoco-3.13.0/model/sleep) by extensions ['ros']
[0.183s] Level 1:colcon.colcon_core.package_identification:_identify(mujoco-3.13.0/model/sleep) by extension 'ros'
[0.183s] Level 1:colcon.colcon_core.package_identification:_identify(mujoco-3.13.0/model/sleep) by extensions ['cmake', 'python']
[0.183s] Level 1:colcon.colcon_core.package_identification:_identify(mujoco-3.13.0/model/sleep) by extension 'cmake'
[0.183s] Level 1:colcon.colcon_core.package_identification:_identify(mujoco-3.13.0/model/sleep) by extension 'python'
[0.183s] Level 1:colcon.colcon_core.package_identification:_identify(mujoco-3.13.0/model/sleep) by extensions ['python_setup_py']
[0.183s] Level 1:colcon.colcon_core.package_identification:_identify(mujoco-3.13.0/model/sleep) by extension 'python_setup_py'
[0.183s] Level 1:colcon.colcon_core.package_identification:_identify(mujoco-3.13.0/model/slider_crank) by extensions ['ignore', 'ignore_ament_install']
[0.183s] Level 1:colcon.colcon_core.package_identification:_identify(mujoco-3.13.0/model/slider_crank) by extension 'ignore'
[0.183s] Level 1:colcon.colcon_core.package_identification:_identify(mujoco-3.13.0/model/slider_crank) by extension 'ignore_ament_install'
[0.183s] Level 1:colcon.colcon_core.package_identification:_identify(mujoco-3.13.0/model/slider_crank) by extensions ['colcon_pkg']
[0.183s] Level 1:colcon.colcon_core.package_identification:_identify(mujoco-3.13.0/model/slider_crank) by extension 'colcon_pkg'
[0.183s] Level 1:colcon.colcon_core.package_identification:_identify(mujoco-3.13.0/model/slider_crank) by extensions ['colcon_meta']
[0.183s] Level 1:colcon.colcon_core.package_identification:_identify(mujoco-3.13.0/model/slider_crank) by extension 'colcon_meta'
[0.183s] Level 1:colcon.colcon_core.package_identification:_identify(mujoco-3.13.0/model/slider_crank) by extensions ['ros']
[0.183s] Level 1:colcon.colcon_core.package_identification:_identify(mujoco-3.13.0/model/slider_crank) by extension 'ros'
[0.183s] Level 1:colcon.colcon_core.package_identification:_identify(mujoco-3.13.0/model/slider_crank) by extensions ['cmake', 'python']
[0.183s] Level 1:colcon.colcon_core.package_identification:_identify(mujoco-3.13.0/model/slider_crank) by extension 'cmake'
[0.183s] Level 1:colcon.colcon_core.package_identification:_identify(mujoco-3.13.0/model/slider_crank) by extension 'python'
[0.183s] Level 1:colcon.colcon_core.package_identification:_identify(mujoco-3.13.0/model/slider_crank) by extensions ['python_setup_py']
[0.183s] Level 1:colcon.colcon_core.package_identification:_identify(mujoco-3.13.0/model/slider_crank) by extension 'python_setup_py'
[0.183s] Level 1:colcon.colcon_core.package_identification:_identify(mujoco-3.13.0/model/surfacevel) by extensions ['ignore', 'ignore_ament_install']
[0.183s] Level 1:colcon.colcon_core.package_identification:_identify(mujoco-3.13.0/model/surfacevel) by extension 'ignore'
[0.183s] Level 1:colcon.colcon_core.package_identification:_identify(mujoco-3.13.0/model/surfacevel) by extension 'ignore_ament_install'
[0.183s] Level 1:colcon.colcon_core.package_identification:_identify(mujoco-3.13.0/model/surfacevel) by extensions ['colcon_pkg']
[0.183s] Level 1:colcon.colcon_core.package_identification:_identify(mujoco-3.13.0/model/surfacevel) by extension 'colcon_pkg'
[0.183s] Level 1:colcon.colcon_core.package_identification:_identify(mujoco-3.13.0/model/surfacevel) by extensions ['colcon_meta']
[0.183s] Level 1:colcon.colcon_core.package_identification:_identify(mujoco-3.13.0/model/surfacevel) by extension 'colcon_meta'
[0.183s] Level 1:colcon.colcon_core.package_identification:_identify(mujoco-3.13.0/model/surfacevel) by extensions ['ros']
[0.183s] Level 1:colcon.colcon_core.package_identification:_identify(mujoco-3.13.0/model/surfacevel) by extension 'ros'
[0.183s] Level 1:colcon.colcon_core.package_identification:_identify(mujoco-3.13.0/model/surfacevel) by extensions ['cmake', 'python']
[0.184s] Level 1:colcon.colcon_core.package_identification:_identify(mujoco-3.13.0/model/surfacevel) by extension 'cmake'
[0.184s] Level 1:colcon.colcon_core.package_identification:_identify(mujoco-3.13.0/model/surfacevel) by extension 'python'
[0.184s] Level 1:colcon.colcon_core.package_identification:_identify(mujoco-3.13.0/model/surfacevel) by extensions ['python_setup_py']
[0.184s] Level 1:colcon.colcon_core.package_identification:_identify(mujoco-3.13.0/model/surfacevel) by extension 'python_setup_py'
[0.184s] Level 1:colcon.colcon_core.package_identification:_identify(mujoco-3.13.0/model/tactile) by extensions ['ignore', 'ignore_ament_install']
[0.184s] Level 1:colcon.colcon_core.package_identification:_identify(mujoco-3.13.0/model/tactile) by extension 'ignore'
[0.184s] Level 1:colcon.colcon_core.package_identification:_identify(mujoco-3.13.0/model/tactile) by extension 'ignore_ament_install'
[0.184s] Level 1:colcon.colcon_core.package_identification:_identify(mujoco-3.13.0/model/tactile) by extensions ['colcon_pkg']
[0.184s] Level 1:colcon.colcon_core.package_identification:_identify(mujoco-3.13.0/model/tactile) by extension 'colcon_pkg'
[0.184s] Level 1:colcon.colcon_core.package_identification:_identify(mujoco-3.13.0/model/tactile) by extensions ['colcon_meta']
[0.184s] Level 1:colcon.colcon_core.package_identification:_identify(mujoco-3.13.0/model/tactile) by extension 'colcon_meta'
[0.184s] Level 1:colcon.colcon_core.package_identification:_identify(mujoco-3.13.0/model/tactile) by extensions ['ros']
[0.184s] Level 1:colcon.colcon_core.package_identification:_identify(mujoco-3.13.0/model/tactile) by extension 'ros'
[0.184s] Level 1:colcon.colcon_core.package_identification:_identify(mujoco-3.13.0/model/tactile) by extensions ['cmake', 'python']
[0.184s] Level 1:colcon.colcon_core.package_identification:_identify(mujoco-3.13.0/model/tactile) by extension 'cmake'
[0.184s] Level 1:colcon.colcon_core.package_identification:_identify(mujoco-3.13.0/model/tactile) by extension 'python'
[0.184s] Level 1:colcon.colcon_core.package_identification:_identify(mujoco-3.13.0/model/tactile) by extensions ['python_setup_py']
[0.184s] Level 1:colcon.colcon_core.package_identification:_identify(mujoco-3.13.0/model/tactile) by extension 'python_setup_py'
[0.184s] Level 1:colcon.colcon_core.package_identification:_identify(mujoco-3.13.0/model/tendon_arm) by extensions ['ignore', 'ignore_ament_install']
[0.184s] Level 1:colcon.colcon_core.package_identification:_identify(mujoco-3.13.0/model/tendon_arm) by extension 'ignore'
[0.184s] Level 1:colcon.colcon_core.package_identification:_identify(mujoco-3.13.0/model/tendon_arm) by extension 'ignore_ament_install'
[0.184s] Level 1:colcon.colcon_core.package_identification:_identify(mujoco-3.13.0/model/tendon_arm) by extensions ['colcon_pkg']
[0.184s] Level 1:colcon.colcon_core.package_identification:_identify(mujoco-3.13.0/model/tendon_arm) by extension 'colcon_pkg'
[0.184s] Level 1:colcon.colcon_core.package_identification:_identify(mujoco-3.13.0/model/tendon_arm) by extensions ['colcon_meta']
[0.184s] Level 1:colcon.colcon_core.package_identification:_identify(mujoco-3.13.0/model/tendon_arm) by extension 'colcon_meta'
[0.184s] Level 1:colcon.colcon_core.package_identification:_identify(mujoco-3.13.0/model/tendon_arm) by extensions ['ros']
[0.184s] Level 1:colcon.colcon_core.package_identification:_identify(mujoco-3.13.0/model/tendon_arm) by extension 'ros'
[0.184s] Level 1:colcon.colcon_core.package_identification:_identify(mujoco-3.13.0/model/tendon_arm) by extensions ['cmake', 'python']
[0.184s] Level 1:colcon.colcon_core.package_identification:_identify(mujoco-3.13.0/model/tendon_arm) by extension 'cmake'
[0.184s] Level 1:colcon.colcon_core.package_identification:_identify(mujoco-3.13.0/model/tendon_arm) by extension 'python'
[0.185s] Level 1:colcon.colcon_core.package_identification:_identify(mujoco-3.13.0/model/tendon_arm) by extensions ['python_setup_py']
[0.185s] Level 1:colcon.colcon_core.package_identification:_identify(mujoco-3.13.0/model/tendon_arm) by extension 'python_setup_py'
[0.185s] Level 1:colcon.colcon_core.package_identification:_identify(mujoco-3.13.0/sample) by extensions ['ignore', 'ignore_ament_install']
[0.185s] Level 1:colcon.colcon_core.package_identification:_identify(mujoco-3.13.0/sample) by extension 'ignore'
[0.185s] Level 1:colcon.colcon_core.package_identification:_identify(mujoco-3.13.0/sample) by extension 'ignore_ament_install'
[0.185s] Level 1:colcon.colcon_core.package_identification:_identify(mujoco-3.13.0/sample) by extensions ['colcon_pkg']
[0.185s] Level 1:colcon.colcon_core.package_identification:_identify(mujoco-3.13.0/sample) by extension 'colcon_pkg'
[0.185s] Level 1:colcon.colcon_core.package_identification:_identify(mujoco-3.13.0/sample) by extensions ['colcon_meta']
[0.185s] Level 1:colcon.colcon_core.package_identification:_identify(mujoco-3.13.0/sample) by extension 'colcon_meta'
[0.185s] Level 1:colcon.colcon_core.package_identification:_identify(mujoco-3.13.0/sample) by extensions ['ros']
[0.185s] Level 1:colcon.colcon_core.package_identification:_identify(mujoco-3.13.0/sample) by extension 'ros'
[0.185s] Level 1:colcon.colcon_core.package_identification:_identify(mujoco-3.13.0/sample) by extensions ['cmake', 'python']
[0.185s] Level 1:colcon.colcon_core.package_identification:_identify(mujoco-3.13.0/sample) by extension 'cmake'
[0.185s] Level 1:colcon.colcon_core.package_identification:_identify(mujoco-3.13.0/sample) by extension 'python'
[0.185s] Level 1:colcon.colcon_core.package_identification:_identify(mujoco-3.13.0/sample) by extensions ['python_setup_py']
[0.185s] Level 1:colcon.colcon_core.package_identification:_identify(mujoco-3.13.0/sample) by extension 'python_setup_py'
[0.185s] Level 1:colcon.colcon_core.package_identification:_identify(mujoco-3.13.0/sample/cmake) by extensions ['ignore', 'ignore_ament_install']
[0.185s] Level 1:colcon.colcon_core.package_identification:_identify(mujoco-3.13.0/sample/cmake) by extension 'ignore'
[0.185s] Level 1:colcon.colcon_core.package_identification:_identify(mujoco-3.13.0/sample/cmake) by extension 'ignore_ament_install'
[0.185s] Level 1:colcon.colcon_core.package_identification:_identify(mujoco-3.13.0/sample/cmake) by extensions ['colcon_pkg']
[0.185s] Level 1:colcon.colcon_core.package_identification:_identify(mujoco-3.13.0/sample/cmake) by extension 'colcon_pkg'
[0.185s] Level 1:colcon.colcon_core.package_identification:_identify(mujoco-3.13.0/sample/cmake) by extensions ['colcon_meta']
[0.185s] Level 1:colcon.colcon_core.package_identification:_identify(mujoco-3.13.0/sample/cmake) by extension 'colcon_meta'
[0.185s] Level 1:colcon.colcon_core.package_identification:_identify(mujoco-3.13.0/sample/cmake) by extensions ['ros']
[0.185s] Level 1:colcon.colcon_core.package_identification:_identify(mujoco-3.13.0/sample/cmake) by extension 'ros'
[0.185s] Level 1:colcon.colcon_core.package_identification:_identify(mujoco-3.13.0/sample/cmake) by extensions ['cmake', 'python']
[0.185s] Level 1:colcon.colcon_core.package_identification:_identify(mujoco-3.13.0/sample/cmake) by extension 'cmake'
[0.185s] Level 1:colcon.colcon_core.package_identification:_identify(mujoco-3.13.0/sample/cmake) by extension 'python'
[0.185s] Level 1:colcon.colcon_core.package_identification:_identify(mujoco-3.13.0/sample/cmake) by extensions ['python_setup_py']
[0.185s] Level 1:colcon.colcon_core.package_identification:_identify(mujoco-3.13.0/sample/cmake) by extension 'python_setup_py'
[0.185s] Level 1:colcon.colcon_core.package_identification:_identify(mujoco-3.13.0/simulate) by extensions ['ignore', 'ignore_ament_install']
[0.186s] Level 1:colcon.colcon_core.package_identification:_identify(mujoco-3.13.0/simulate) by extension 'ignore'
[0.186s] Level 1:colcon.colcon_core.package_identification:_identify(mujoco-3.13.0/simulate) by extension 'ignore_ament_install'
[0.186s] Level 1:colcon.colcon_core.package_identification:_identify(mujoco-3.13.0/simulate) by extensions ['colcon_pkg']
[0.186s] Level 1:colcon.colcon_core.package_identification:_identify(mujoco-3.13.0/simulate) by extension 'colcon_pkg'
[0.186s] Level 1:colcon.colcon_core.package_identification:_identify(mujoco-3.13.0/simulate) by extensions ['colcon_meta']
[0.186s] Level 1:colcon.colcon_core.package_identification:_identify(mujoco-3.13.0/simulate) by extension 'colcon_meta'
[0.186s] Level 1:colcon.colcon_core.package_identification:_identify(mujoco-3.13.0/simulate) by extensions ['ros']
[0.186s] Level 1:colcon.colcon_core.package_identification:_identify(mujoco-3.13.0/simulate) by extension 'ros'
[0.186s] Level 1:colcon.colcon_core.package_identification:_identify(mujoco-3.13.0/simulate) by extensions ['cmake', 'python']
[0.186s] Level 1:colcon.colcon_core.package_identification:_identify(mujoco-3.13.0/simulate) by extension 'cmake'
[0.186s] Level 1:colcon.colcon_core.package_identification:_identify(mujoco-3.13.0/simulate) by extension 'python'
[0.186s] Level 1:colcon.colcon_core.package_identification:_identify(mujoco-3.13.0/simulate) by extensions ['python_setup_py']
[0.186s] Level 1:colcon.colcon_core.package_identification:_identify(mujoco-3.13.0/simulate) by extension 'python_setup_py'
[0.186s] Level 1:colcon.colcon_core.package_identification:_identify(mujoco-3.13.0/simulate/cmake) by extensions ['ignore', 'ignore_ament_install']
[0.186s] Level 1:colcon.colcon_core.package_identification:_identify(mujoco-3.13.0/simulate/cmake) by extension 'ignore'
[0.186s] Level 1:colcon.colcon_core.package_identification:_identify(mujoco-3.13.0/simulate/cmake) by extension 'ignore_ament_install'
[0.186s] Level 1:colcon.colcon_core.package_identification:_identify(mujoco-3.13.0/simulate/cmake) by extensions ['colcon_pkg']
[0.186s] Level 1:colcon.colcon_core.package_identification:_identify(mujoco-3.13.0/simulate/cmake) by extension 'colcon_pkg'
[0.186s] Level 1:colcon.colcon_core.package_identification:_identify(mujoco-3.13.0/simulate/cmake) by extensions ['colcon_meta']
[0.186s] Level 1:colcon.colcon_core.package_identification:_identify(mujoco-3.13.0/simulate/cmake) by extension 'colcon_meta'
[0.186s] Level 1:colcon.colcon_core.package_identification:_identify(mujoco-3.13.0/simulate/cmake) by extensions ['ros']
[0.186s] Level 1:colcon.colcon_core.package_identification:_identify(mujoco-3.13.0/simulate/cmake) by extension 'ros'
[0.186s] Level 1:colcon.colcon_core.package_identification:_identify(mujoco-3.13.0/simulate/cmake) by extensions ['cmake', 'python']
[0.186s] Level 1:colcon.colcon_core.package_identification:_identify(mujoco-3.13.0/simulate/cmake) by extension 'cmake'
[0.186s] Level 1:colcon.colcon_core.package_identification:_identify(mujoco-3.13.0/simulate/cmake) by extension 'python'
[0.186s] Level 1:colcon.colcon_core.package_identification:_identify(mujoco-3.13.0/simulate/cmake) by extensions ['python_setup_py']
[0.186s] Level 1:colcon.colcon_core.package_identification:_identify(mujoco-3.13.0/simulate/cmake) by extension 'python_setup_py'
[0.186s] Level 1:colcon.colcon_core.package_identification:_identify(mujoco-3.13.0/wasm) by extensions ['ignore', 'ignore_ament_install']
[0.186s] Level 1:colcon.colcon_core.package_identification:_identify(mujoco-3.13.0/wasm) by extension 'ignore'
[0.186s] Level 1:colcon.colcon_core.package_identification:_identify(mujoco-3.13.0/wasm) by extension 'ignore_ament_install'
[0.187s] Level 1:colcon.colcon_core.package_identification:_identify(mujoco-3.13.0/wasm) by extensions ['colcon_pkg']
[0.187s] Level 1:colcon.colcon_core.package_identification:_identify(mujoco-3.13.0/wasm) by extension 'colcon_pkg'
[0.187s] Level 1:colcon.colcon_core.package_identification:_identify(mujoco-3.13.0/wasm) by extensions ['colcon_meta']
[0.187s] Level 1:colcon.colcon_core.package_identification:_identify(mujoco-3.13.0/wasm) by extension 'colcon_meta'
[0.187s] Level 1:colcon.colcon_core.package_identification:_identify(mujoco-3.13.0/wasm) by extensions ['ros']
[0.187s] Level 1:colcon.colcon_core.package_identification:_identify(mujoco-3.13.0/wasm) by extension 'ros'
[0.187s] Level 1:colcon.colcon_core.package_identification:_identify(mujoco-3.13.0/wasm) by extensions ['cmake', 'python']
[0.187s] Level 1:colcon.colcon_core.package_identification:_identify(mujoco-3.13.0/wasm) by extension 'cmake'
[0.187s] Level 1:colcon.colcon_core.package_identification:_identify(mujoco-3.13.0/wasm) by extension 'python'
[0.187s] Level 1:colcon.colcon_core.package_identification:_identify(mujoco-3.13.0/wasm) by extensions ['python_setup_py']
[0.187s] Level 1:colcon.colcon_core.package_identification:_identify(mujoco-3.13.0/wasm) by extension 'python_setup_py'
[0.187s] Level 1:colcon.colcon_core.package_identification:_identify(mujoco-3.13.0/wasm/mt) by extensions ['ignore', 'ignore_ament_install']
[0.187s] Level 1:colcon.colcon_core.package_identification:_identify(mujoco-3.13.0/wasm/mt) by extension 'ignore'
[0.187s] Level 1:colcon.colcon_core.package_identification:_identify(mujoco-3.13.0/wasm/mt) by extension 'ignore_ament_install'
[0.187s] Level 1:colcon.colcon_core.package_identification:_identify(mujoco-3.13.0/wasm/mt) by extensions ['colcon_pkg']
[0.187s] Level 1:colcon.colcon_core.package_identification:_identify(mujoco-3.13.0/wasm/mt) by extension 'colcon_pkg'
[0.187s] Level 1:colcon.colcon_core.package_identification:_identify(mujoco-3.13.0/wasm/mt) by extensions ['colcon_meta']
[0.187s] Level 1:colcon.colcon_core.package_identification:_identify(mujoco-3.13.0/wasm/mt) by extension 'colcon_meta'
[0.187s] Level 1:colcon.colcon_core.package_identification:_identify(mujoco-3.13.0/wasm/mt) by extensions ['ros']
[0.187s] Level 1:colcon.colcon_core.package_identification:_identify(mujoco-3.13.0/wasm/mt) by extension 'ros'
[0.187s] Level 1:colcon.colcon_core.package_identification:_identify(mujoco-3.13.0/wasm/mt) by extensions ['cmake', 'python']
[0.187s] Level 1:colcon.colcon_core.package_identification:_identify(mujoco-3.13.0/wasm/mt) by extension 'cmake'
[0.187s] Level 1:colcon.colcon_core.package_identification:_identify(mujoco-3.13.0/wasm/mt) by extension 'python'
[0.187s] Level 1:colcon.colcon_core.package_identification:_identify(mujoco-3.13.0/wasm/mt) by extensions ['python_setup_py']
[0.187s] Level 1:colcon.colcon_core.package_identification:_identify(mujoco-3.13.0/wasm/mt) by extension 'python_setup_py'
[0.187s] Level 1:colcon.colcon_core.package_identification:_identify(src) by extensions ['ignore', 'ignore_ament_install']
[0.187s] Level 1:colcon.colcon_core.package_identification:_identify(src) by extension 'ignore'
[0.187s] Level 1:colcon.colcon_core.package_identification:_identify(src) by extension 'ignore_ament_install'
[0.187s] Level 1:colcon.colcon_core.package_identification:_identify(src) by extensions ['colcon_pkg']
[0.187s] Level 1:colcon.colcon_core.package_identification:_identify(src) by extension 'colcon_pkg'
[0.187s] Level 1:colcon.colcon_core.package_identification:_identify(src) by extensions ['colcon_meta']
[0.187s] Level 1:colcon.colcon_core.package_identification:_identify(src) by extension 'colcon_meta'
[0.187s] Level 1:colcon.colcon_core.package_identification:_identify(src) by extensions ['ros']
[0.188s] Level 1:colcon.colcon_core.package_identification:_identify(src) by extension 'ros'
[0.188s] Level 1:colcon.colcon_core.package_identification:_identify(src) by extensions ['cmake', 'python']
[0.188s] Level 1:colcon.colcon_core.package_identification:_identify(src) by extension 'cmake'
[0.188s] Level 1:colcon.colcon_core.package_identification:_identify(src) by extension 'python'
[0.188s] Level 1:colcon.colcon_core.package_identification:_identify(src) by extensions ['python_setup_py']
[0.188s] Level 1:colcon.colcon_core.package_identification:_identify(src) by extension 'python_setup_py'
[0.188s] Level 1:colcon.colcon_core.package_identification:_identify(src/mujoco_ros2) by extensions ['ignore', 'ignore_ament_install']
[0.188s] Level 1:colcon.colcon_core.package_identification:_identify(src/mujoco_ros2) by extension 'ignore'
[0.188s] Level 1:colcon.colcon_core.package_identification:_identify(src/mujoco_ros2) by extension 'ignore_ament_install'
[0.188s] Level 1:colcon.colcon_core.package_identification:_identify(src/mujoco_ros2) by extensions ['colcon_pkg']
[0.188s] Level 1:colcon.colcon_core.package_identification:_identify(src/mujoco_ros2) by extension 'colcon_pkg'
[0.188s] Level 1:colcon.colcon_core.package_identification:_identify(src/mujoco_ros2) by extensions ['colcon_meta']
[0.188s] Level 1:colcon.colcon_core.package_identification:_identify(src/mujoco_ros2) by extension 'colcon_meta'
[0.188s] Level 1:colcon.colcon_core.package_identification:_identify(src/mujoco_ros2) by extensions ['ros']
[0.188s] Level 1:colcon.colcon_core.package_identification:_identify(src/mujoco_ros2) by extension 'ros'
[0.191s] DEBUG:colcon.colcon_core.package_identification:Package 'src/mujoco_ros2' with type 'ros.ament_cmake' and name 'mujoco_ros2'
[0.191s] Level 1:colcon.colcon_core.package_discovery:discover_packages(recursive) using defaults
[0.191s] Level 1:colcon.colcon_core.package_discovery:discover_packages(ignore) discover
[0.191s] Level 1:colcon.colcon_core.package_discovery:discover_packages(ignore) using defaults
[0.191s] Level 1:colcon.colcon_core.package_discovery:discover_packages(path) discover
[0.191s] Level 1:colcon.colcon_core.package_discovery:discover_packages(path) using defaults
[0.208s] Level 1:colcon.colcon_core.package_discovery:discover_packages(prefix_path) check parameters
[0.208s] Level 1:colcon.colcon_core.package_discovery:discover_packages(prefix_path) discover
[0.210s] DEBUG:colcon.colcon_installed_package_information.package_discovery:Found 287 installed packages in /opt/ros/jazzy
[0.210s] Level 1:colcon.colcon_core.package_discovery:discover_packages(prefix_path) using defaults
[0.239s] Level 5:colcon.colcon_core.verb:set package 'mujoco_ros2' build argument 'cmake_args' from command line to 'None'
[0.239s] Level 5:colcon.colcon_core.verb:set package 'mujoco_ros2' build argument 'cmake_target' from command line to 'None'
[0.239s] Level 5:colcon.colcon_core.verb:set package 'mujoco_ros2' build argument 'cmake_target_skip_unavailable' from command line to 'False'
[0.239s] Level 5:colcon.colcon_core.verb:set package 'mujoco_ros2' build argument 'cmake_clean_cache' from command line to 'False'
[0.239s] Level 5:colcon.colcon_core.verb:set package 'mujoco_ros2' build argument 'cmake_clean_first' from command line to 'False'
[0.239s] Level 5:colcon.colcon_core.verb:set package 'mujoco_ros2' build argument 'cmake_force_configure' from command line to 'False'
[0.239s] Level 5:colcon.colcon_core.verb:set package 'mujoco_ros2' build argument 'ament_cmake_args' from command line to 'None'
[0.239s] Level 5:colcon.colcon_core.verb:set package 'mujoco_ros2' build argument 'catkin_cmake_args' from command line to 'None'
[0.239s] Level 5:colcon.colcon_core.verb:set package 'mujoco_ros2' build argument 'catkin_skip_building_tests' from command line to 'False'
[0.239s] DEBUG:colcon.colcon_core.verb:Building package 'mujoco_ros2' with the following arguments: {'ament_cmake_args': None, 'build_base': '/home/ahmed/Desktop/Robotics/build/mujoco_ros2', 'catkin_cmake_args': None, 'catkin_skip_building_tests': False, 'cmake_args': None, 'cmake_clean_cache': False, 'cmake_clean_first': False, 'cmake_force_configure': False, 'cmake_target': None, 'cmake_target_skip_unavailable': False, 'install_base': '/home/ahmed/Desktop/Robotics/install/mujoco_ros2', 'merge_install': False, 'path': '/home/ahmed/Desktop/Robotics/src/mujoco_ros2', 'symlink_install': False, 'test_result_base': None}
[0.239s] INFO:colcon.colcon_core.executor:Executing jobs using 'parallel' executor
[0.240s] DEBUG:colcon.colcon_parallel_executor.executor.parallel:run_until_complete
[0.240s] INFO:colcon.colcon_ros.task.ament_cmake.build:Building ROS package in '/home/ahmed/Desktop/Robotics/src/mujoco_ros2' with build type 'ament_cmake'
[0.240s] INFO:colcon.colcon_cmake.task.cmake.build:Building CMake package in '/home/ahmed/Desktop/Robotics/src/mujoco_ros2'
[0.242s] INFO:colcon.colcon_core.plugin_system:Skipping extension 'colcon_core.shell.bat': Not used on non-Windows systems
[0.242s] INFO:colcon.colcon_core.shell:Skip shell extension 'powershell' for command environment: Not usable outside of PowerShell
[0.242s] DEBUG:colcon.colcon_core.shell:Skip shell extension 'dsv' for command environment
[0.249s] DEBUG:colcon.colcon_core.event_handler.log_command:Invoking command in '/home/ahmed/Desktop/Robotics/build/mujoco_ros2': CMAKE_PREFIX_PATH=${CMAKE_PREFIX_PATH}:/opt/ros/jazzy DEBUGINFOD_URLS=https://debuginfod.ubuntu.com /usr/bin/cmake /home/ahmed/Desktop/Robotics/src/mujoco_ros2 -DCMAKE_INSTALL_PREFIX=/home/ahmed/Desktop/Robotics/install/mujoco_ros2
[1.384s] DEBUG:colcon.colcon_core.event_handler.log_command:Invoked command in '/home/ahmed/Desktop/Robotics/build/mujoco_ros2' returned '0': CMAKE_PREFIX_PATH=${CMAKE_PREFIX_PATH}:/opt/ros/jazzy DEBUGINFOD_URLS=https://debuginfod.ubuntu.com /usr/bin/cmake /home/ahmed/Desktop/Robotics/src/mujoco_ros2 -DCMAKE_INSTALL_PREFIX=/home/ahmed/Desktop/Robotics/install/mujoco_ros2
[1.385s] DEBUG:colcon.colcon_core.event_handler.log_command:Invoking command in '/home/ahmed/Desktop/Robotics/build/mujoco_ros2': CMAKE_PREFIX_PATH=${CMAKE_PREFIX_PATH}:/opt/ros/jazzy DEBUGINFOD_URLS=https://debuginfod.ubuntu.com /usr/bin/cmake --build /home/ahmed/Desktop/Robotics/build/mujoco_ros2 -- -j16 -l16
[7.702s] DEBUG:colcon.colcon_core.event_handler.log_command:Invoked command in '/home/ahmed/Desktop/Robotics/build/mujoco_ros2' returned '0': CMAKE_PREFIX_PATH=${CMAKE_PREFIX_PATH}:/opt/ros/jazzy DEBUGINFOD_URLS=https://debuginfod.ubuntu.com /usr/bin/cmake --build /home/ahmed/Desktop/Robotics/build/mujoco_ros2 -- -j16 -l16
[7.711s] DEBUG:colcon.colcon_core.event_handler.log_command:Invoking command in '/home/ahmed/Desktop/Robotics/build/mujoco_ros2': CMAKE_PREFIX_PATH=${CMAKE_PREFIX_PATH}:/opt/ros/jazzy DEBUGINFOD_URLS=https://debuginfod.ubuntu.com /usr/bin/cmake --install /home/ahmed/Desktop/Robotics/build/mujoco_ros2
[7.725s] Level 1:colcon.colcon_core.environment:create_environment_scripts_only(mujoco_ros2)
[7.726s] DEBUG:colcon.colcon_core.event_handler.log_command:Invoked command in '/home/ahmed/Desktop/Robotics/build/mujoco_ros2' returned '0': CMAKE_PREFIX_PATH=${CMAKE_PREFIX_PATH}:/opt/ros/jazzy DEBUGINFOD_URLS=https://debuginfod.ubuntu.com /usr/bin/cmake --install /home/ahmed/Desktop/Robotics/build/mujoco_ros2
[7.728s] Level 1:colcon.colcon_core.environment:checking '/home/ahmed/Desktop/Robotics/install/mujoco_ros2' for CMake module files
[7.728s] Level 1:colcon.colcon_core.environment:checking '/home/ahmed/Desktop/Robotics/install/mujoco_ros2' for CMake config files
[7.728s] Level 1:colcon.colcon_core.shell:create_environment_hook('mujoco_ros2', 'cmake_prefix_path')
[7.728s] INFO:colcon.colcon_core.shell:Creating environment hook '/home/ahmed/Desktop/Robotics/install/mujoco_ros2/share/mujoco_ros2/hook/cmake_prefix_path.ps1'
[7.729s] INFO:colcon.colcon_core.shell:Creating environment descriptor '/home/ahmed/Desktop/Robotics/install/mujoco_ros2/share/mujoco_ros2/hook/cmake_prefix_path.dsv'
[7.729s] INFO:colcon.colcon_core.shell:Creating environment hook '/home/ahmed/Desktop/Robotics/install/mujoco_ros2/share/mujoco_ros2/hook/cmake_prefix_path.sh'
[7.729s] Level 1:colcon.colcon_core.environment:checking '/home/ahmed/Desktop/Robotics/install/mujoco_ros2/lib'
[7.729s] Level 1:colcon.colcon_core.environment:checking '/home/ahmed/Desktop/Robotics/install/mujoco_ros2/bin'
[7.730s] Level 1:colcon.colcon_core.environment:checking '/home/ahmed/Desktop/Robotics/install/mujoco_ros2/lib/pkgconfig/mujoco_ros2.pc'
[7.730s] Level 1:colcon.colcon_core.environment:checking '/home/ahmed/Desktop/Robotics/install/mujoco_ros2/lib/python3.12/site-packages'
[7.730s] Level 1:colcon.colcon_core.environment:checking '/home/ahmed/Desktop/Robotics/install/mujoco_ros2/bin'
[7.730s] INFO:colcon.colcon_core.shell:Creating package script '/home/ahmed/Desktop/Robotics/install/mujoco_ros2/share/mujoco_ros2/package.ps1'
[7.731s] INFO:colcon.colcon_core.shell:Creating package descriptor '/home/ahmed/Desktop/Robotics/install/mujoco_ros2/share/mujoco_ros2/package.dsv'
[7.731s] INFO:colcon.colcon_core.shell:Creating package script '/home/ahmed/Desktop/Robotics/install/mujoco_ros2/share/mujoco_ros2/package.sh'
[7.731s] INFO:colcon.colcon_core.shell:Creating package script '/home/ahmed/Desktop/Robotics/install/mujoco_ros2/share/mujoco_ros2/package.bash'
[7.732s] INFO:colcon.colcon_core.shell:Creating package script '/home/ahmed/Desktop/Robotics/install/mujoco_ros2/share/mujoco_ros2/package.zsh'
[7.732s] Level 1:colcon.colcon_core.environment:create_file_with_runtime_dependencies(/home/ahmed/Desktop/Robotics/install/mujoco_ros2/share/colcon-core/packages/mujoco_ros2)
[7.732s] Level 1:colcon.colcon_core.environment:create_environment_scripts_only(mujoco_ros2)
[7.732s] Level 1:colcon.colcon_core.environment:checking '/home/ahmed/Desktop/Robotics/install/mujoco_ros2' for CMake module files
[7.733s] Level 1:colcon.colcon_core.environment:checking '/home/ahmed/Desktop/Robotics/install/mujoco_ros2' for CMake config files
[7.733s] Level 1:colcon.colcon_core.shell:create_environment_hook('mujoco_ros2', 'cmake_prefix_path')
[7.733s] INFO:colcon.colcon_core.shell:Creating environment hook '/home/ahmed/Desktop/Robotics/install/mujoco_ros2/share/mujoco_ros2/hook/cmake_prefix_path.ps1'
[7.733s] INFO:colcon.colcon_core.shell:Creating environment descriptor '/home/ahmed/Desktop/Robotics/install/mujoco_ros2/share/mujoco_ros2/hook/cmake_prefix_path.dsv'
[7.733s] INFO:colcon.colcon_core.shell:Creating environment hook '/home/ahmed/Desktop/Robotics/install/mujoco_ros2/share/mujoco_ros2/hook/cmake_prefix_path.sh'
[7.734s] Level 1:colcon.colcon_core.environment:checking '/home/ahmed/Desktop/Robotics/install/mujoco_ros2/lib'
[7.734s] Level 1:colcon.colcon_core.environment:checking '/home/ahmed/Desktop/Robotics/install/mujoco_ros2/bin'
[7.734s] Level 1:colcon.colcon_core.environment:checking '/home/ahmed/Desktop/Robotics/install/mujoco_ros2/lib/pkgconfig/mujoco_ros2.pc'
[7.734s] Level 1:colcon.colcon_core.environment:checking '/home/ahmed/Desktop/Robotics/install/mujoco_ros2/lib/python3.12/site-packages'
[7.734s] Level 1:colcon.colcon_core.environment:checking '/home/ahmed/Desktop/Robotics/install/mujoco_ros2/bin'
[7.734s] INFO:colcon.colcon_core.shell:Creating package script '/home/ahmed/Desktop/Robotics/install/mujoco_ros2/share/mujoco_ros2/package.ps1'
[7.735s] INFO:colcon.colcon_core.shell:Creating package descriptor '/home/ahmed/Desktop/Robotics/install/mujoco_ros2/share/mujoco_ros2/package.dsv'
[7.735s] INFO:colcon.colcon_core.shell:Creating package script '/home/ahmed/Desktop/Robotics/install/mujoco_ros2/share/mujoco_ros2/package.sh'
[7.735s] INFO:colcon.colcon_core.shell:Creating package script '/home/ahmed/Desktop/Robotics/install/mujoco_ros2/share/mujoco_ros2/package.bash'
[7.735s] INFO:colcon.colcon_core.shell:Creating package script '/home/ahmed/Desktop/Robotics/install/mujoco_ros2/share/mujoco_ros2/package.zsh'
[7.736s] Level 1:colcon.colcon_core.environment:create_file_with_runtime_dependencies(/home/ahmed/Desktop/Robotics/install/mujoco_ros2/share/colcon-core/packages/mujoco_ros2)
[7.736s] DEBUG:colcon.colcon_parallel_executor.executor.parallel:closing loop
[7.736s] DEBUG:colcon.colcon_parallel_executor.executor.parallel:loop closed
[7.736s] DEBUG:colcon.colcon_parallel_executor.executor.parallel:run_until_complete finished with '0'
[7.736s] DEBUG:colcon.colcon_core.event_reactor:joining thread
[7.740s] INFO:colcon.colcon_core.plugin_system:Skipping extension 'colcon_notification.desktop_notification.terminal_notifier': Not used on non-Darwin systems
[7.740s] INFO:colcon.colcon_core.plugin_system:Skipping extension 'colcon_notification.desktop_notification.win32': Not used on non-Windows systems
[7.740s] INFO:colcon.colcon_notification.desktop_notification:Sending desktop notification using 'notify2'
[7.747s] DEBUG:colcon.colcon_core.event_reactor:joined thread
[7.747s] INFO:colcon.colcon_core.shell:Creating prefix script '/home/ahmed/Desktop/Robotics/install/local_setup.ps1'
[7.748s] INFO:colcon.colcon_core.shell:Creating prefix util module '/home/ahmed/Desktop/Robotics/install/_local_setup_util_ps1.py'
[7.749s] INFO:colcon.colcon_core.shell:Creating prefix chain script '/home/ahmed/Desktop/Robotics/install/setup.ps1'
[7.749s] INFO:colcon.colcon_core.shell:Creating prefix script '/home/ahmed/Desktop/Robotics/install/local_setup.sh'
[7.750s] INFO:colcon.colcon_core.shell:Creating prefix util module '/home/ahmed/Desktop/Robotics/install/_local_setup_util_sh.py'
[7.750s] INFO:colcon.colcon_core.shell:Creating prefix chain script '/home/ahmed/Desktop/Robotics/install/setup.sh'
[7.751s] INFO:colcon.colcon_core.shell:Creating prefix script '/home/ahmed/Desktop/Robotics/install/local_setup.bash'
[7.751s] INFO:colcon.colcon_core.shell:Creating prefix chain script '/home/ahmed/Desktop/Robotics/install/setup.bash'
[7.751s] INFO:colcon.colcon_core.shell:Creating prefix script '/home/ahmed/Desktop/Robotics/install/local_setup.zsh'
[7.751s] INFO:colcon.colcon_core.shell:Creating prefix chain script '/home/ahmed/Desktop/Robotics/install/setup.zsh'
